display_name,location,date,bird_count,detect_high_conf,avg_q_score,refined_label,current_label,top_label,top_confidence,top_5_predictions
IMG_3413.JPG,"13.043136, 80.24567",2024-06-22 17:27:15,1,0.9995991587638855,4.716,Rock Pigeon,Rock Pigeon,Rock Pigeon,0.898,Rock Pigeon (89.80%) | Montagu's Harrier (0.63%) | Eurasian Collared-Dove (0.35%) | Nilgiri Wood-Pigeon (0.20%) | Asian Emerald Dove (0.13%)
IMG_3425.JPG,"13.043136, 80.24567",2024-06-22 17:38:29,8,0.7212929129600525,11.205,,Manual: Rose-ringed Parakeet,,0,
IMG_3426.JPG,"13.043136, 80.24567",2024-06-22 17:38:35,1,0.9943063855171204,6.181,,Manual: Rose-ringed Parakeet,Rose-ringed Parakeet,0.216,Rose-ringed Parakeet (21.63%) | Jerdon's Leafbird (16.35%) | Plum-headed Parakeet (4.44%) | Vernal Hanging-Parrot (1.86%) | Common Babbler (1.70%)
IMG_3427.JPG,"13.043136, 80.24567",2024-06-22 17:38:47,8,0.7494714260101318,10.847,,Manual: Rose-ringed Parakeet,,0,
IMG_3428.JPG,"13.043136, 80.24567",2024-06-22 17:38:52,2,0.9955030083656311,5.469,,Manual: Rose-ringed Parakeet,,0,
IMG_3429.JPG,"13.043136, 80.24567",2024-06-22 17:39:01,7,0.9963189363479614,9.674,,Manual: Rose-ringed Parakeet,,0,
IMG_3430.JPG,"13.043136, 80.24567",2024-06-22 17:39:55,2,0.750541627407074,6.036,,Manual: Rose-ringed Parakeet,,0,
IMG_3431.JPG,"13.043136, 80.24567",2024-06-22 17:39:58,1,0.9553195238113403,5.176,Rose-ringed Parakeet,Rose-ringed Parakeet,Rose-ringed Parakeet,0.597,Rose-ringed Parakeet (59.70%) | Alexandrine Parakeet (4.99%) | Vernal Hanging-Parrot (1.87%) | Plum-headed Parakeet (0.73%) | Painted Sandgrouse (0.48%)
IMG_3446.JPG,No GPS Data,2024-06-22 23:44:09,0,0,0.0,,Manual: Purple-rumped Sunbird,,0,
IMG_3447.JPG,No GPS Data,2024-06-22 23:44:10,0,0,0.0,,Manual: Purple-rumped Sunbird,,0,
IMG_3448.JPG,"12.82376, 80.241815",2024-06-22 23:44:11,2,0.8714030981063843,7.775,,Manual: Purple-rumped Sunbird,,0,
IMG_3451.JPG,No GPS Data,2024-06-22 23:44:19,0,0,0.0,,Manual: Purple-rumped Sunbird,,0,
IMG_3482.JPG,"12.6208582, 80.1933405",2024-06-23 01:48:41,1,0.999442994594574,4.93,,Manual: Wild Turkey,Red Spurfowl,0.051,Red Spurfowl (5.09%) | Nilgiri Wood-Pigeon (4.60%) | Mallard (3.64%) | Steppe Eagle (3.12%) | Red-naped Ibis (3.05%)
IMG_3483.JPG,"12.6208582, 80.1933405",2024-06-23 01:50:29,1,0.9995520710945129,4.896,,Manual: Wild Turkey,Red Junglefowl,0.092,Red Junglefowl (9.15%) | Grey Junglefowl (3.33%) | Slaty-breasted Rail (1.69%) | Nilgiri Wood-Pigeon (1.57%) | Fork-tailed Drongo-Cuckoo (1.45%)
IMG_3485.JPG,"12.6208582, 80.1933405",2024-06-23 01:50:38,2,0.9992552399635315,4.973,,Manual: Wild Turkey,,0,
IMG_3486.JPG,"12.6208582, 80.1933405",2024-06-23 01:50:41,2,0.9648065567016602,4.911,,Manual: Wild Turkey,,0,
IMG_3487.JPG,"12.6208582, 80.1933405",2024-06-23 01:52:23,1,0.9992465972900391,6.082,Common Myna,Common Myna,Common Myna,0.594,Common Myna (59.44%) | Rufous Treepie (11.64%) | Jungle Myna (2.55%) | Crested Serpent-Eagle (1.00%) | Malabar Trogon (0.97%)
IMG_3488.JPG,No GPS Data,2024-06-23 01:52:26,0,0,0.0,,Manual: Common Myna,,0,
IMG_3490.JPG,"12.6208582, 80.1933405",2024-06-23 01:53:04,1,0.9974599480628967,6.008,Common Myna,Common Myna,Common Myna,0.872,Common Myna (87.21%) | Jungle Myna (0.93%) | Yellow-eyed Babbler (0.26%) | White-rumped Shama (0.24%) | Eurasian Moorhen (0.19%)
IMG_3492.JPG,"12.6208582, 80.1933405",2024-06-23 02:14:13,1,0.9940813183784485,4.067,,Manual: Common Myna,Common Myna,0.142,Common Myna (14.19%) | Yellow-eyed Babbler (2.96%) | Brahminy Kite (2.22%) | Lesser Kestrel (1.59%) | Common Hawk-Cuckoo (1.58%)
IMG_3495.JPG,"12.6208582, 80.1933405",2024-06-23 02:14:21,1,0.9980296492576599,4.817,Common Myna,Common Myna,Common Myna,0.395,Common Myna (39.46%) | Northern Shoveler (3.18%) | Bronze-winged Jacana (1.69%) | Yellow-eyed Babbler (1.49%) | Chestnut-tailed Starling (1.44%)
IMG_3501.JPG,"12.6208582, 80.1933405",2024-06-23 02:44:41,1,0.9953081011772156,4.546,Rose-ringed Parakeet,Rose-ringed Parakeet,Rose-ringed Parakeet,0.455,Rose-ringed Parakeet (45.46%) | Alexandrine Parakeet (3.56%) | Jerdon's Leafbird (2.06%) | Plum-headed Parakeet (1.47%) | Vernal Hanging-Parrot (1.08%)
IMG_3504.JPG,"12.6208582, 80.1933405",2024-06-23 02:54:09,1,0.9970552921295166,5.219,Rose-ringed Parakeet,Rose-ringed Parakeet,Rose-ringed Parakeet,0.482,Rose-ringed Parakeet (48.18%) | Jerdon's Leafbird (9.23%) | Vernal Hanging-Parrot (4.13%) | Alexandrine Parakeet (2.30%) | Plum-headed Parakeet (0.74%)
IMG_3506.JPG,"12.6208582, 80.1933405",2024-06-23 02:54:13,1,0.9950469732284546,6.182,Rose-ringed Parakeet,Rose-ringed Parakeet,Rose-ringed Parakeet,0.775,Rose-ringed Parakeet (77.47%) | Alexandrine Parakeet (1.33%) | Vernal Hanging-Parrot (0.99%) | Greater Coucal (0.26%) | Asian Koel (0.25%)
IMG_3507.JPG,"12.6208582, 80.1933405",2024-06-23 02:54:14,1,0.9969674944877625,5.443,Rose-ringed Parakeet,Rose-ringed Parakeet,Rose-ringed Parakeet,0.783,Rose-ringed Parakeet (78.34%) | Vernal Hanging-Parrot (1.26%) | Alexandrine Parakeet (0.86%) | Brown Fish-Owl (0.32%) | Eastern Yellow Wagtail (0.25%)
IMG_3509.JPG,"12.6208582, 80.1933405",2024-06-23 02:54:16,1,0.9959760308265686,5.204,Rose-ringed Parakeet,Rose-ringed Parakeet,Rose-ringed Parakeet,0.589,Rose-ringed Parakeet (58.89%) | Vernal Hanging-Parrot (5.58%) | Alexandrine Parakeet (3.10%) | Jerdon's Leafbird (1.59%) | Malabar Parakeet (0.81%)
IMG_3511.JPG,"12.6208582, 80.1933405",2024-06-23 02:54:19,1,0.998701810836792,4.642,,Manual: Rose-ringed Parakeet,Rose-ringed Parakeet,0.164,Rose-ringed Parakeet (16.43%) | Alexandrine Parakeet (10.18%) | Plum-headed Parakeet (7.21%) | Jerdon's Leafbird (6.42%) | Vernal Hanging-Parrot (2.44%)
IMG_3513.JPG,No GPS Data,2024-06-23 02:54:21,0,0,0.0,,Manual: Rose-ringed Parakeet,,0,
IMG_3516.JPG,"12.6208582, 80.1933405",2024-06-23 04:06:56,1,0.9976276755332947,5.709,White-throated Kingfisher,White-throated Kingfisher,White-throated Kingfisher,0.913,White-throated Kingfisher (91.28%) | Stork-billed Kingfisher (0.52%) | Black-capped Kingfisher (0.23%) | Tricolored Munia (0.14%) | Medium Egret (0.13%)
IMG_3518.JPG,"12.6208582, 80.1933405",2024-06-23 04:07:43,1,0.9989596605300903,6.051,White-throated Kingfisher,White-throated Kingfisher,White-throated Kingfisher,0.811,White-throated Kingfisher (81.13%) | Malabar Whistling-Thrush (1.55%) | Blue-eared Kingfisher (0.57%) | Greater Spotted Eagle (0.45%) | Tricolored Munia (0.41%)
IMG_3523.JPG,"12.6208582, 80.1933405",2024-06-23 04:09:21,1,0.9536351561546326,5.771,Rose-ringed Parakeet,Rose-ringed Parakeet,Rose-ringed Parakeet,0.622,Rose-ringed Parakeet (62.21%) | Alexandrine Parakeet (11.43%) | Vernal Hanging-Parrot (3.09%) | Plum-headed Parakeet (1.80%) | Yellow-crowned Woodpecker (0.31%)
IMG_3525.JPG,"12.6208582, 80.1933405",2024-06-23 04:09:43,1,0.9975559711456299,4.946,Rose-ringed Parakeet,Rose-ringed Parakeet,Rose-ringed Parakeet,0.483,Rose-ringed Parakeet (48.26%) | Vernal Hanging-Parrot (10.97%) | Alexandrine Parakeet (3.54%) | Plum-headed Parakeet (2.29%) | White-cheeked Barbet (0.62%)
IMG_3527.JPG,"12.6208582, 80.1933405",2024-06-23 04:10:06,1,0.9925718903541565,4.833,,Manual: House Crow,Nilgiri Wood-Pigeon,0.142,Nilgiri Wood-Pigeon (14.24%) | Indian Blackbird (4.65%) | Large-billed Crow (4.08%) | Yellow-footed Green Pigeon (3.52%) | House Crow (2.97%)
IMG_3534.JPG,"12.6208582, 80.1933405",2024-06-23 04:12:44,1,0.9986999034881592,5.994,White-throated Kingfisher,White-throated Kingfisher,White-throated Kingfisher,0.618,White-throated Kingfisher (61.75%) | Vigors's Sunbird (2.25%) | Cinnamon Bittern (1.71%) | Blue-eared Kingfisher (0.81%) | Crimson-backed Sunbird (0.67%)
IMG_3537.JPG,"12.6208582, 80.1933405",2024-06-23 04:12:57,1,0.9987910389900208,6.131,White-throated Kingfisher,White-throated Kingfisher,White-throated Kingfisher,0.472,White-throated Kingfisher (47.18%) | Cinnamon Bittern (1.52%) | Knob-billed Duck (1.02%) | Blue-capped Rock-Thrush (1.00%) | White-browed Wagtail (0.96%)
IMG_3542.JPG,"12.6208582, 80.1933405",2024-06-23 05:03:06,1,0.9978175163269043,6.794,,Manual: White-throated Kingfisher,White-throated Kingfisher,0.217,White-throated Kingfisher (21.74%) | Verditer Flycatcher (3.82%) | Malabar Parakeet (3.33%) | Black-capped Kingfisher (3.11%) | Knob-billed Duck (1.45%)
IMG_3544.JPG,"12.6208582, 80.1933405",2024-06-23 05:03:10,1,0.9933684468269348,5.896,,Manual: White-throated Kingfisher,Stork-billed Kingfisher,0.09,Stork-billed Kingfisher (8.97%) | White-throated Kingfisher (6.40%) | Blue-eared Kingfisher (3.72%) | Verditer Flycatcher (2.90%) | Malabar Whistling-Thrush (2.67%)
IMG_3545.JPG,"12.6208582, 80.1933405",2024-06-23 05:03:14,1,0.998570442199707,7.74,,Manual: White-throated Kingfisher,White-throated Kingfisher,0.256,White-throated Kingfisher (25.58%) | Black-capped Kingfisher (9.95%) | Black-backed Dwarf Kingfisher (1.20%) | Stork-billed Kingfisher (0.94%) | Indian Blackbird (0.89%)
IMG_3546.JPG,"12.6208582, 80.1933405",2024-06-23 05:03:15,1,0.987737774848938,7.418,White-throated Kingfisher,White-throated Kingfisher,White-throated Kingfisher,0.642,White-throated Kingfisher (64.20%) | Malabar Whistling-Thrush (2.54%) | Black-capped Kingfisher (1.04%) | Blue-eared Kingfisher (0.69%) | Stork-billed Kingfisher (0.62%)
IMG_3549.JPG,"12.6208582, 80.1933405",2024-06-23 15:59:37,1,0.9975478053092957,6.228,,Manual: Black Drongo,Black Drongo,0.243,Black Drongo (24.31%) | Ashy Drongo (4.01%) | Purple Sunbird (3.13%) | Square-tailed Bulbul (2.21%) | Pheasant-tailed Jacana (2.01%)
IMG_3551.JPG,"12.6208582, 80.1933405",2024-06-23 15:59:50,2,0.9940999150276184,5.963,,,,0,
IMG_3557.JPG,"12.6208582, 80.1933405",2024-06-23 16:10:08,1,0.998445451259613,5.671,Common Myna,Common Myna,Common Myna,0.495,Common Myna (49.53%) | Jungle Myna (2.60%) | Brown-breasted Flycatcher (1.80%) | Yellow-eyed Babbler (1.11%) | Little Heron (0.99%)
IMG_3559.JPG,"12.6208582, 80.1933405",2024-06-23 16:12:44,3,0.9980792999267578,7.021,,Manual: Ashy Woodswallow,,0,
IMG_3560.JPG,"12.6208582, 80.1933405",2024-06-23 16:12:46,2,0.9950798749923706,6.891,,Manual: Ashy Woodswallow,,0,
IMG_3562.JPG,"12.6208582, 80.1933405",2024-06-23 16:12:49,2,0.995364785194397,7.515,,Manual: Ashy Woodswallow,,0,
IMG_3563.JPG,"12.6208582, 80.1933405",2024-06-23 16:12:52,2,0.9994683861732483,5.542,,Manual: Ashy Woodswallow,,0,
IMG_3564.JPG,"12.6208582, 80.1933405",2024-06-23 16:12:54,1,0.9983147382736206,7.065,,Manual: Ashy Woodswallow,Purple Sunbird,0.06,Purple Sunbird (5.99%) | Western Reef Heron (4.62%) | White-breasted Waterhen (4.37%) | Laughing Dove (4.07%) | Large-billed Crow (2.09%)
IMG_3565.JPG,"12.6208582, 80.1933405",2024-06-23 16:12:55,1,0.9959896206855774,6.238,,Manual: Ashy Woodswallow,Ashy Woodswallow,0.143,Ashy Woodswallow (14.26%) | House Crow (8.42%) | Peregrine Falcon (7.49%) | Dusky Crag-Martin (3.17%) | Eastern Red-rumped Swallow (2.84%)
IMG_3567.JPG,"12.6208582, 80.1933405",2024-06-23 16:12:59,1,0.9937875270843506,6.35,,Manual: Ashy Woodswallow,Ashy Woodswallow,0.035,Ashy Woodswallow (3.46%) | Eastern Red-rumped Swallow (2.55%) | Tickell's Blue Flycatcher (2.43%) | Small Minivet (1.79%) | Peregrine Falcon (1.71%)
IMG_3568.JPG,"12.6208582, 80.1933405",2024-06-23 16:13:06,1,0.9994783997535706,6.533,,Manual: Ashy Woodswallow,Ashy Woodswallow,0.152,Ashy Woodswallow (15.19%) | House Crow (3.70%) | Indian Cuckooshrike (2.82%) | Shikra (2.49%) | Grey Junglefowl (1.64%)
IMG_3569.JPG,"12.6208582, 80.1933405",2024-06-23 16:13:07,1,0.9977066516876221,6.766,,Manual: Ashy Woodswallow,Ashy Woodswallow,0.06,Ashy Woodswallow (5.96%) | House Crow (4.11%) | Laughing Dove (3.42%) | Small Minivet (2.52%) | Yellow-footed Green Pigeon (2.46%)
IMG_3570.JPG,"12.6208582, 80.1933405",2024-06-23 16:13:21,1,0.9969993829727173,3.879,,Manual: Ashy Woodswallow,Purple Sunbird,0.056,Purple Sunbird (5.56%) | Ruddy-breasted Crake (3.78%) | Jungle Myna (2.68%) | Ashy Woodswallow (2.03%) | House Crow (1.58%)
IMG_3571.JPG,"12.6208582, 80.1933405",2024-06-23 16:15:24,1,0.9955671429634094,6.617,,Manual: Ashy Woodswallow,House Crow,0.115,House Crow (11.53%) | Ashy Woodswallow (8.84%) | Common Cuckoo (2.19%) | Black-headed Cuckooshrike (1.52%) | Dusky Crag-Martin (1.42%)
IMG_3573.JPG,"12.6208582, 80.1933405",2024-06-23 16:15:27,1,0.9886453151702881,6.783,,Manual: Ashy Woodswallow,House Crow,0.082,House Crow (8.21%) | Coppersmith Barbet (3.57%) | Large-billed Crow (3.20%) | White-naped Woodpecker (2.73%) | Little Swift (2.58%)
IMG_3574.JPG,No GPS Data,2024-06-23 16:15:31,0,0,0.0,,Manual: Ashy Woodswallow,,0,
IMG_3576.JPG,"12.6208582, 80.1933405",2024-06-23 16:15:38,1,0.9979885816574097,5.925,,Manual: Ashy Woodswallow,House Crow,0.168,House Crow (16.79%) | Pale-billed Flowerpecker (3.62%) | Little Swift (2.95%) | Dusky Crag-Martin (2.37%) | Thick-billed Flowerpecker (1.93%)
IMG_3577.JPG,"12.6208582, 80.1933405",2024-06-23 16:15:41,1,0.9967629909515381,6.094,,Manual: Ashy Woodswallow,Ashy Woodswallow,0.031,Ashy Woodswallow (3.07%) | Golden-fronted Leafbird (2.96%) | House Crow (2.33%) | Orange-headed Thrush (2.19%) | Blue-cheeked Bee-eater (2.19%)
IMG_3578.JPG,"12.6208582, 80.1933405",2024-06-23 16:15:42,1,0.9972326159477234,6.884,,Manual: Ashy Woodswallow,Ashy Woodswallow,0.111,Ashy Woodswallow (11.13%) | Thick-billed Flowerpecker (11.09%) | House Crow (3.28%) | Golden-fronted Leafbird (2.34%) | Purple Sunbird (2.27%)
IMG_3595.JPG,"12.6208582, 80.1933405",2024-06-23 16:19:20,1,0.9959633350372314,7.021,,Manual: Ashy Woodswallow,Ashy Woodswallow,0.068,Ashy Woodswallow (6.82%) | Wire-tailed Swallow (6.53%) | Oriental Magpie-Robin (3.40%) | Imperial Eagle (2.74%) | Purple-rumped Sunbird (2.70%)
IMG_3596.JPG,"12.6208582, 80.1933405",2024-06-23 16:19:24,1,0.9985827207565308,6.854,,Manual: Ashy Woodswallow,Nilgiri Flowerpecker,0.148,Nilgiri Flowerpecker (14.78%) | Ashy Woodswallow (8.86%) | Thick-billed Flowerpecker (5.50%) | Wire-tailed Swallow (2.57%) | Lesser Whitethroat (2.36%)
IMG_3598.JPG,"12.6208582, 80.1933405",2024-06-23 16:23:37,1,0.8390960693359375,7.292,,Manual: Ashy Woodswallow,Nilgiri Flowerpecker,0.066,Nilgiri Flowerpecker (6.58%) | Lesser Whitethroat (4.52%) | Eurasian Collared-Dove (3.40%) | Black-rumped Flameback (3.18%) | Indian Silverbill (2.84%)
IMG_3599.JPG,"12.6208582, 80.1933405",2024-06-23 16:23:40,1,0.9683158993721008,6.997,,Manual: Ashy Woodswallow,Indian Silverbill,0.093,Indian Silverbill (9.31%) | Black-rumped Flameback (5.53%) | Indian Grey Hornbill (4.57%) | Nilgiri Flowerpecker (3.17%) | Indian White-eye (3.06%)
IMG_3600.JPG,"12.6208582, 80.1933405",2024-06-23 16:23:43,1,0.9938746094703674,6.839,,Manual: Ashy Woodswallow,Black-rumped Flameback,0.057,Black-rumped Flameback (5.74%) | Nilgiri Flowerpecker (5.46%) | Yellow-throated Sparrow (2.95%) | Indian Silverbill (1.97%) | Black-headed Cuckooshrike (1.91%)
IMG_3601.JPG,No GPS Data,2024-06-23 16:24:04,0,0,0.0,,Manual: Ashy Woodswallow,,0,
IMG_3605.JPG,"12.6208582, 80.1933405",2024-06-23 16:24:43,1,0.725906491279602,6.523,,Manual: Ashy Woodswallow,Ashy Woodswallow,0.068,Ashy Woodswallow (6.80%) | Dusky Crag-Martin (3.70%) | House Crow (3.50%) | Taiga Flycatcher (3.15%) | Indian Silverbill (3.10%)
IMG_3606.JPG,"12.6208582, 80.1933405",2024-06-23 16:24:45,1,0.9987238049507141,4.404,,Manual: Ashy Woodswallow,Indian Cuckooshrike,0.09,Indian Cuckooshrike (8.97%) | House Crow (6.28%) | Taiga Flycatcher (5.56%) | Black-headed Cuckooshrike (2.42%) | Common Cuckoo (2.42%)
IMG_3607.JPG,"12.6208582, 80.1933405",2024-06-23 16:24:48,1,0.9961681962013245,3.89,,,Ashy Woodswallow,0.24,Ashy Woodswallow (23.97%) | House Crow (8.88%) | Indian Grey Hornbill (5.31%) | Indian Cuckooshrike (3.45%) | Nilgiri Flowerpecker (1.93%)
IMG_3608.JPG,"12.6208582, 80.1933405",2024-06-23 16:25:03,1,0.9983168840408325,4.004,,Manual: Ashy Woodswallow,Lesser Whitethroat,0.112,Lesser Whitethroat (11.18%) | White-bellied Sea-Eagle (4.73%) | Yellow-throated Sparrow (4.22%) | Nilgiri Flowerpecker (3.92%) | Common Chiffchaff (3.48%)
IMG_3609.JPG,"12.6208582, 80.1933405",2024-06-23 16:25:09,1,0.9884363412857056,3.835,,Manual: Ashy Woodswallow,Nilgiri Flowerpecker,0.077,Nilgiri Flowerpecker (7.67%) | Indian Cuckooshrike (4.72%) | White-eared Bulbul (4.53%) | Lesser Whitethroat (3.81%) | Indian Grey Hornbill (3.75%)
IMG_3610.JPG,"12.6208582, 80.1933405",2024-06-23 16:25:12,1,0.9946170449256897,3.488,,Manual: Ashy Woodswallow,Indian Cuckooshrike,0.174,Indian Cuckooshrike (17.35%) | Lesser Whitethroat (4.26%) | Streak-throated Swallow (2.63%) | Black-headed Cuckooshrike (2.47%) | Eurasian Collared-Dove (2.29%)
IMG_3611.JPG,"12.6208582, 80.1933405",2024-06-23 16:25:36,1,0.9758247137069702,4.723,,Manual: Ashy Woodswallow,Ashy Woodswallow,0.133,Ashy Woodswallow (13.29%) | Chestnut-tailed Starling (4.38%) | Long-tailed Shrike (2.77%) | Lesser Kestrel (2.47%) | Common Babbler (2.05%)
IMG_3612.JPG,"12.6208582, 80.1933405",2024-06-23 16:25:36,1,0.9993104934692383,5.51,Ashy Woodswallow,Ashy Woodswallow,Ashy Woodswallow,0.49,Ashy Woodswallow (49.04%) | Indian Pied Starling (3.13%) | White-rumped Munia (2.31%) | Thick-billed Flowerpecker (2.22%) | Rosy Starling (1.57%)
IMG_3613.JPG,"12.6208582, 80.1933405",2024-06-23 16:25:38,1,0.9993165731430054,4.581,,Manual: Ashy Woodswallow,House Crow,0.124,House Crow (12.37%) | Ashy Woodswallow (8.16%) | White-bellied Sea-Eagle (5.69%) | Jungle Myna (5.03%) | Indian Pied Starling (3.99%)
IMG_3614.JPG,"12.6208582, 80.1933405",2024-06-23 16:25:41,1,0.9985843896865845,5.49,,Manual: Ashy Woodswallow,White-bellied Sea-Eagle,0.117,White-bellied Sea-Eagle (11.71%) | Indian Pied Starling (6.78%) | House Crow (5.39%) | Jungle Myna (4.26%) | Black-crowned Night Heron (3.41%)
IMG_3615.JPG,"12.6208582, 80.1933405",2024-06-23 16:25:49,1,0.9995519518852234,4.847,,Manual: Ashy Woodswallow,Ashy Woodswallow,0.162,Ashy Woodswallow (16.17%) | White-bellied Sea-Eagle (10.62%) | Indian Pied Starling (7.26%) | Black-crowned Night Heron (2.18%) | House Crow (2.17%)
IMG_3616.JPG,"12.6208582, 80.1933405",2024-06-23 16:26:11,1,0.9992687106132507,4.866,,Manual: Ashy Woodswallow,White-bellied Sea-Eagle,0.058,White-bellied Sea-Eagle (5.82%) | Wire-tailed Swallow (5.37%) | Dusky Crag-Martin (4.23%) | Ashy Woodswallow (3.86%) | Bonelli's Eagle (2.94%)
IMG_3618.JPG,"12.6208582, 80.1933405",2024-06-23 16:26:41,1,0.999458372592926,5.02,,Manual: Ashy Woodswallow,Ashy Woodswallow,0.265,Ashy Woodswallow (26.48%) | Eurasian Crag-Martin (5.26%) | Greater Short-toed Lark (1.78%) | Rosy Starling (1.69%) | Red-vented Bulbul (1.49%)
IMG_3623.JPG,"12.6208582, 80.1933405",2024-06-23 16:31:04,1,0.9995392560958862,7.275,,Manual: Ashy Woodswallow,Dusky Crag-Martin,0.145,Dusky Crag-Martin (14.55%) | Streak-throated Swallow (6.82%) | Ashy Woodswallow (4.52%) | Yellow-wattled Lapwing (3.13%) | Purple Sunbird (2.41%)
IMG_3633.JPG,"12.6208582, 80.1933405",2024-06-23 16:39:31,1,0.9991074204444885,6.337,Ashy Woodswallow,Ashy Woodswallow,Thick-billed Flowerpecker,0.346,Thick-billed Flowerpecker (34.64%) | Laughing Dove (4.27%) | Ashy Woodswallow (2.99%) | Large Grey Babbler (1.95%) | Indian Silverbill (1.75%)
IMG_3636.JPG,"12.6208582, 80.1933405",2024-06-23 16:40:10,1,0.9955269694328308,6.892,,Manual: Ashy Woodswallow,Ashy Woodswallow,0.187,Ashy Woodswallow (18.69%) | House Crow (11.73%) | Indian Blackbird (5.61%) | Indian Grey Hornbill (2.21%) | Shikra (1.82%)
IMG_3637.JPG,"12.6208582, 80.1933405",2024-06-23 16:40:17,1,0.9971912503242493,5.973,,Manual: Ashy Woodswallow,Ashy Woodswallow,0.192,Ashy Woodswallow (19.15%) | Laughing Dove (6.42%) | Eurasian Collared-Dove (6.29%) | House Crow (3.40%) | Lesser Whitethroat (3.23%)
IMG_3638.JPG,"12.6208582, 80.1933405",2024-06-23 16:40:21,1,0.9696553945541382,6.534,Ashy Woodswallow,Ashy Woodswallow,Ashy Woodswallow,0.368,Ashy Woodswallow (36.82%) | House Crow (3.62%) | Chestnut-tailed Starling (3.42%) | Black Drongo (1.90%) | Plum-headed Parakeet (1.63%)
IMG_3639.JPG,"12.6208582, 80.1933405",2024-06-23 16:40:24,1,0.8935606479644775,7.121,,Manual: Ashy Woodswallow,Ashy Woodswallow,0.195,Ashy Woodswallow (19.52%) | House Crow (8.51%) | Dusky Crag-Martin (3.00%) | Nilgiri Flowerpecker (2.65%) | Peregrine Falcon (2.25%)
IMG_3640.JPG,"12.6208582, 80.1933405",2024-06-23 16:40:26,1,0.995976984500885,6.781,,Manual: Ashy Woodswallow,Ashy Woodswallow,0.085,Ashy Woodswallow (8.46%) | House Crow (3.49%) | Dusky Crag-Martin (1.98%) | Eastern Red-rumped Swallow (1.97%) | Taiga Flycatcher (1.72%)
IMG_3641.JPG,"12.6208582, 80.1933405",2024-06-23 16:40:27,1,0.9981629252433777,6.48,,Manual: Ashy Woodswallow,Ashy Woodswallow,0.24,Ashy Woodswallow (24.02%) | Peregrine Falcon (8.77%) | Dusky Crag-Martin (5.77%) | House Crow (3.76%) | Barn Swallow (3.49%)
IMG_3642.JPG,"12.6208582, 80.1933405",2024-06-23 16:40:43,1,0.9993588328361511,5.283,,Manual: Ashy Woodswallow,Ashy Woodswallow,0.234,Ashy Woodswallow (23.36%) | Common Woodshrike (3.96%) | Oriental Magpie-Robin (2.22%) | Crested Treeswift (1.84%) | Small Minivet (1.38%)
IMG_3643.JPG,"12.6208582, 80.1933405",2024-06-23 16:40:45,1,0.9970518350601196,6.082,,Manual: Ashy Woodswallow,Laughing Dove,0.187,Laughing Dove (18.73%) | Thick-billed Flowerpecker (4.46%) | Ashy Woodswallow (3.05%) | Dusky Crag-Martin (2.58%) | Nilgiri Wood-Pigeon (1.83%)
IMG_3644.JPG,"12.6208582, 80.1933405",2024-06-23 16:40:48,1,0.9546908736228943,8.92,,Manual: Ashy Woodswallow,Ruddy Turnstone,0.046,Ruddy Turnstone (4.58%) | Western Reef Heron (3.97%) | Black Drongo (3.84%) | Gray-headed Fish-Eagle (2.90%) | Dusky Crag-Martin (2.63%)
IMG_3645.JPG,"12.6208582, 80.1933405",2024-06-23 16:41:00,1,0.9981829524040222,6.791,Ashy Woodswallow,Ashy Woodswallow,Ashy Woodswallow,0.342,Ashy Woodswallow (34.18%) | Thick-billed Flowerpecker (4.43%) | White-rumped Munia (3.06%) | Indian Silverbill (2.03%) | Indian Cuckooshrike (1.94%)
IMG_3646.JPG,"12.6208582, 80.1933405",2024-06-23 16:41:03,1,0.9987253546714783,5.998,,Manual: Ashy Woodswallow,Ashy Woodswallow,0.186,Ashy Woodswallow (18.61%) | Indian Cuckooshrike (7.63%) | Thick-billed Flowerpecker (6.64%) | Laughing Dove (3.96%) | White-rumped Munia (2.71%)
IMG_3647.JPG,"12.6208582, 80.1933405",2024-06-23 17:24:44,1,0.9959468245506287,4.41,,Manual: Black Drongo,Nilgiri Wood-Pigeon,0.042,Nilgiri Wood-Pigeon (4.15%) | Blue-faced Malkoha (3.58%) | Malabar Whistling-Thrush (3.08%) | Ashy Drongo (2.51%) | Brown Rock Chat (2.13%)
IMG_3740.JPG,"12.6208582, 80.1933405",2024-06-23 21:13:44,1,0.9994770884513855,5.991,Asian Green Bee-eater,Asian Green Bee-eater,Asian Green Bee-eater,0.552,Asian Green Bee-eater (55.22%) | Chestnut-headed Bee-eater (6.78%) | Blue-tailed Bee-eater (3.74%) | European Roller (1.38%) | Blue-cheeked Bee-eater (0.45%)
IMG_3742.JPG,"12.6208582, 80.1933405",2024-06-23 21:13:47,1,0.9974410533905029,8.858,,Manual: Asian Green Bee-eater,Asian Green Bee-eater,0.183,Asian Green Bee-eater (18.32%) | Chestnut-headed Bee-eater (13.67%) | Blue-tailed Bee-eater (5.37%) | European Roller (1.38%) | Laughing Dove (0.79%)
IMG_3743.JPG,"12.6208582, 80.1933405",2024-06-23 21:13:49,1,0.9994927644729614,6.022,Asian Green Bee-eater,Asian Green Bee-eater,Asian Green Bee-eater,0.423,Asian Green Bee-eater (42.29%) | Chestnut-headed Bee-eater (8.31%) | Blue-tailed Bee-eater (4.95%) | European Roller (1.40%) | Gray-breasted Prinia (0.82%)
IMG_3744.JPG,"12.6208582, 80.1933405",2024-06-23 21:13:50,1,0.9971423745155334,7.535,,Manual: Asian Green Bee-eater,Chestnut-headed Bee-eater,0.104,Chestnut-headed Bee-eater (10.45%) | Blue-tailed Bee-eater (9.37%) | Asian Green Bee-eater (7.68%) | European Roller (3.81%) | Jerdon's Leafbird (1.47%)
IMG_3745.JPG,"12.6208582, 80.1933405",2024-06-23 21:14:06,1,0.9973010420799255,7.385,Asian Green Bee-eater,Asian Green Bee-eater,Asian Green Bee-eater,0.372,Asian Green Bee-eater (37.16%) | Chestnut-headed Bee-eater (5.92%) | Blue-tailed Bee-eater (3.11%) | European Roller (1.98%) | Gray-breasted Prinia (0.93%)
IMG_3746.JPG,"12.6208582, 80.1933405",2024-06-23 21:14:08,1,0.9987982511520386,7.417,Asian Green Bee-eater,Asian Green Bee-eater,Asian Green Bee-eater,0.414,Asian Green Bee-eater (41.43%) | Chestnut-headed Bee-eater (6.99%) | Blue-tailed Bee-eater (2.81%) | European Roller (1.39%) | Gray-breasted Prinia (1.11%)
IMG_3761.JPG,"12.6208582, 80.1933405",2024-06-23 21:16:36,1,0.9987088441848755,6.734,,Manual: Asian Green Bee-eater,Asian Green Bee-eater,0.147,Asian Green Bee-eater (14.73%) | Blue-tailed Bee-eater (11.36%) | European Roller (5.16%) | Chestnut-headed Bee-eater (1.92%) | Rose-ringed Parakeet (1.88%)
IMG_3762.JPG,"12.6208582, 80.1933405",2024-06-23 21:16:38,1,0.9980369210243225,6.588,Asian Green Bee-eater,Asian Green Bee-eater,Asian Green Bee-eater,0.54,Asian Green Bee-eater (53.96%) | Lesser Whitethroat (1.70%) | Chestnut-headed Bee-eater (1.51%) | Blue-tailed Bee-eater (1.19%) | Gray-breasted Prinia (0.89%)
IMG_3763.JPG,"12.6208582, 80.1933405",2024-06-23 21:16:39,1,0.9986257553100586,6.282,Asian Green Bee-eater,Asian Green Bee-eater,Asian Green Bee-eater,0.391,Asian Green Bee-eater (39.14%) | European Roller (3.01%) | Blue-cheeked Bee-eater (2.14%) | Blue-tailed Bee-eater (1.96%) | Chestnut-headed Bee-eater (1.74%)
IMG_3766.JPG,"12.6208582, 80.1933405",2024-06-23 21:27:45,1,0.9987627267837524,5.476,,Manual: Common Myna,Laughing Dove,0.054,Laughing Dove (5.43%) | Yellow-footed Green Pigeon (5.38%) | Common Myna (3.58%) | Red Collared-Dove (2.32%) | Jungle Myna (2.06%)
IMG_3769.JPG,"12.6208582, 80.1933405",2024-06-23 21:41:12,1,0.9905110001564026,5.928,,Manual: Asian Green Bee-eater,Blue-tailed Bee-eater,0.275,Blue-tailed Bee-eater (27.48%) | Asian Green Bee-eater (18.40%) | Chestnut-headed Bee-eater (3.89%) | Coppersmith Barbet (1.49%) | Blue-cheeked Bee-eater (1.18%)
IMG_3770.JPG,"12.6208582, 80.1933405",2024-06-23 21:41:15,2,0.731553852558136,15.471,,Manual: Asian Green Bee-eater,,0,
IMG_3771.JPG,"12.6208582, 80.1933405",2024-06-23 21:41:17,1,0.9967504739761353,6.599,Asian Green Bee-eater,Asian Green Bee-eater,Asian Green Bee-eater,0.493,Asian Green Bee-eater (49.28%) | European Roller (3.55%) | Blue-tailed Bee-eater (3.32%) | Blue-cheeked Bee-eater (2.73%) | Rose-ringed Parakeet (1.58%)
IMG_3772.JPG,"12.6208582, 80.1933405",2024-06-23 21:41:19,1,0.9995996356010437,5.781,,Manual: Asian Green Bee-eater,Asian Green Bee-eater,0.308,Asian Green Bee-eater (30.81%) | European Roller (10.02%) | Blue-tailed Bee-eater (7.54%) | White-cheeked Barbet (1.42%) | Blue-cheeked Bee-eater (1.23%)
IMG_3773.JPG,"12.6208582, 80.1933405",2024-06-23 21:41:19,1,0.999518871307373,5.871,,Manual: Asian Green Bee-eater,Blue-tailed Bee-eater,0.071,Blue-tailed Bee-eater (7.11%) | European Roller (6.27%) | Pale-billed Flowerpecker (4.23%) | Asian Green Bee-eater (3.34%) | Brown-headed Barbet (2.44%)
IMG_3774.JPG,"12.6208582, 80.1933405",2024-06-23 21:41:20,1,0.9939393997192383,7.114,Asian Green Bee-eater,Asian Green Bee-eater,Asian Green Bee-eater,0.467,Asian Green Bee-eater (46.69%) | European Roller (2.85%) | Chestnut-headed Bee-eater (1.70%) | Purple Heron (1.61%) | Blue-cheeked Bee-eater (1.59%)
IMG_3775.JPG,"12.6208582, 80.1933405",2024-06-23 21:41:21,1,0.9993508458137512,5.857,,Manual: Asian Green Bee-eater,Asian Green Bee-eater,0.104,Asian Green Bee-eater (10.37%) | Chestnut-headed Bee-eater (3.13%) | European Roller (2.08%) | Eastern Barn Owl (2.07%) | White-naped Woodpecker (1.82%)
IMG_3776.JPG,"12.6208582, 80.1933405",2024-06-23 21:41:21,1,0.99880051612854,7.198,,Manual: Asian Green Bee-eater,Blue-tailed Bee-eater,0.103,Blue-tailed Bee-eater (10.35%) | Asian Green Bee-eater (9.95%) | European Roller (9.58%) | Chestnut-headed Bee-eater (6.91%) | Laughing Dove (2.54%)
IMG_3777.JPG,"12.6208582, 80.1933405",2024-06-23 21:41:21,1,0.998256504535675,7.113,,Manual: Asian Green Bee-eater,European Roller,0.209,European Roller (20.86%) | Asian Green Bee-eater (9.28%) | Blue-tailed Bee-eater (5.42%) | Blue-cheeked Bee-eater (2.82%) | Vernal Hanging-Parrot (1.64%)
IMG_3784.JPG,"12.545455, 79.855488",2024-06-24 01:47:12,2,0.9668038487434387,4.596,,Manual: Spot-billed Pelican,,0,
IMG_3788.JPG,"12.545455, 79.855488",2024-06-24 01:47:40,1,0.9994718432426453,4.122,Grey Heron,Grey Heron,Grey Heron,0.404,Grey Heron (40.41%) | Black-crowned Night Heron (2.44%) | Purple Heron (2.31%) | Indian Vulture (1.70%) | White-bellied Sea-Eagle (1.66%)
IMG_3792.JPG,"12.545455, 79.855488",2024-06-24 01:48:21,5,0.8714957237243652,3.866,,Manual: Painted Stork,,0,
IMG_3795.JPG,"12.545455, 79.855488",2024-06-24 01:48:34,1,0.9992293119430542,3.903,Painted Stork,Painted Stork,Painted Stork,0.411,Painted Stork (41.13%) | Osprey (1.29%) | Oriental Magpie-Robin (1.24%) | Crested Treeswift (1.19%) | Amur Falcon (1.07%)
IMG_3797.JPG,"12.545455, 79.855488",2024-06-24 01:48:37,1,0.9993683695793152,5.426,Painted Stork,Painted Stork,Painted Stork,0.837,Painted Stork (83.71%) | Lesser Adjutant (0.42%) | Red-naped Ibis (0.40%) | Oriental Darter (0.33%) | Nilgiri Flowerpecker (0.28%)
IMG_3799.JPG,"12.545455, 79.855488",2024-06-24 01:48:53,3,0.996746301651001,4.561,,,,0,
IMG_3800.JPG,"12.545455, 79.855488",2024-06-24 01:49:16,1,0.9981526732444763,4.589,,Manual: Painted Stork,Painted Stork,0.141,Painted Stork (14.10%) | Asian Openbill (13.50%) | Booted Eagle (2.87%) | Gray-headed Fish-Eagle (1.43%) | Red-naped Ibis (1.15%)
IMG_3801.JPG,"12.545455, 79.855488",2024-06-24 01:49:18,1,0.999112069606781,4.74,Painted Stork,Painted Stork,Painted Stork,0.415,Painted Stork (41.53%) | Lesser Adjutant (2.76%) | Asian Openbill (2.14%) | Asian Woolly-necked Stork (0.91%) | Booted Eagle (0.89%)
IMG_3803.JPG,No GPS Data,2024-06-24 01:50:42,0,0,0.0,,Manual: Asian Openbill,,0,
IMG_3810.JPG,"12.545455, 79.855488",2024-06-24 01:51:34,2,0.9892095923423767,2.904,,,,0,
IMG_3817.JPG,"12.545455, 79.855488",2024-06-24 01:52:53,1,0.9995688796043396,6.591,Painted Stork,Painted Stork,Painted Stork,0.389,Painted Stork (38.87%) | Asian Openbill (2.61%) | White-rumped Vulture (1.58%) | Eastern Red-rumped Swallow (1.39%) | Great Cormorant (1.30%)
IMG_3820.JPG,"12.545455, 79.855488",2024-06-24 01:53:52,1,0.9984229803085327,4.696,Painted Stork,Painted Stork,Painted Stork,0.35,Painted Stork (34.96%) | Oriental Darter (2.56%) | Indian Pied Starling (1.82%) | Great Hornbill (1.56%) | White-bellied Sea-Eagle (1.16%)
IMG_3822.JPG,"12.545455, 79.855488",2024-06-24 01:54:08,1,0.9992009997367859,2.807,Painted Stork,Painted Stork,Painted Stork,0.416,Painted Stork (41.59%) | Black Stork (3.72%) | Lesser Adjutant (1.32%) | Indian Stone-curlew (1.20%) | Jungle Myna (1.01%)
IMG_3828.JPG,"12.545455, 79.855488",2024-06-24 01:54:35,1,0.997143566608429,3.885,Painted Stork,Painted Stork,Painted Stork,0.357,Painted Stork (35.71%) | Lesser Flamingo (2.56%) | Grey Heron (1.15%) | Green Imperial Pigeon (1.15%) | Lesser Adjutant (1.03%)
IMG_3829.JPG,No GPS Data,2024-06-24 01:55:05,0,0,0.0,,,,0,
IMG_3830.JPG,"12.545455, 79.855488",2024-06-24 01:55:58,7,0.9959143996238708,3.448,,,,0,
IMG_3832.JPG,"12.545455, 79.855488",2024-06-24 01:56:04,7,0.9912055134773254,3.719,,,,0,
IMG_3835.JPG,"12.545455, 79.855488",2024-06-24 01:57:50,9,0.9977612495422363,3.984,,,,0,
IMG_3840.JPG,"12.545455, 79.855488",2024-06-24 02:00:04,2,0.9985085129737854,4.292,,,,0,
IMG_3845.JPG,"12.545455, 79.855488",2024-06-24 02:02:09,5,0.8054133653640747,6.557,,,,0,
IMG_3847.JPG,"12.545455, 79.855488",2024-06-24 02:02:29,1,0.998416543006897,4.055,Oriental Darter,Oriental Darter,Oriental Darter,0.71,Oriental Darter (70.98%) | Indian Cormorant (4.60%) | Great Cormorant (1.60%) | Painted Stork (0.50%) | Little Cormorant (0.50%)
IMG_3848.JPG,No GPS Data,2024-06-24 02:02:34,0,0,0.0,,,,0,
IMG_3849.JPG,"12.545455, 79.855488",2024-06-24 02:02:38,3,0.9959446787834167,5.354,,,,0,
IMG_3850.JPG,"12.545455, 79.855488",2024-06-24 02:02:40,3,0.9956207871437073,5.912,,,,0,
IMG_3855.JPG,"12.545455, 79.855488",2024-06-24 02:03:00,1,0.9941624999046326,8.308,,Manual: Painted Stork,Pied Kingfisher,0.044,Pied Kingfisher (4.39%) | Malabar Flameback (3.69%) | Golden-fronted Leafbird (2.71%) | Dusky Crag-Martin (2.39%) | Little Cormorant (2.17%)
IMG_3860.JPG,"12.545455, 79.855488",2024-06-24 02:03:39,36,0.954106330871582,5.456,,,,0,
IMG_3861.JPG,"12.545455, 79.855488",2024-06-24 02:04:40,1,0.9995465874671936,5.897,Painted Stork,Painted Stork,Painted Stork,0.789,Painted Stork (78.92%) | Lesser Adjutant (1.90%) | Black Stork (0.97%) | Asian Woolly-necked Stork (0.63%) | Great Egret (0.40%)
IMG_3862.JPG,"12.545455, 79.855488",2024-06-24 02:04:43,2,0.9984452128410339,7.047,,,,0,
IMG_3864.JPG,"12.545455, 79.855488",2024-06-24 02:04:52,1,0.9979196190834045,3.886,Oriental Darter,Oriental Darter,Oriental Darter,0.756,Oriental Darter (75.58%) | Indian Cormorant (2.68%) | Lesser Frigatebird (0.94%) | Great Hornbill (0.52%) | Great Cormorant (0.43%)
IMG_3866.JPG,"12.545455, 79.855488",2024-06-24 02:05:01,1,0.9991573095321655,7.409,Asian Openbill,Asian Openbill,Asian Openbill,0.698,Asian Openbill (69.81%) | White-bellied Sea-Eagle (3.08%) | Painted Stork (1.23%) | Black-winged Kite (0.51%) | Asian Woolly-necked Stork (0.50%)
IMG_3868.JPG,"12.545455, 79.855488",2024-06-24 02:05:05,3,0.9988429546356201,7.809,,,,0,
IMG_3869.JPG,"12.545455, 79.855488",2024-06-24 02:05:06,2,0.9992188215255737,7.147,,,,0,
IMG_3873.JPG,"12.545455, 79.855488",2024-06-24 02:07:06,5,0.9980301260948181,4.36,,,,0,
IMG_3874.JPG,"12.545455, 79.855488",2024-06-24 02:07:08,5,0.9962712526321411,4.977,,,,0,
IMG_3877.JPG,"12.545455, 79.855488",2024-06-24 02:07:22,25,0.9881101846694946,6.594,,,,0,
IMG_3878.JPG,"12.545455, 79.855488",2024-06-24 02:07:36,10,0.801611602306366,8.217,,,,0,
IMG_3880.JPG,"12.545455, 79.855488",2024-06-24 02:08:10,1,0.996752142906189,6.388,,Manual: Spot-billed Pelican,Great White Pelican,0.038,Great White Pelican (3.78%) | Indian Vulture (3.68%) | Eurasian Curlew (2.24%) | Yellow-footed Green Pigeon (2.12%) | Eastern Barn Owl (1.56%)
IMG_3881.JPG,"12.545455, 79.855488",2024-06-24 02:08:13,1,0.9996707439422607,6.083,Spot-billed Pelican,Spot-billed Pelican,Great White Pelican,0.52,Great White Pelican (51.96%) | White-bellied Sea-Eagle (2.13%) | Sykes's Warbler (0.86%) | Painted Stork (0.82%) | Bridled Tern (0.80%)
IMG_3882.JPG,"12.545455, 79.855488",2024-06-24 02:10:19,2,0.7484184503555298,5.736,,,,0,
IMG_3883.JPG,"12.545455, 79.855488",2024-06-24 02:10:34,1,0.9988497495651245,4.337,Little Egret,Little Egret,Little Egret,0.347,Little Egret (34.73%) | Great Egret (26.15%) | Eastern Cattle-Egret (2.24%) | Medium Egret (1.96%) | Western Reef Heron (0.48%)
IMG_3886.JPG,"12.545455, 79.855488",2024-06-24 02:11:51,1,0.9980748891830444,3.599,Medium Egret,Medium Egret,Medium Egret,0.601,Medium Egret (60.14%) | Little Egret (4.89%) | Eastern Cattle-Egret (4.62%) | Great Egret (2.42%) | Black Eagle (0.77%)
IMG_3887.JPG,"12.545455, 79.855488",2024-06-24 02:11:57,5,0.9839755296707153,4.369,,,,0,
IMG_3888.JPG,"12.545455, 79.855488",2024-06-24 02:12:55,3,0.983880341053009,7.206,,,,0,
IMG_3892.JPG,"12.545455, 79.855488",2024-06-24 02:14:30,2,0.9680193662643433,5.878,,,,0,
IMG_3897.JPG,"12.545455, 79.855488",2024-06-24 02:14:59,18,0.9894940257072449,7.194,,,,0,
IMG_3898.JPG,"12.545455, 79.855488",2024-06-24 02:15:02,15,0.9332035779953003,7.2,,,,0,
IMG_3900.JPG,"12.545455, 79.855488",2024-06-24 02:15:12,4,0.9976100921630859,5.957,,,,0,
IMG_3901.JPG,"12.545455, 79.855488",2024-06-24 02:15:19,1,0.9986360669136047,4.28,Spot-billed Pelican,Spot-billed Pelican,Great White Pelican,0.545,Great White Pelican (54.51%) | Indian Vulture (2.52%) | Asian Woolly-necked Stork (1.25%) | Greylag Goose (1.10%) | Great Stone-curlew (0.68%)
IMG_3902.JPG,"12.545455, 79.855488",2024-06-24 02:17:23,2,0.9715035557746887,10.337,,,,0,
IMG_3903.JPG,"12.545455, 79.855488",2024-06-24 02:17:26,2,0.9768651723861694,10.272,,,,0,
IMG_3904.JPG,"12.545455, 79.855488",2024-06-24 02:19:50,1,0.9971256852149963,5.152,,Manual: Grey Heron,Grey Heron,0.078,Grey Heron (7.81%) | Black-crowned Night Heron (3.05%) | Indian Pond-Heron (2.82%) | Blue-faced Malkoha (2.23%) | Purple Heron (2.17%)
IMG_3906.JPG,"12.545455, 79.855488",2024-06-24 02:20:06,1,0.9877272844314575,3.234,Grey Heron,Grey Heron,Grey Heron,0.627,Grey Heron (62.70%) | Purple Heron (1.69%) | Nilgiri Wood-Pigeon (1.61%) | Indian Vulture (1.47%) | Common Crane (0.88%)
IMG_3915.JPG,"12.545455, 79.855488",2024-06-24 02:22:21,3,0.9950174689292908,4.165,,,,0,
IMG_3916.JPG,"12.545455, 79.855488",2024-06-24 02:22:23,3,0.9841977953910828,4.26,,,,0,
IMG_3917.JPG,"12.545455, 79.855488",2024-06-24 02:22:27,3,0.9956507086753845,3.815,,,,0,
IMG_3918.JPG,"12.545455, 79.855488",2024-06-24 02:22:31,3,0.9879745244979858,4.202,,,,0,
IMG_3920.JPG,"12.545455, 79.855488",2024-06-24 02:22:40,1,0.9992406368255615,6.288,Great Egret,Manual: Little Egret,Great Egret,0.47,Great Egret (46.97%) | Medium Egret (17.04%) | Little Egret (8.47%) | Eastern Cattle-Egret (3.27%) | Gull-billed Tern (0.56%)
IMG_3922.JPG,"12.545455, 79.855488",2024-06-24 02:22:43,1,0.9220220446586609,7.779,,Manual: Little Egret,Medium Egret,0.254,Medium Egret (25.36%) | Little Egret (10.43%) | Great Egret (6.87%) | Black-headed Ibis (4.63%) | Eurasian Spoonbill (4.19%)
IMG_3923.JPG,"12.545455, 79.855488",2024-06-24 02:22:49,1,0.9993420243263245,3.302,Grey Heron,Grey Heron,Grey Heron,0.476,Grey Heron (47.61%) | Purple Heron (4.50%) | Black-crowned Night Heron (2.14%) | Yellow Bittern (2.11%) | Pallas's Gull (2.00%)
IMG_3929.JPG,"12.545455, 79.855488",2024-06-24 02:23:30,1,0.9978343844413757,7.563,Great Egret,Great Egret,Great Egret,0.505,Great Egret (50.45%) | Medium Egret (16.44%) | Eastern Cattle-Egret (1.05%) | Indian Pond-Heron (0.94%) | Little Egret (0.77%)
IMG_3933.JPG,"12.545455, 79.855488",2024-06-24 02:24:07,7,0.9975898265838623,5.532,,,,0,
IMG_3934.JPG,"12.545455, 79.855488",2024-06-24 02:24:08,6,0.8806899785995483,5.903,,,,0,
IMG_3941.JPG,"12.545455, 79.855488",2024-06-24 02:27:49,1,0.9988307356834412,5.414,Indian Roller,Indian Roller,Indian Roller,0.916,Indian Roller (91.61%) | Blue-faced Malkoha (0.28%) | Laughing Dove (0.20%) | European Roller (0.15%) | Malabar Whistling-Thrush (0.14%)
IMG_3942.JPG,No GPS Data,2024-06-24 02:29:31,0,0,0.0,,Manual: Indian Roller,,0,
IMG_3946.JPG,"12.545455, 79.855488",2024-06-24 02:30:12,1,0.9941874742507935,7.593,,Manual: House Crow,Oriental Honey-buzzard,0.167,Oriental Honey-buzzard (16.69%) | Rock Pigeon (4.13%) | Greater Coucal (3.47%) | Large-billed Crow (2.98%) | Little Swift (2.85%)
IMG_3958.JPG,"12.545455, 79.855488",2024-06-24 02:32:51,1,0.9983922839164734,3.223,Black-crowned Night Heron,Black-crowned Night Heron,Black-crowned Night Heron,0.797,Black-crowned Night Heron (79.65%) | Greater Spotted Eagle (0.97%) | Brown Fish-Owl (0.80%) | Little Heron (0.43%) | Blue-faced Malkoha (0.30%)
IMG_3971.JPG,"12.545455, 79.855488",2024-06-24 02:45:42,2,0.7971234917640686,7.63,,Manual: Indian Roller,,0,
IMG_3972.JPG,"12.545455, 79.855488",2024-06-24 02:46:05,2,0.9990763664245605,6.782,,,,0,
IMG_3974.JPG,"12.545455, 79.855488",2024-06-24 02:46:29,1,0.9993177652359009,8.679,,Manual: Medium Egret,Medium Egret,0.116,Medium Egret (11.57%) | Great Egret (8.75%) | Indian Pond-Heron (7.08%) | Sandwich Tern (6.24%) | Eastern Cattle-Egret (3.86%)
IMG_3978.JPG,"12.545455, 79.855488",2024-06-24 02:48:28,3,0.9960267543792725,9.461,,Manual: Indian Roller,,0,
IMG_3990.JPG,"12.545455, 79.855488",2024-06-24 02:52:19,1,0.9272944331169128,6.239,,,Great Egret,0.058,Great Egret (5.77%) | Little Grebe (3.15%) | Eastern Cattle-Egret (2.72%) | Little Tern (2.25%) | Wood Sandpiper (1.82%)
IMG_3994.JPG,"12.545455, 79.855488",2024-06-24 02:52:33,4,0.9966229200363159,4.275,,,,0,
IMG_3995.JPG,"12.545455, 79.855488",2024-06-24 02:52:35,5,0.9963269829750061,4.869,,,,0,
IMG_3997.JPG,"12.545455, 79.855488",2024-06-24 02:53:39,1,0.9964045286178589,3.742,,Manual: Little Cormorant,Grey Heron,0.059,Grey Heron (5.91%) | River Tern (3.51%) | Laughing Dove (2.19%) | Medium Egret (2.12%) | Indian Paradise-Flycatcher (1.63%)
IMG_4000.JPG,"12.545455, 79.855488",2024-06-24 02:54:06,2,0.9984967708587646,4.798,,,,0,
IMG_4001.JPG,"12.545455, 79.855488",2024-06-24 02:54:13,1,0.9990977048873901,8.383,,Manual: Grey Heron,Osprey,0.079,Osprey (7.89%) | Grey Heron (4.52%) | Black-winged Kite (4.12%) | Oriental Magpie-Robin (3.62%) | Indian Pied Starling (2.44%)
IMG_4004.JPG,"12.545455, 79.855488",2024-06-24 02:54:44,1,0.9996113181114197,6.875,,Manual: Little Cormorant,Red-naped Ibis,0.038,Red-naped Ibis (3.81%) | Black Bittern (3.73%) | Great Cormorant (2.93%) | Broad-billed Sandpiper (2.69%) | Green Imperial Pigeon (2.27%)
IMG_4005.JPG,"12.545455, 79.855488",2024-06-24 02:54:46,1,0.9991979002952576,7.656,,Manual: Little Cormorant,Great Cormorant,0.073,Great Cormorant (7.33%) | Oriental Darter (3.78%) | Indian Cormorant (3.18%) | Little Cormorant (1.97%) | Red-naped Ibis (1.63%)
IMG_4007.JPG,"12.545455, 79.855488",2024-06-24 02:54:52,1,0.9976544976234436,6.186,,Manual: Grey Heron,Grey Heron,0.233,Grey Heron (23.26%) | Black-crowned Night Heron (8.94%) | Pale-billed Flowerpecker (4.66%) | Jerdon's Leafbird (3.28%) | Malabar Starling (1.61%)
IMG_4008.JPG,"12.545455, 79.855488",2024-06-24 02:54:55,3,0.925758421421051,6.826,,,,0,
IMG_4010.JPG,"12.545455, 79.855488",2024-06-24 02:57:23,1,0.9986032843589783,4.687,,Manual: Red-vented Bulbul,Red-vented Bulbul,0.271,Red-vented Bulbul (27.07%) | Red-whiskered Bulbul (23.85%) | Vigors's Sunbird (1.68%) | Indian Robin (1.61%) | White-browed Bulbul (1.43%)
IMG_4014.JPG,"12.545455, 79.855488",2024-06-24 02:58:01,28,0.9716753959655762,9.843,,,,0,
IMG_4015.JPG,"12.545455, 79.855488",2024-06-24 02:58:05,31,0.9947531223297119,6.072,,,,0,
IMG_4019.JPG,"12.545455, 79.855488",2024-06-24 02:58:23,3,0.9783650040626526,6.076,,Manual: Yellow-billed Babbler,,0,
IMG_4021.JPG,"12.545455, 79.855488",2024-06-24 02:58:25,1,0.9991857409477234,5.446,Yellow-billed Babbler,Yellow-billed Babbler,Yellow-billed Babbler,0.478,Yellow-billed Babbler (47.77%) | Jungle Babbler (4.51%) | Large Grey Babbler (3.73%) | Jerdon's Leafbird (2.57%) | Ashy-crowned Sparrow-Lark (1.41%)
IMG_4022.JPG,"12.545455, 79.855488",2024-06-24 02:58:48,1,0.9993925094604492,4.824,,Manual: Yellow-billed Babbler,Black-crowned Night Heron,0.066,Black-crowned Night Heron (6.64%) | Yellow-crowned Woodpecker (3.97%) | Changeable Hawk-Eagle (3.86%) | Yellow-billed Babbler (3.05%) | Red Avadavat (2.77%)
IMG_4026.JPG,"12.545455, 79.855488",2024-06-24 03:02:45,5,0.8273605704307556,4.159,,,,0,
IMG_4027.JPG,"12.545455, 79.855488",2024-06-24 03:02:57,6,0.9680812358856201,4.673,,,,0,
IMG_4032.JPG,"12.545455, 79.855488",2024-06-24 03:07:26,1,0.9954907298088074,6.583,,Manual: Little Egret,Little Egret,0.196,Little Egret (19.58%) | Great Egret (11.70%) | Eastern Cattle-Egret (5.00%) | Medium Egret (1.22%) | Black-crowned Night Heron (1.12%)
IMG_4035.JPG,"12.545455, 79.855488",2024-06-24 03:07:33,2,0.9818960428237915,9.657,,,,0,
IMG_4037.JPG,No GPS Data,2024-06-24 03:07:43,0,0,0.0,,,,0,
IMG_4038.JPG,"12.545455, 79.855488",2024-06-24 03:07:45,2,0.9985221028327942,8.51,,,,0,
IMG_4039.JPG,"12.545455, 79.855488",2024-06-24 03:08:00,11,0.9920064806938171,3.972,,,,0,
IMG_4041.JPG,"12.545455, 79.855488",2024-06-24 03:08:15,1,0.9996438026428223,6.839,,Manual: Little Cormorant,Red-naped Ibis,0.093,Red-naped Ibis (9.25%) | White-bellied Sea-Eagle (5.04%) | Black-crowned Night Heron (4.01%) | Black Bittern (3.43%) | Peregrine Falcon (2.38%)
IMG_4042.JPG,"12.545455, 79.855488",2024-06-24 03:08:16,1,0.9996503591537476,6.237,,Manual: Little Cormorant,Large-billed Crow,0.074,Large-billed Crow (7.42%) | Little Cormorant (5.95%) | Eurasian Coot (4.43%) | Indian Cormorant (4.30%) | Malabar Whistling-Thrush (3.34%)
IMG_4043.JPG,"12.545455, 79.855488",2024-06-24 03:08:18,1,0.9992057681083679,6.456,,Manual: Little Cormorant,Great Cormorant,0.094,Great Cormorant (9.41%) | Red-naped Ibis (6.14%) | Indian Cormorant (2.24%) | Lesser Whistling-Duck (1.81%) | Rose-ringed Parakeet (1.81%)
IMG_4044.JPG,"12.545455, 79.855488",2024-06-24 03:08:19,1,0.9993993043899536,6.934,,Manual: Little Cormorant,Large-billed Crow,0.08,Large-billed Crow (8.03%) | Lesser Frigatebird (4.60%) | Little Cormorant (3.73%) | Black Eagle (3.25%) | Asian Palm Swift (2.76%)
IMG_4046.JPG,"12.545455, 79.855488",2024-06-24 03:09:10,4,0.9976305961608887,6.211,,,,0,
IMG_4047.JPG,"12.545455, 79.855488",2024-06-24 03:09:11,4,0.9966245889663696,5.907,,,,0,
IMG_4048.JPG,"12.545455, 79.855488",2024-06-24 03:09:22,1,0.998924195766449,4.931,Painted Stork,Painted Stork,Painted Stork,0.65,Painted Stork (64.96%) | Lesser Adjutant (4.70%) | Asian Openbill (1.08%) | Jungle Myna (0.69%) | Great Hornbill (0.56%)
IMG_4055.JPG,"12.545455, 79.855488",2024-06-24 03:10:20,8,0.9913358688354492,5.087,,,,0,
IMG_4056.JPG,"12.545455, 79.855488",2024-06-24 03:10:22,6,0.9955849647521973,4.537,,,,0,
IMG_4057.JPG,"12.545455, 79.855488",2024-06-24 03:10:28,2,0.9990246295928955,7.382,,,,0,
IMG_4060.JPG,"12.545455, 79.855488",2024-06-24 03:11:36,8,0.9972735047340393,5.286,,,,0,
IMG_4062.JPG,"12.545455, 79.855488",2024-06-24 03:11:49,3,0.9924309849739075,5.277,,,,0,
IMG_4064.JPG,"12.545455, 79.855488",2024-06-24 03:15:10,1,0.9994712471961975,6.378,,Manual: Rose-ringed Parakeet,Rose-ringed Parakeet,0.129,Rose-ringed Parakeet (12.89%) | Plum-headed Parakeet (5.00%) | Malabar Parakeet (4.73%) | Jerdon's Leafbird (4.58%) | Eurasian Collared-Dove (4.28%)
IMG_4093.JPG,"12.545455, 79.855488",2024-06-24 03:22:02,2,0.9961742758750916,8.549,,,,0,
IMG_4098.JPG,"12.545455, 79.855488",2024-06-24 03:26:45,2,0.9973913431167603,5.595,,,,0,
IMG_4100.JPG,"12.545455, 79.855488",2024-06-24 03:26:56,2,0.8645176291465759,3.655,,,,0,
IMG_4101.JPG,No GPS Data,2024-06-24 03:27:00,0,0,0.0,,,,0,
IMG_4105.JPG,"12.545455, 79.855488",2024-06-24 03:30:55,1,0.9982413053512573,6.293,Oriental Darter,Oriental Darter,Oriental Darter,0.572,Oriental Darter (57.19%) | Grey Heron (4.08%) | Oriental Magpie-Robin (1.90%) | Black-headed Cuckooshrike (1.18%) | Painted Stork (1.11%)
IMG_4110.JPG,"12.545455, 79.855488",2024-06-24 03:32:04,2,0.9979446530342102,6.097,,Manual: Indian Spot-billed Duck,,0,
IMG_4114.JPG,"12.545455, 79.855488",2024-06-24 03:32:09,2,0.9946467280387878,7.197,,Manual: Indian Spot-billed Duck,,0,
IMG_4119.JPG,"12.545455, 79.855488",2024-06-24 03:32:51,22,0.7319636344909668,8.383,,,,0,
IMG_4120.JPG,"12.545455, 79.855488",2024-06-24 03:32:55,31,0.8986696004867554,9.015,,,,0,
IMG_4129.JPG,"12.545455, 79.855488",2024-06-24 03:37:03,1,0.9985176920890808,3.811,,Manual: Painted Stork,Painted Stork,0.25,Painted Stork (25.01%) | Oriental Darter (3.41%) | Asian Openbill (2.37%) | Eurasian Curlew (1.89%) | Purple Heron (1.81%)
IMG_4140.JPG,"12.545455, 79.855488",2024-06-24 03:38:12,4,0.9958319067955017,6.883,,,,0,
IMG_4146.JPG,"12.545455, 79.855488",2024-06-24 03:40:54,1,0.999025821685791,5.35,,Manual: Common Hawk-Cuckoo,Common Hawk-Cuckoo,0.209,Common Hawk-Cuckoo (20.93%) | Brown-breasted Flycatcher (4.14%) | Eurasian Hobby (2.46%) | Forest Owlet (2.42%) | Brahminy Kite (2.19%)
IMG_4151.JPG,"12.545455, 79.855488",2024-06-24 03:41:01,1,0.9989064931869507,5.416,,Manual: Common Hawk-Cuckoo,Common Hawk-Cuckoo,0.108,Common Hawk-Cuckoo (10.75%) | Brown-breasted Flycatcher (4.55%) | Brahminy Kite (3.57%) | White-naped Woodpecker (3.52%) | Eurasian Hobby (3.35%)
IMG_4153.JPG,"12.545455, 79.855488",2024-06-24 03:41:43,1,0.9300784468650818,6.338,White-throated Kingfisher,White-throated Kingfisher,White-throated Kingfisher,0.842,White-throated Kingfisher (84.18%) | Black-winged Kite (0.60%) | Indian Roller (0.37%) | Malabar Whistling-Thrush (0.23%) | Greater Coucal (0.19%)
IMG_4169.JPG,"12.545455, 79.855488",2024-06-24 03:43:14,2,0.9987854361534119,6.713,,Manual: Indian Roller,,0,
IMG_4171.JPG,"12.545455, 79.855488",2024-06-24 03:43:53,1,0.998663067817688,5.544,Yellow-billed Babbler,Yellow-billed Babbler,Yellow-billed Babbler,0.819,Yellow-billed Babbler (81.92%) | Jungle Babbler (7.56%) | Malabar Starling (0.46%) | Square-tailed Bulbul (0.29%) | Sulphur-bellied Warbler (0.27%)
IMG_4173.JPG,"12.545455, 79.855488",2024-06-24 03:44:11,1,0.999269425868988,4.955,White-throated Kingfisher,White-throated Kingfisher,White-throated Kingfisher,0.739,White-throated Kingfisher (73.88%) | Indian Roller (2.48%) | Black-winged Kite (1.27%) | Eastern Red-rumped Swallow (0.45%) | Black-capped Kingfisher (0.44%)
IMG_4177.JPG,"12.545455, 79.855488",2024-06-24 03:45:32,1,0.9990398287773132,5.781,White-throated Kingfisher,White-throated Kingfisher,White-throated Kingfisher,0.937,White-throated Kingfisher (93.71%) | Stork-billed Kingfisher (0.13%) | Malabar Starling (0.13%) | Blue-eared Kingfisher (0.07%) | Alpine Swift (0.07%)
IMG_4179.JPG,"12.545455, 79.855488",2024-06-24 03:45:49,3,0.9881454706192017,4.631,,,,0,
IMG_4181.JPG,"12.545455, 79.855488",2024-06-24 03:46:12,5,0.9844517707824707,3.935,,,,0,
IMG_4193.JPG,"12.545455, 79.855488",2024-06-24 03:49:21,1,0.9991416931152344,6.063,,Manual: Coppersmith Barbet,Red-whiskered Bulbul,0.296,Red-whiskered Bulbul (29.61%) | Coppersmith Barbet (21.58%) | Vigors's Sunbird (2.01%) | Amur Falcon (1.68%) | Blue-bearded Bee-eater (1.08%)
IMG_4194.JPG,"12.545455, 79.855488",2024-06-24 03:49:21,1,0.9987375140190125,6.076,,Manual: Coppersmith Barbet,Red-whiskered Bulbul,0.255,Red-whiskered Bulbul (25.48%) | Coppersmith Barbet (11.70%) | Amur Falcon (2.05%) | Blue-bearded Bee-eater (2.01%) | Flame-throated Bulbul (1.15%)
IMG_4198.JPG,"12.545455, 79.855488",2024-06-24 03:51:22,3,0.9993318915367126,7.019,,Manual: Spot-billed Pelican,,0,
IMG_4204.JPG,"11.0167202, 76.9773787",2024-06-25 17:42:35,1,0.9989870190620422,5.693,,Manual: Asian Koel,Greater Racket-tailed Drongo,0.264,Greater Racket-tailed Drongo (26.36%) | Asian Koel (4.25%) | Little Cormorant (1.73%) | Malabar Grey Hornbill (1.47%) | Pied Bushchat (1.39%)
IMG_4207.JPG,"11.0167202, 76.9773787",2024-06-25 17:44:16,1,0.9842841625213623,5.685,,Manual: Asian Koel,Asian Koel,0.06,Asian Koel (6.02%) | Ashy Drongo (3.40%) | Black Drongo (3.06%) | Bronzed Drongo (2.95%) | Crimson-backed Sunbird (2.32%)
IMG_4208.JPG,"11.0167202, 76.9773787",2024-06-25 17:45:47,1,0.9992172718048096,5.843,Common Myna,Common Myna,Common Myna,0.856,Common Myna (85.63%) | Jungle Myna (2.54%) | Western Crowned Warbler (0.46%) | Pied Bushchat (0.37%) | Common Woodshrike (0.29%)
IMG_4213.JPG,"11.0167202, 76.9773787",2024-06-25 17:58:39,1,0.9996483325958252,8.926,,Manual: Black Kite,Greater Spotted Eagle,0.062,Greater Spotted Eagle (6.15%) | Crested Serpent-Eagle (5.00%) | Black Kite (4.83%) | Western Marsh Harrier (4.35%) | Eurasian Hobby (2.61%)
IMG_4214.JPG,"11.0167202, 76.9773787",2024-06-25 17:58:46,1,0.9995362758636475,7.784,,Manual: Black Kite,Lesser Frigatebird,0.062,Lesser Frigatebird (6.20%) | Oriental Honey-buzzard (2.80%) | Dusky Crag-Martin (2.23%) | Blue-eared Kingfisher (2.00%) | Greater Coucal (1.84%)
IMG_4220.JPG,"11.0167202, 76.9773787",2024-06-26 03:12:17,1,0.9996641874313354,4.939,,Manual: Yellow-billed Babbler,Yellow-billed Babbler,0.113,Yellow-billed Babbler (11.31%) | Large Grey Babbler (6.73%) | Jungle Babbler (4.76%) | Indian Grey Hornbill (4.11%) | Jerdon's Leafbird (3.27%)
IMG_4224.JPG,"11.0167202, 76.9773787",2024-06-26 04:21:26,1,0.9980257749557495,6.913,,Manual: Black-crowned Night Heron,Black-crowned Night Heron,0.06,Black-crowned Night Heron (5.97%) | Peregrine Falcon (5.45%) | Brown-headed Gull (3.02%) | Indian Pied Starling (2.20%) | Ashy Woodswallow (2.12%)
IMG_4225.JPG,"11.0167202, 76.9773787",2024-06-26 04:21:30,1,0.9986868500709534,7.826,Black-crowned Night Heron,Black-crowned Night Heron,Black-crowned Night Heron,0.47,Black-crowned Night Heron (46.99%) | Brown-headed Gull (2.44%) | Ruff (1.61%) | White-bellied Sea-Eagle (1.55%) | Red-wattled Lapwing (1.36%)
IMG_4228.JPG,"11.0167202, 76.9773787",2024-06-26 04:36:57,1,0.9154319167137146,6.884,Brahminy Kite,Brahminy Kite,Brahminy Kite,0.835,Brahminy Kite (83.47%) | White-bellied Sea-Eagle (0.40%) | Medium Egret (0.38%) | Short-toed Snake-Eagle (0.37%) | Osprey (0.36%)
IMG_4229.JPG,"11.0167202, 76.9773787",2024-06-26 04:36:59,3,0.9545025825500488,7.43,,Manual: Brahminy Kite,,0,
IMG_4230.JPG,"11.0167202, 76.9773787",2024-06-26 04:37:02,1,0.9981657862663269,9.243,,Manual: Brahminy Kite,Dusky Crag-Martin,0.237,Dusky Crag-Martin (23.73%) | Red-naped Ibis (4.55%) | Black Kite (3.39%) | Indian Spotted Eagle (1.90%) | Asian Green Bee-eater (1.57%)
IMG_4231.JPG,"11.0167202, 76.9773787",2024-06-26 04:50:49,1,0.9979971051216125,6.628,,Manual: Asian Koel,Asian Koel,0.177,Asian Koel (17.71%) | Greater Coucal (12.66%) | Large-billed Crow (11.09%) | Greater Racket-tailed Drongo (5.63%) | Black Drongo (1.33%)
IMG_4232.JPG,"11.0167202, 76.9773787",2024-06-26 04:50:55,1,0.9524294137954712,6.676,,Manual: Asian Koel,Asian Koel,0.233,Asian Koel (23.31%) | Greater Coucal (13.91%) | Greater Racket-tailed Drongo (10.09%) | Large-billed Crow (7.84%) | Black Drongo (1.92%)
IMG_4234.JPG,"11.0167202, 76.9773787",2024-06-26 04:51:21,1,0.9937175512313843,4.769,Asian Koel,Asian Koel,Asian Koel,0.608,Asian Koel (60.85%) | House Crow (4.25%) | Large-billed Crow (1.83%) | Eurasian Hobby (1.70%) | Black Drongo (1.31%)
IMG_4236.JPG,"11.0167202, 76.9773787",2024-06-26 04:53:18,1,0.9995064735412598,5.499,,Manual: Black Kite,Black Kite,0.11,Black Kite (11.02%) | Black Eagle (10.17%) | Indian Pied Starling (3.32%) | Greater Racket-tailed Drongo (2.46%) | Greater Spotted Eagle (2.10%)
IMG_4238.JPG,"11.0167202, 76.9773787",2024-06-26 04:53:57,1,0.9961511492729187,4.275,Asian Koel,Asian Koel,Asian Koel,0.934,Asian Koel (93.38%) | Ashy Drongo (0.24%) | Jerdon's Leafbird (0.20%) | Greater Racket-tailed Drongo (0.18%) | Greater Coucal (0.13%)
IMG_4249.JPG,"11.0167202, 76.9773787",2024-06-26 17:07:39,1,0.899563729763031,5.39,Rose-ringed Parakeet,Rose-ringed Parakeet,Rose-ringed Parakeet,0.375,Rose-ringed Parakeet (37.49%) | Vernal Hanging-Parrot (29.97%) | Orange-breasted Green-Pigeon (1.74%) | Jerdon's Leafbird (1.37%) | Golden-fronted Leafbird (1.07%)
IMG_4254.JPG,"11.0167202, 76.9773787",2024-06-26 19:11:33,1,0.9993482232093811,5.495,Greater Coucal,Greater Coucal,Greater Coucal,0.902,Greater Coucal (90.21%) | Crested Bunting (0.23%) | Pallas's Gull (0.21%) | Indian Paradise-Flycatcher (0.13%) | Kentish Plover (0.12%)
IMG_4257.JPG,"11.0167202, 76.9773787",2024-06-26 19:11:43,1,0.9859282970428467,5.214,Greater Coucal,Greater Coucal,Greater Coucal,0.853,Greater Coucal (85.30%) | Crested Bunting (0.94%) | Pallas's Gull (0.34%) | Blue-faced Malkoha (0.32%) | Indian Roller (0.20%)
IMG_4258.JPG,"11.0167202, 76.9773787",2024-06-26 19:11:49,1,0.9986165761947632,5.251,Greater Coucal,Greater Coucal,Greater Coucal,0.847,Greater Coucal (84.67%) | Crested Bunting (2.19%) | Blue-faced Malkoha (0.54%) | Malabar Whistling-Thrush (0.19%) | Indian Roller (0.18%)
IMG_4259.JPG,"11.0167202, 76.9773787",2024-06-26 19:11:49,1,0.9984234571456909,5.428,Greater Coucal,Greater Coucal,Greater Coucal,0.825,Greater Coucal (82.53%) | Crested Bunting (2.23%) | Blue-faced Malkoha (0.64%) | Malabar Whistling-Thrush (0.28%) | Pallas's Gull (0.27%)
IMG_4263.JPG,"11.0167202, 76.9773787",2024-06-26 19:12:33,1,0.9971440434455872,4.435,Greater Coucal,Greater Coucal,Greater Coucal,0.924,Greater Coucal (92.35%) | Crested Bunting (0.55%) | Blue-faced Malkoha (0.17%) | Pallas's Gull (0.12%) | Crested Serpent-Eagle (0.10%)
IMG_4265.JPG,"11.0167202, 76.9773787",2024-06-26 19:12:43,1,0.9993639588356018,4.372,Greater Coucal,Greater Coucal,Greater Coucal,0.896,Greater Coucal (89.56%) | Rufous Treepie (0.30%) | Brown Rock Chat (0.27%) | Yellow-wattled Lapwing (0.21%) | Brahminy Kite (0.21%)
IMG_4283.JPG,"11.0167202, 76.9773787",2024-06-27 16:48:35,1,0.9928801655769348,5.706,,Manual: Black Kite,Tawny Eagle,0.122,Tawny Eagle (12.17%) | Black Kite (7.89%) | Chestnut-tailed Starling (4.74%) | Greater Spotted Eagle (4.34%) | Brown Fish-Owl (2.04%)
IMG_4286.JPG,"11.0167202, 76.9773787",2024-06-27 16:49:21,1,0.9140478372573853,5.829,,Manual: Black Kite,Chestnut-tailed Starling,0.053,Chestnut-tailed Starling (5.32%) | Scaly-breasted Munia (4.03%) | Tawny Eagle (2.44%) | Brown-cheeked Fulvetta (2.37%) | Rufous Babbler (2.16%)
IMG_4290.JPG,"11.0167202, 76.9773787",2024-06-27 16:52:07,1,0.9950782060623169,6.599,,Manual: Black Kite,Gray-headed Fish-Eagle,0.04,Gray-headed Fish-Eagle (4.04%) | Tawny Eagle (3.51%) | Chestnut-tailed Starling (2.21%) | Crested Serpent-Eagle (1.71%) | Greater Spotted Eagle (1.57%)
IMG_4293.JPG,"11.0167202, 76.9773787",2024-06-27 16:54:00,1,0.9423890113830566,6.08,,Manual: Black Kite,Tawny Eagle,0.187,Tawny Eagle (18.65%) | Shikra (3.77%) | Greater Spotted Eagle (2.52%) | Brown Fish-Owl (2.47%) | Black Kite (2.39%)
IMG_4295.JPG,"11.0167202, 76.9773787",2024-06-27 16:59:46,1,0.952582597732544,5.043,,Manual: Black Kite,Shikra,0.116,Shikra (11.61%) | Little Swift (8.75%) | Crested Serpent-Eagle (4.74%) | Black Kite (3.89%) | Pale-billed Flowerpecker (3.56%)
IMG_4298.JPG,"11.0167202, 76.9773787",2024-06-27 18:19:32,1,0.9994739890098572,4.301,Greater Coucal,Greater Coucal,Greater Coucal,0.877,Greater Coucal (87.69%) | Pallas's Gull (0.28%) | Crested Bunting (0.20%) | Indian Paradise-Flycatcher (0.16%) | Common Hoopoe (0.16%)
IMG_4299.JPG,"11.0167202, 76.9773787",2024-06-27 18:19:36,1,0.9991056323051453,4.24,Greater Coucal,Greater Coucal,Greater Coucal,0.805,Greater Coucal (80.51%) | Crested Bunting (0.63%) | Common Hoopoe (0.34%) | Malabar Whistling-Thrush (0.30%) | Blue-faced Malkoha (0.28%)
IMG_4301.JPG,"11.0167202, 76.9773787",2024-06-27 23:41:19,1,0.9990279674530029,4.756,Indian Roller,Indian Roller,Indian Roller,0.859,Indian Roller (85.85%) | Blue-tailed Bee-eater (1.05%) | European Roller (0.65%) | Laughing Dove (0.24%) | Brahminy Starling (0.22%)
IMG_4303.JPG,"11.0167202, 76.9773787",2024-06-27 23:41:27,1,0.998978853225708,4.814,Yellow-wattled Lapwing,Yellow-wattled Lapwing,Yellow-wattled Lapwing,0.461,Yellow-wattled Lapwing (46.07%) | Indian Courser (2.08%) | Red-wattled Lapwing (1.93%) | Common Myna (0.97%) | Brahminy Starling (0.91%)
IMG_4306.JPG,"11.0167202, 76.9773787",2024-06-28 00:48:38,4,0.9871299862861633,5.313,,,,0,
IMG_4307.JPG,"11.0167202, 76.9773787",2024-06-28 00:48:40,3,0.9974707365036011,4.803,,,,0,
IMG_4308.JPG,"11.0167202, 76.9773787",2024-06-28 00:48:40,3,0.9992504715919495,4.661,,,,0,
IMG_4309.JPG,"11.0167202, 76.9773787",2024-06-28 00:48:41,3,0.9983807802200317,5.086,,,,0,
IMG_4310.JPG,"11.0167202, 76.9773787",2024-06-28 00:48:41,6,0.9983839988708496,5.212,,,,0,
IMG_4311.JPG,"11.0167202, 76.9773787",2024-06-28 00:48:42,4,0.9990056157112122,5.496,,,,0,
IMG_4312.JPG,"11.0167202, 76.9773787",2024-06-28 00:48:43,3,0.9992173910140991,5.135,,,,0,
IMG_4313.JPG,"11.0167202, 76.9773787",2024-06-28 00:48:43,3,0.9985666871070862,4.071,,,,0,
IMG_4314.JPG,"11.0167202, 76.9773787",2024-06-28 00:48:44,1,0.9993945360183716,4.53,Indian Roller,Indian Roller,Indian Roller,0.855,Indian Roller (85.50%) | Black Bittern (0.36%) | Malabar Whistling-Thrush (0.34%) | Blue-faced Malkoha (0.31%) | Rosy Starling (0.30%)
IMG_4315.JPG,"11.0167202, 76.9773787",2024-06-28 00:48:46,1,0.9992275238037109,5.834,,Manual: Indian Roller,Red-naped Ibis,0.048,Red-naped Ibis (4.79%) | Malabar Whistling-Thrush (3.90%) | European Roller (2.88%) | Bronze-winged Jacana (2.78%) | White-throated Kingfisher (2.52%)
IMG_4316.JPG,"11.0167202, 76.9773787",2024-06-28 00:48:47,2,0.9959325194358826,4.517,,,,0,
IMG_4319.JPG,"11.0167202, 76.9773787",2024-06-28 00:49:55,2,0.8118982315063477,6.897,,Manual: Yellow-wattled Lapwing,,0,
IMG_4322.JPG,"11.0167202, 76.9773787",2024-06-28 00:50:07,1,0.9996925592422485,3.719,Yellow-wattled Lapwing,Yellow-wattled Lapwing,Yellow-wattled Lapwing,0.72,Yellow-wattled Lapwing (71.99%) | Indian Courser (1.51%) | Red-wattled Lapwing (1.38%) | Orange-breasted Green-Pigeon (0.78%) | Great Stone-curlew (0.76%)
IMG_4328.JPG,"10.990881, 76.968189",2024-06-28 04:18:40,3,0.9362375736236572,6.754,,Manual: Medium Egret,,0,
IMG_4331.JPG,"10.990881, 76.968189",2024-06-28 04:19:20,1,0.9984713196754456,6.372,Medium Egret,Medium Egret,Medium Egret,0.433,Medium Egret (43.31%) | Great Egret (12.91%) | Temminck's Stint (1.22%) | Knob-billed Duck (0.86%) | Black-headed Bunting (0.78%)
IMG_4332.JPG,"10.990881, 76.968189",2024-06-28 04:19:51,1,0.9988164901733398,4.57,Indian Pond-Heron,Indian Pond-Heron,Indian Pond-Heron,0.867,Indian Pond-Heron (86.69%) | Eastern Cattle-Egret (0.47%) | Little Egret (0.41%) | Gray-fronted Green-Pigeon (0.21%) | Pallas's Gull (0.20%)
IMG_4336.JPG,"10.990881, 76.968189",2024-06-28 04:20:16,1,0.9986469149589539,4.586,Indian Pond-Heron,Indian Pond-Heron,Indian Pond-Heron,0.873,Indian Pond-Heron (87.31%) | Little Egret (0.41%) | Eastern Cattle-Egret (0.41%) | Gray-fronted Green-Pigeon (0.21%) | Indian Roller (0.19%)
IMG_4341.JPG,"10.990881, 76.968189",2024-06-28 04:21:27,2,0.8104151487350464,4.42,,Manual: Medium Egret,,0,
IMG_4342.JPG,"10.990881, 76.968189",2024-06-28 04:21:29,1,0.9992490410804749,5.847,Medium Egret,Manual: Little Egret,Medium Egret,0.57,Medium Egret (56.97%) | Eastern Cattle-Egret (4.97%) | Knob-billed Duck (0.97%) | Gray-headed Swamphen (0.78%) | Loten's Sunbird (0.70%)
IMG_4343.JPG,"10.990881, 76.968189",2024-06-28 04:21:32,1,0.9993041753768921,5.69,,Manual: Little Egret,Medium Egret,0.221,Medium Egret (22.05%) | Little Egret (4.72%) | Eastern Cattle-Egret (3.92%) | Great Egret (2.67%) | Wood Sandpiper (1.21%)
IMG_4344.JPG,"10.990881, 76.968189",2024-06-28 04:21:34,1,0.9990430474281311,5.566,,Manual: Little Egret,Medium Egret,0.172,Medium Egret (17.25%) | Little Egret (5.44%) | Eastern Cattle-Egret (3.59%) | Great Egret (2.90%) | Wood Sandpiper (1.06%)
IMG_4345.JPG,"10.990881, 76.968189",2024-06-28 04:21:37,1,0.9991500377655029,5.41,Medium Egret,Medium Egret,Medium Egret,0.421,Medium Egret (42.07%) | Great Egret (6.69%) | Eastern Cattle-Egret (2.37%) | Indian Pied Starling (1.43%) | Loten's Sunbird (0.89%)
IMG_4347.JPG,"10.990578762430289, 76.96792519345381",2024-06-28 04:21:39,1,0.9989132881164551,4.262,,Manual: Medium Egret,Medium Egret,0.244,Medium Egret (24.40%) | Great Egret (8.47%) | Eastern Cattle-Egret (1.76%) | Yellow-throated Sparrow (1.42%) | Loten's Sunbird (1.18%)
IMG_4354.JPG,"10.990578762430289, 76.96792519345381",2024-06-28 04:24:04,1,0.9984409213066101,5.38,Indian Pond-Heron,Indian Pond-Heron,Indian Pond-Heron,0.756,Indian Pond-Heron (75.57%) | Cinnamon Bittern (1.65%) | Brahminy Starling (0.84%) | Yellow Bittern (0.83%) | Yellow-eyed Babbler (0.66%)
IMG_4357.JPG,"10.990881, 76.968189",2024-06-28 04:24:22,1,0.9991961121559143,5.787,Indian Pond-Heron,Indian Pond-Heron,Indian Pond-Heron,0.795,Indian Pond-Heron (79.54%) | Yellow Bittern (0.57%) | Gray-fronted Green-Pigeon (0.51%) | Black-crowned Night Heron (0.43%) | Cinnamon Bittern (0.30%)
IMG_4363.JPG,"10.990578762430289, 76.96792519345381",2024-06-28 04:25:15,2,0.9989474415779114,5.657,,,,0,
IMG_4365.JPG,"10.990881, 76.968189",2024-06-28 04:25:25,2,0.9986666440963745,5.75,,,,0,
IMG_4374.JPG,"10.990881, 76.968189",2024-06-28 04:28:04,1,0.9994937181472778,7.373,,Manual: Brahminy Kite,Osprey,0.048,Osprey (4.80%) | Brahminy Kite (3.12%) | Black-winged Stilt (2.57%) | Nilgiri Wood-Pigeon (2.55%) | Black Eagle (2.28%)
IMG_4377.JPG,"10.990881, 76.968189",2024-06-28 04:28:10,1,0.9993359446525574,6.974,Brahminy Kite,Brahminy Kite,Brahminy Kite,0.601,Brahminy Kite (60.14%) | Small Minivet (1.28%) | Black Kite (1.14%) | Green Imperial Pigeon (0.81%) | Western Marsh Harrier (0.55%)
IMG_4378.JPG,"10.990881, 76.968189",2024-06-28 04:28:11,1,0.9973477125167847,7.24,,Manual: Brahminy Kite,Brahminy Kite,0.241,Brahminy Kite (24.15%) | Yellow-eyed Babbler (4.52%) | Western Marsh Harrier (3.41%) | Indian Scimitar-Babbler (2.41%) | White-bellied Sea-Eagle (1.96%)
IMG_4379.JPG,"10.990881, 76.968189",2024-06-28 04:28:13,1,0.999584972858429,6.809,,Manual: Brahminy Kite,Brahminy Kite,0.218,Brahminy Kite (21.83%) | White-bellied Sea-Eagle (2.50%) | Malabar Starling (1.86%) | Green Imperial Pigeon (1.37%) | Blue-faced Malkoha (1.23%)
IMG_4380.JPG,"10.990881, 76.968189",2024-06-28 04:28:14,1,0.9994722008705139,7.308,Brahminy Kite,Brahminy Kite,Brahminy Kite,0.525,Brahminy Kite (52.53%) | Curlew Sandpiper (1.43%) | White-bellied Sea-Eagle (1.28%) | Malabar Starling (1.16%) | Green Imperial Pigeon (1.14%)
IMG_4381.JPG,"10.990881, 76.968189",2024-06-28 04:28:16,1,0.9996906518936157,6.246,,Manual: Brahminy Kite,Brahminy Kite,0.183,Brahminy Kite (18.34%) | Malabar Starling (3.59%) | Pied Cuckoo (1.91%) | Green Imperial Pigeon (1.71%) | Eurasian Crag-Martin (1.57%)
IMG_4382.JPG,"10.990881, 76.968189",2024-06-28 04:28:18,1,0.9992399215698242,6.463,,Manual: Brahminy Kite,Brahminy Kite,0.089,Brahminy Kite (8.88%) | Pied Cuckoo (2.09%) | Black-winged Stilt (2.00%) | Eurasian Crag-Martin (1.64%) | Malabar Starling (1.60%)
IMG_4383.JPG,"10.990881, 76.968189",2024-06-28 04:28:21,1,0.9994775652885437,6.34,,Manual: Brahminy Kite,Lesser Black-backed Gull,0.044,Lesser Black-backed Gull (4.39%) | Malabar Starling (3.19%) | Brahminy Kite (3.18%) | White-bellied Sea-Eagle (3.08%) | Lesser Noddy (2.25%)
IMG_4386.JPG,"10.990881, 76.968189",2024-06-28 04:30:26,1,0.9989043474197388,7.163,,Manual: Little Cormorant,Dusky Crag-Martin,0.146,Dusky Crag-Martin (14.60%) | Little Swift (13.29%) | Crested Serpent-Eagle (8.36%) | Large-billed Crow (5.66%) | Black Drongo (1.38%)
IMG_4387.JPG,"10.990881, 76.968189",2024-06-28 04:30:28,1,0.9994309544563293,7.057,,Manual: Little Cormorant,Black Kite,0.091,Black Kite (9.08%) | Black Eagle (7.38%) | Rock Pigeon (2.81%) | Greater Coucal (2.77%) | Great Cormorant (1.63%)
IMG_4388.JPG,"10.990881, 76.968189",2024-06-28 04:30:29,1,0.9962406158447266,10.841,Little Cormorant,Little Cormorant,Dusky Crag-Martin,0.385,Dusky Crag-Martin (38.53%) | Little Swift (17.88%) | Black Drongo (4.00%) | Large-billed Crow (1.68%) | Greater Racket-tailed Drongo (0.94%)
IMG_4393.JPG,"10.990578762430289, 76.96792519345381",2024-06-28 04:33:18,1,0.9992140531539917,5.65,,Manual: Medium Egret,Medium Egret,0.249,Medium Egret (24.92%) | Gull-billed Tern (7.95%) | Great Egret (5.54%) | Black-headed Ibis (5.31%) | Black-headed Gull (5.17%)
IMG_4397.JPG,"10.990578762430289, 76.96792519345381",2024-06-28 04:36:15,2,0.9971700310707092,6.63,,,,0,
IMG_4398.JPG,"10.990578762430289, 76.96792519345381",2024-06-28 04:37:47,2,0.999355137348175,6.011,,,,0,
IMG_4400.JPG,No GPS Data,2024-06-28 04:38:08,0,0,0.0,,,,0,
IMG_4410.JPG,"10.990510654738348, 76.96828211613179",2024-06-28 04:49:14,3,0.962400496006012,6.021,,,,0,
IMG_4414.JPG,"10.990510654738348, 76.96828211613179",2024-06-28 04:51:45,1,0.9976270794868469,8.879,,Manual: Little Cormorant,Indian Cormorant,0.184,Indian Cormorant (18.41%) | Little Cormorant (15.53%) | Eurasian Coot (14.88%) | Asian Koel (2.53%) | White-breasted Waterhen (1.91%)
IMG_4415.JPG,"10.990510654738348, 76.96828211613179",2024-06-28 04:54:07,3,0.9746742248535156,5.625,,,,0,
IMG_4420.JPG,"10.990881, 76.968189",2024-06-28 04:56:01,1,0.9464449882507324,5.173,,Manual: Common Kingfisher,House Crow,0.037,House Crow (3.74%) | Tickell's Blue Flycatcher (3.60%) | Little Cormorant (1.98%) | Barn Swallow (1.88%) | White-throated Kingfisher (1.87%)
IMG_4423.JPG,"10.990881, 76.968189",2024-06-28 04:56:03,1,0.9986456036567688,5.148,,Manual: Common Kingfisher,Common Kingfisher,0.136,Common Kingfisher (13.62%) | White-throated Kingfisher (11.05%) | Stork-billed Kingfisher (3.45%) | Black-backed Dwarf Kingfisher (3.24%) | Great Cormorant (2.42%)
IMG_4424.JPG,"10.990881, 76.968189",2024-06-28 04:56:04,1,0.9770715832710266,4.875,,Manual: Common Kingfisher,White-throated Kingfisher,0.197,White-throated Kingfisher (19.70%) | Purple Sunbird (3.53%) | Common Kingfisher (1.82%) | Booted Warbler (1.56%) | Northern Shoveler (1.47%)
IMG_4425.JPG,"10.990881, 76.968189",2024-06-28 04:56:17,1,0.9994087219238281,5.058,Common Kingfisher,Common Kingfisher,Common Kingfisher,0.328,Common Kingfisher (32.77%) | Blue-eared Kingfisher (12.25%) | White-throated Kingfisher (3.45%) | Stork-billed Kingfisher (1.70%) | Great Cormorant (1.31%)
IMG_4426.JPG,"10.990881, 76.968189",2024-06-28 04:56:19,1,0.9992824196815491,5.451,,Manual: Common Kingfisher,Blue-eared Kingfisher,0.185,Blue-eared Kingfisher (18.46%) | Common Kingfisher (7.99%) | White-throated Kingfisher (2.81%) | Cinnamon Bittern (2.74%) | Peregrine Falcon (1.64%)
IMG_4427.JPG,"10.990881, 76.968189",2024-06-28 04:56:20,1,0.9967711567878723,5.47,,Manual: Common Kingfisher,White-throated Kingfisher,0.122,White-throated Kingfisher (12.15%) | Blue-eared Kingfisher (7.50%) | Common Kingfisher (5.58%) | Tickell's Blue Flycatcher (2.30%) | Indian Pitta (2.06%)
IMG_4428.JPG,"10.990881, 76.968189",2024-06-28 04:56:22,1,0.9987040758132935,5.157,Common Kingfisher,Common Kingfisher,Common Kingfisher,0.559,Common Kingfisher (55.91%) | Blue-eared Kingfisher (8.47%) | White-throated Kingfisher (1.45%) | Cinnamon Bittern (0.80%) | Tickell's Blue Flycatcher (0.71%)
IMG_4433.JPG,"10.990510654738348, 76.96828211613179",2024-06-28 05:20:36,1,0.9993925094604492,5.65,Red-vented Bulbul,Red-vented Bulbul,Red-vented Bulbul,0.351,Red-vented Bulbul (35.12%) | Red-whiskered Bulbul (7.54%) | White-eared Bulbul (5.81%) | White-bellied Drongo (1.22%) | Flame-throated Bulbul (1.17%)
IMG_4436.JPG,"10.990510654738348, 76.96828211613179",2024-06-28 05:22:22,1,0.9993565678596497,5.664,Red-vented Bulbul,Red-vented Bulbul,Red-vented Bulbul,0.917,Red-vented Bulbul (91.73%) | Red-whiskered Bulbul (0.62%) | Pied Bushchat (0.30%) | Common Buzzard (0.15%) | Brown Shrike (0.12%)
IMG_4437.JPG,"11.0167202, 76.9773787",2024-06-28 05:22:24,1,0.9983762502670288,5.765,Red-vented Bulbul,Red-vented Bulbul,Red-vented Bulbul,0.866,Red-vented Bulbul (86.62%) | Red-whiskered Bulbul (1.23%) | Brown Shrike (0.24%) | Flame-throated Bulbul (0.20%) | Indian Paradise-Flycatcher (0.18%)
IMG_4438.JPG,"11.0167202, 76.9773787",2024-06-28 05:22:27,1,0.9990774393081665,5.695,Red-vented Bulbul,Red-vented Bulbul,Red-vented Bulbul,0.864,Red-vented Bulbul (86.41%) | Red-whiskered Bulbul (2.43%) | White-eared Bulbul (0.25%) | Flame-throated Bulbul (0.16%) | Pied Bushchat (0.16%)
IMG_4447.JPG,"10.5945342, 76.0393596",2024-06-28 23:33:19,2,0.998738706111908,5.944,,Manual: Yellow-billed Babbler,,0,
IMG_4450.JPG,"10.5945342, 76.0393596",2024-06-28 23:40:05,1,0.9862988591194153,3.961,,Manual: Indian Cormorant,Eurasian Coot,0.149,Eurasian Coot (14.88%) | Eurasian Moorhen (7.93%) | Indian Cormorant (4.56%) | Jungle Bush-Quail (2.66%) | Green Sandpiper (1.50%)
IMG_4456.JPG,"10.5945342, 76.0393596",2024-06-28 23:41:08,1,0.9965140223503113,4.093,,Manual: Indian Cormorant,Eurasian Coot,0.15,Eurasian Coot (14.99%) | Little Grebe (9.75%) | Little Cormorant (7.03%) | Common Pochard (2.26%) | Sykes's Warbler (1.63%)
IMG_4460.JPG,"10.5945342, 76.0393596",2024-06-28 23:43:13,2,0.779350221157074,6.821,,Manual: Purple-rumped Sunbird,,0,
IMG_4474.JPG,"11.507621, 77.247097",2024-06-30 20:59:19,1,0.9994696974754333,5.542,Common Myna,Common Myna,Common Myna,0.885,Common Myna (88.54%) | Crested Serpent-Eagle (0.40%) | Golden-fronted Leafbird (0.20%) | Greater Spotted Eagle (0.15%) | Eurasian Sparrowhawk (0.15%)
IMG_4477.JPG,"11.507621, 77.247097",2024-06-30 20:59:32,1,0.9982377290725708,4.199,Great Cormorant,Great Cormorant,Great Cormorant,0.631,Great Cormorant (63.14%) | Indian Cormorant (2.28%) | Little Cormorant (1.34%) | Oriental Darter (0.76%) | River Tern (0.75%)
IMG_4492.JPG,"11.507621, 77.247097",2024-06-30 21:01:41,1,0.9993545413017273,4.5,Great Egret,Manual: Little Egret,Great Egret,0.357,Great Egret (35.70%) | Little Egret (10.38%) | Medium Egret (7.31%) | Black-headed Ibis (3.64%) | Common Chiffchaff (0.88%)
IMG_4494.JPG,"11.507621, 77.247097",2024-06-30 21:02:18,1,0.9992774128913879,6.626,,Manual: House Sparrow,House Sparrow,0.26,House Sparrow (26.01%) | Dusky Crag-Martin (2.51%) | Striolated Bunting (1.53%) | Bluethroat (1.41%) | Zitting Cisticola (1.08%)
IMG_4496.JPG,"11.507621, 77.247097",2024-06-30 21:03:23,1,0.9840218424797058,8.723,Little Egret,Little Egret,Little Egret,0.434,Little Egret (43.36%) | Great Egret (7.68%) | Medium Egret (5.09%) | Brown Boobook (1.33%) | Helmeted Guineafowl (0.94%)
IMG_4505.JPG,"11.507621, 77.247097",2024-06-30 21:05:41,1,0.9971948862075806,3.742,Common Myna,Common Myna,Common Myna,0.676,Common Myna (67.63%) | Red-vented Bulbul (2.07%) | Rufous Treepie (1.43%) | Jungle Myna (1.43%) | White-browed Wagtail (1.22%)
IMG_4515.JPG,"11.507621, 77.247097",2024-06-30 21:08:10,1,0.9990190267562866,4.908,Little Heron,Little Heron,Little Heron,0.899,Little Heron (89.93%) | Little Cormorant (0.57%) | Gray-fronted Green-Pigeon (0.35%) | Oriental Turtle-Dove (0.26%) | Common Cuckoo (0.25%)
IMG_4519.JPG,"11.507621, 77.247097",2024-06-30 21:10:20,2,0.8647571802139282,6.227,,,,0,
IMG_4522.JPG,"11.507621, 77.247097",2024-06-30 21:11:05,1,0.9992607235908508,6.029,White-throated Kingfisher,White-throated Kingfisher,White-throated Kingfisher,0.382,White-throated Kingfisher (38.20%) | Stork-billed Kingfisher (6.40%) | Common Kingfisher (3.43%) | Tricolored Munia (0.73%) | Black-backed Dwarf Kingfisher (0.71%)
IMG_4526.JPG,"11.507621, 77.247097",2024-06-30 21:12:02,1,0.9972527623176575,5.082,Little Egret,Little Egret,Little Egret,0.432,Little Egret (43.16%) | Great Egret (21.47%) | Medium Egret (5.37%) | Eastern Cattle-Egret (1.01%) | Asian Koel (0.98%)
IMG_4531.JPG,"11.507621, 77.247097",2024-06-30 21:12:37,1,0.9969863295555115,6.471,,Manual: Black Drongo,Black Drongo,0.139,Black Drongo (13.94%) | Large-billed Crow (7.50%) | House Crow (6.90%) | Ashy Drongo (3.04%) | Black Kite (2.63%)
IMG_4535.JPG,"11.507621, 77.247097",2024-06-30 21:12:56,1,0.9989181756973267,3.951,Asian Openbill,Asian Openbill,Asian Openbill,0.428,Asian Openbill (42.78%) | Painted Stork (2.16%) | Pied Avocet (2.13%) | Grey Heron (1.94%) | White-bellied Sea-Eagle (1.72%)
IMG_4544.JPG,No GPS Data,2024-06-30 21:14:17,0,0,0.0,,,,0,
IMG_4545.JPG,"11.507621, 77.247097",2024-06-30 21:14:33,1,0.9285396337509155,4.782,,Manual: Common Myna,Pied Cuckoo,0.097,Pied Cuckoo (9.73%) | Common Myna (6.15%) | Eurasian Moorhen (4.45%) | Indian Pied Starling (3.36%) | Greater Spotted Eagle (3.06%)
IMG_4549.JPG,"11.507621, 77.247097",2024-06-30 21:14:51,1,0.9994242191314697,3.986,House Sparrow,House Sparrow,House Sparrow,0.632,House Sparrow (63.23%) | Black-headed Bunting (1.60%) | Zitting Cisticola (1.42%) | Yellow-eyed Babbler (1.41%) | Striolated Bunting (1.13%)
IMG_4553.JPG,"11.507621, 77.247097",2024-06-30 21:15:37,1,0.9993221759796143,7.362,House Sparrow,House Sparrow,House Sparrow,0.792,House Sparrow (79.17%) | Greater Short-toed Lark (0.72%) | Red-headed Bunting (0.64%) | Grey-necked Bunting (0.48%) | Eastern Red-rumped Swallow (0.43%)
IMG_4556.JPG,"11.507621, 77.247097",2024-06-30 21:16:13,3,0.9987338185310364,8.215,,,,0,
IMG_8102.JPG,"10.993346271915508, 76.980513804182",2026-03-30 17:11:14,1,0.998836100101471,7.848,,Manual: Little Egret,Great Egret,0.13,Great Egret (13.04%) | Little Egret (12.10%) | Eastern Cattle-Egret (7.99%) | Asian Koel (1.75%) | Kentish Plover (1.70%)
IMG_8104.JPG,"10.993346271915508, 76.980513804182",2026-03-30 17:11:38,1,0.9989105463027954,7.039,Indian Pond-Heron,Indian Pond-Heron,Indian Pond-Heron,0.76,Indian Pond-Heron (75.96%) | Black-crowned Night Heron (1.59%) | Rufous Treepie (0.80%) | Great Stone-curlew (0.79%) | Grey Wagtail (0.53%)
IMG_8105.JPG,"10.993346271915508, 76.980513804182",2026-03-30 17:11:43,4,0.9978929162025452,7.193,,,,0,
IMG_8106.JPG,"10.993346271915508, 76.980513804182",2026-03-30 17:11:46,3,0.9743056297302246,7.993,,,,0,
IMG_8108.JPG,"10.993346271915508, 76.980513804182",2026-03-30 17:12:18,1,0.9958873391151428,5.639,Eurasian Coot,Eurasian Coot,Eurasian Coot,0.78,Eurasian Coot (77.96%) | Eurasian Moorhen (0.96%) | White-breasted Waterhen (0.89%) | Crested Serpent-Eagle (0.85%) | Mallard (0.72%)
IMG_8113.JPG,"10.993346271915508, 76.980513804182",2026-03-30 17:13:40,1,0.9994766116142273,5.629,Eurasian Coot,Eurasian Coot,Eurasian Coot,0.333,Eurasian Coot (33.30%) | Laughing Dove (5.01%) | Large Grey Babbler (3.99%) | Blue-faced Malkoha (2.32%) | Pale-billed Flowerpecker (1.54%)
IMG_8116.JPG,"10.993346271915508, 76.980513804182",2026-03-30 17:13:58,1,0.9989210367202759,5.287,Grey Heron,Grey Heron,Grey Heron,0.84,Grey Heron (83.95%) | Eastern Cattle-Egret (1.00%) | Purple Heron (0.85%) | Jerdon's Leafbird (0.35%) | Oriental Darter (0.31%)
IMG_8118.JPG,"10.993346271915508, 76.980513804182",2026-03-30 17:14:27,1,0.9988162517547607,5.411,Little Grebe,Little Grebe,Little Grebe,0.915,Little Grebe (91.55%) | Lesser Whistling-Duck (0.33%) | Indian Pond-Heron (0.16%) | Common Pochard (0.14%) | Red-crested Pochard (0.13%)
IMG_8119.JPG,"10.993346271915508, 76.980513804182",2026-03-30 17:14:41,2,0.9987035989761353,5.756,,,,0,
IMG_8123.JPG,"10.993346271915508, 76.980513804182",2026-03-30 17:15:56,2,0.9819693565368652,6.71,,,,0,
IMG_8124.JPG,"10.993346271915508, 76.980513804182",2026-03-30 17:15:58,2,0.9919003248214722,6.803,,,,0,
IMG_8126.JPG,"10.993346271915508, 76.980513804182",2026-03-30 17:16:11,1,0.9925981760025024,6.898,Indian Pond-Heron,Indian Pond-Heron,Indian Pond-Heron,0.427,Indian Pond-Heron (42.67%) | Cinnamon Bittern (3.75%) | Black Bittern (3.58%) | Black-crowned Night Heron (2.62%) | Yellow Bittern (1.52%)
IMG_8129.JPG,"10.993346271915508, 76.980513804182",2026-03-30 17:17:03,1,0.9918730854988098,5.808,Little Grebe,Little Grebe,Little Grebe,0.936,Little Grebe (93.56%) | Common Pochard (0.23%) | Lesser Whistling-Duck (0.14%) | Red-crested Pochard (0.12%) | Slender-billed Gull (0.09%)
IMG_8130.JPG,"10.993346271915508, 76.980513804182",2026-03-30 17:17:36,1,0.999565064907074,5.329,,Manual: Indian Pond-Heron,Indian Pond-Heron,0.162,Indian Pond-Heron (16.24%) | Great Egret (5.27%) | Little Tern (2.85%) | Slender-billed Gull (2.61%) | Common Redshank (1.89%)
IMG_8132.JPG,"10.993346271915508, 76.980513804182",2026-03-30 17:17:42,1,0.9988646507263184,5.285,Indian Pond-Heron,Indian Pond-Heron,Indian Pond-Heron,0.622,Indian Pond-Heron (62.22%) | Yellow Bittern (5.59%) | Black-crowned Night Heron (2.23%) | Black Bittern (0.78%) | Cinnamon Bittern (0.71%)
IMG_8133.JPG,"10.993346271915508, 76.980513804182",2026-03-30 17:17:57,2,0.9994138479232788,5.845,,,,0,
IMG_8135.JPG,"10.993346271915508, 76.980513804182",2026-03-30 17:18:23,2,0.993216335773468,5.854,,,,0,
IMG_8141.JPG,"10.993346271915508, 76.980513804182",2026-03-30 17:19:26,1,0.998462438583374,7.534,,Manual: Gray-headed Swamphen,Gray-headed Swamphen,0.233,Gray-headed Swamphen (23.32%) | Malabar Whistling-Thrush (3.12%) | Black-backed Dwarf Kingfisher (1.25%) | Eurasian Coot (1.20%) | Green Imperial Pigeon (1.18%)
IMG_8145.JPG,"10.993346271915508, 76.980513804182",2026-03-30 17:19:55,1,0.9979760050773621,5.635,,Manual: Little Grebe,Brown Crake,0.218,Brown Crake (21.81%) | Eurasian Coot (6.23%) | Little Grebe (6.14%) | Eurasian Moorhen (4.79%) | Shikra (2.72%)
IMG_8148.JPG,"10.993346271915508, 76.980513804182",2026-03-30 17:21:12,1,0.9989583492279053,5.517,,Manual: Little Grebe,Cotton Pygmy-Goose,0.178,Cotton Pygmy-Goose (17.84%) | Eurasian Coot (3.54%) | Tufted Duck (2.87%) | Cinnamon Bittern (2.51%) | Red-crested Pochard (2.37%)
IMG_8150.JPG,"10.993346271915508, 76.980513804182",2026-03-30 17:21:40,2,0.9964450001716614,7.006,,,,0,
IMG_8152.JPG,"10.993346271915508, 76.980513804182",2026-03-30 17:21:46,1,0.996283233165741,8.321,Eastern Cattle-Egret,Eastern Cattle-Egret,Eastern Cattle-Egret,0.557,Eastern Cattle-Egret (55.74%) | Great Egret (5.17%) | Medium Egret (3.96%) | Little Egret (2.02%) | Clamorous Reed Warbler (0.59%)
IMG_8160.JPG,"10.993346271915508, 76.980513804182",2026-03-30 17:27:24,1,0.9993433356285095,5.36,Indian Pond-Heron,Indian Pond-Heron,Indian Pond-Heron,0.347,Indian Pond-Heron (34.71%) | Yellow Bittern (6.08%) | Black-crowned Night Heron (2.20%) | Changeable Hawk-Eagle (1.71%) | Barn Swallow (1.20%)
IMG_8163.JPG,"10.993346271915508, 76.980513804182",2026-03-30 17:27:50,2,0.937563419342041,5.886,,Manual: Indian Spot-billed Duck,,0,
IMG_8164.JPG,"10.993346271915508, 76.980513804182",2026-03-30 17:30:15,3,0.9940981864929199,6.574,,,,0,
IMG_8166.JPG,"10.993346271915508, 76.980513804182",2026-03-30 17:30:22,4,0.9972341656684875,6.569,,,,0,
IMG_8167.JPG,"10.993346271915508, 76.980513804182",2026-03-30 17:30:25,2,0.8844468593597412,7.493,,,,0,
IMG_8170.JPG,"10.993346271915508, 76.980513804182",2026-03-30 17:32:00,1,0.9996198415756226,4.273,Little Grebe,Little Grebe,Little Grebe,0.93,Little Grebe (93.04%) | Lesser Whistling-Duck (0.42%) | Cotton Pygmy-Goose (0.20%) | Swan Goose (0.10%) | Booted Warbler (0.09%)
IMG_8171.JPG,"10.993168289100955, 76.98382326871736",2026-03-31 02:41:24,1,0.9958171248435974,7.714,,Manual: Black Kite,Brahminy Kite,0.088,Brahminy Kite (8.76%) | Peregrine Falcon (7.09%) | Tawny Eagle (6.52%) | Black Kite (2.36%) | Vernal Hanging-Parrot (1.97%)
IMG_8175.JPG,"10.993168289100955, 76.98382326871736",2026-03-31 02:43:22,1,0.9832848906517029,6.207,,Manual: Black Kite,Brahminy Kite,0.171,Brahminy Kite (17.08%) | Black Kite (5.19%) | Tawny Eagle (5.04%) | Peregrine Falcon (2.84%) | Rufous Woodpecker (2.06%)
IMG_8180.JPG,"10.993168289100955, 76.98382326871736",2026-03-31 02:45:49,1,0.9972768425941467,6.286,,Manual: Black Kite,Tawny Eagle,0.257,Tawny Eagle (25.75%) | Black Kite (8.10%) | Brahminy Kite (3.90%) | Scaly-breasted Munia (2.31%) | Montagu's Harrier (2.09%)
IMG_8182.JPG,"10.993168289100955, 76.98382326871736",2026-03-31 02:45:53,1,0.9922844767570496,5.534,,Manual: Black Kite,Brahminy Kite,0.097,Brahminy Kite (9.69%) | Black Kite (8.29%) | Tawny Eagle (6.30%) | Peregrine Falcon (3.61%) | Western Marsh Harrier (2.17%)
IMG_8190.JPG,"10.993168289100955, 76.98382326871736",2026-03-31 17:07:55,1,0.9973177313804626,5.606,,Manual: Black Kite,Black Kite,0.116,Black Kite (11.62%) | Tawny Eagle (8.24%) | Scaly-breasted Munia (4.29%) | Montagu's Harrier (4.08%) | Brown Fish-Owl (2.66%)
IMG_8191.JPG,"10.993168289100955, 76.98382326871736",2026-03-31 17:07:57,1,0.9887900352478027,5.279,,Manual: Black Kite,Chestnut-tailed Starling,0.053,Chestnut-tailed Starling (5.30%) | Tawny Eagle (3.24%) | Indian Vulture (2.66%) | Paddyfield Warbler (2.31%) | Brahminy Kite (2.19%)
IMG_8193.JPG,"10.993168289100955, 76.98382326871736",2026-03-31 17:08:48,1,0.9944924116134644,6.036,Asian Koel,Asian Koel,Asian Koel,0.572,Asian Koel (57.24%) | Ashy Drongo (1.77%) | Greater Racket-tailed Drongo (1.43%) | Common Iora (1.29%) | Tricolored Munia (1.28%)
IMG_8197.JPG,"10.993168289100955, 76.98382326871736",2026-03-31 17:11:30,1,0.9991955161094666,5.222,,Manual: Yellow-billed Babbler,Yellow-billed Babbler,0.181,Yellow-billed Babbler (18.09%) | Jungle Babbler (11.61%) | Rock Bush-Quail (3.48%) | Large Grey Babbler (2.03%) | Red Spurfowl (1.82%)
IMG_8198.JPG,"10.993168289100955, 76.98382326871736",2026-03-31 17:12:05,1,0.9996427297592163,5.934,,Manual: Black Kite,Black Kite,0.159,Black Kite (15.92%) | Brahminy Kite (15.59%) | Tawny Eagle (6.33%) | Montagu's Harrier (3.87%) | White-eyed Buzzard (2.50%)
IMG_8202.JPG,"10.993168289100955, 76.98382326871736",2026-03-31 17:12:38,1,0.9974241256713867,5.138,,Manual: Black Kite,Brahminy Kite,0.279,Brahminy Kite (27.94%) | Black Kite (26.87%) | Tawny Eagle (4.83%) | Bonelli's Eagle (2.05%) | Peregrine Falcon (1.87%)
IMG_8206.JPG,"10.993168289100955, 76.98382326871736",2026-03-31 18:13:31,1,0.9991344809532166,5.942,,Manual: Black Kite,Tawny Eagle,0.274,Tawny Eagle (27.37%) | Brahminy Starling (4.82%) | Black Kite (4.13%) | Steppe Eagle (3.76%) | Booted Eagle (3.58%)
IMG_8208.JPG,"10.993168289100955, 76.98382326871736",2026-03-31 18:13:34,1,0.9991111159324646,5.92,Black Kite,Black Kite,Tawny Eagle,0.417,Tawny Eagle (41.67%) | Black Kite (6.79%) | Brown Fish-Owl (3.10%) | Booted Eagle (2.77%) | Steppe Eagle (2.42%)
IMG_8209.JPG,"10.993168289100955, 76.98382326871736",2026-03-31 18:13:37,1,0.9990863800048828,6.119,,Manual: Black Kite,Tawny Eagle,0.099,Tawny Eagle (9.89%) | Black Kite (8.33%) | Brahminy Starling (3.05%) | Peregrine Falcon (3.02%) | Booted Eagle (1.66%)
IMG_8210.JPG,"10.993168289100955, 76.98382326871736",2026-03-31 18:14:04,1,0.999517560005188,5.482,,Manual: Black Kite,Brahminy Kite,0.213,Brahminy Kite (21.26%) | Western Marsh Harrier (11.42%) | Black Kite (5.66%) | Tawny Eagle (4.72%) | White-eyed Buzzard (1.56%)
IMG_8213.JPG,"10.969805348382677, 76.92827262920983",2026-03-31 22:09:56,1,0.9990963935852051,7.172,White-browed Wagtail,White-browed Wagtail,White-browed Wagtail,0.92,White-browed Wagtail (91.96%) | White-throated Kingfisher (0.46%) | Indian Pied Starling (0.28%) | Oriental Magpie-Robin (0.17%) | Red-wattled Lapwing (0.17%)
IMG_8214.JPG,"10.969805348382677, 76.92827262920983",2026-03-31 22:09:57,1,0.996743381023407,6.907,White-browed Wagtail,White-browed Wagtail,White-browed Wagtail,0.884,White-browed Wagtail (88.44%) | Indian Pied Starling (0.36%) | Red-wattled Lapwing (0.27%) | White-throated Kingfisher (0.23%) | Pied Bushchat (0.22%)
IMG_8215.JPG,"10.969805348382677, 76.92827262920983",2026-03-31 22:09:58,1,0.9943600296974182,7.048,White-browed Wagtail,White-browed Wagtail,White-browed Wagtail,0.91,White-browed Wagtail (90.95%) | Indian Pied Starling (0.49%) | White-throated Kingfisher (0.23%) | Eastern Yellow Wagtail (0.22%) | Indian Pond-Heron (0.16%)
IMG_8218.JPG,"10.969805348382677, 76.92827262920983",2026-03-31 22:10:30,2,0.8886946439743042,6.339,,Manual: White-browed Wagtail,,0,
IMG_8219.JPG,"10.969805348382677, 76.92827262920983",2026-03-31 22:13:37,5,0.9987601041793823,8.526,,,,0,
IMG_8221.JPG,"10.969805348382677, 76.92827262920983",2026-03-31 22:13:57,4,0.9985297918319702,8.529,,,,0,
IMG_8223.JPG,"10.969805348382677, 76.92827262920983",2026-03-31 22:14:00,4,0.9932876229286194,7.421,,,,0,
IMG_8224.JPG,"10.969805348382677, 76.92827262920983",2026-03-31 22:14:01,3,0.9932711720466614,6.979,,,,0,
IMG_8225.JPG,"10.969805348382677, 76.92827262920983",2026-03-31 22:14:02,5,0.8762351274490356,8.163,,,,0,
IMG_8226.JPG,"10.969805348382677, 76.92827262920983",2026-03-31 22:14:07,2,0.9992780089378357,7.913,,,,0,
IMG_8228.JPG,"10.969805348382677, 76.92827262920983",2026-03-31 22:14:25,5,0.9381734132766724,8.537,,,,0,
IMG_8229.JPG,"10.969805348382677, 76.92827262920983",2026-03-31 22:14:30,1,0.9994019269943237,6.445,,Manual: Medium Egret,Medium Egret,0.184,Medium Egret (18.37%) | Great Egret (16.90%) | Eastern Cattle-Egret (4.47%) | Western Reef Heron (1.56%) | Little Egret (1.12%)
IMG_8230.JPG,"10.969805348382677, 76.92827262920983",2026-03-31 22:14:41,1,0.9995465874671936,6.588,Western Yellow Wagtail,Western Yellow Wagtail,Western Yellow Wagtail,0.526,Western Yellow Wagtail (52.59%) | Eastern Yellow Wagtail (28.76%) | Citrine Wagtail (0.89%) | Purple-rumped Sunbird (0.61%) | White Wagtail (0.41%)
IMG_8233.JPG,"10.969805348382677, 76.92827262920983",2026-03-31 22:14:55,1,0.9996445178985596,7.399,Eastern Cattle-Egret,Eastern Cattle-Egret,Eastern Cattle-Egret,0.986,Eastern Cattle-Egret (98.58%) | Little Egret (0.06%) | Indian Pond-Heron (0.05%) | Small Pratincole (0.04%) | Brahminy Starling (0.02%)
IMG_8236.JPG,"10.969805348382677, 76.92827262920983",2026-03-31 22:15:17,3,0.9970836043357849,6.67,,,,0,
IMG_8237.JPG,"10.969805348382677, 76.92827262920983",2026-03-31 22:15:19,2,0.9992547631263733,6.547,,,,0,
IMG_8240.JPG,"10.969805348382677, 76.92827262920983",2026-03-31 22:15:34,2,0.9935417175292969,8.501,,Manual: Indian Pond-Heron,,0,
IMG_8241.JPG,"10.969805348382677, 76.92827262920983",2026-03-31 22:15:48,1,0.9986672401428223,7.511,,Manual: Western Yellow Wagtail,Western Yellow Wagtail,0.107,Western Yellow Wagtail (10.72%) | Rufous Treepie (4.61%) | Blue-tailed Bee-eater (3.39%) | Black-hooded Oriole (2.57%) | Indian White-eye (2.54%)
IMG_8242.JPG,"10.969805348382677, 76.92827262920983",2026-03-31 22:16:02,1,0.9993442893028259,6.972,Western Yellow Wagtail,Western Yellow Wagtail,Western Yellow Wagtail,0.713,Western Yellow Wagtail (71.29%) | Eastern Yellow Wagtail (13.76%) | Black-headed Bunting (0.41%) | Citrine Wagtail (0.33%) | Red-headed Bunting (0.29%)
IMG_8243.JPG,"10.969805348382677, 76.92827262920983",2026-03-31 22:16:12,1,0.999183714389801,6.968,Black-headed Ibis,Black-headed Ibis,Black-headed Ibis,0.731,Black-headed Ibis (73.11%) | Glossy Ibis (0.75%) | Lesser Flamingo (0.50%) | Black Stork (0.46%) | Indian Cormorant (0.44%)
IMG_8245.JPG,"10.969805348382677, 76.92827262920983",2026-03-31 22:16:20,8,0.9972456693649292,6.962,,,,0,
IMG_8246.JPG,"10.969805348382677, 76.92827262920983",2026-03-31 22:16:35,1,0.9992820620536804,6.234,Indian Pond-Heron,Indian Pond-Heron,Indian Pond-Heron,0.61,Indian Pond-Heron (60.98%) | Black Bittern (3.81%) | Little Heron (2.40%) | Yellow Bittern (1.68%) | Cinnamon Bittern (1.44%)
IMG_8248.JPG,"10.969805348382677, 76.92827262920983",2026-03-31 22:17:30,2,0.9993106126785278,7.25,,,,0,
IMG_8251.JPG,"10.969805348382677, 76.92827262920983",2026-03-31 22:17:44,2,0.9990302324295044,8.05,,,,0,
IMG_8252.JPG,"10.969805348382677, 76.92827262920983",2026-03-31 22:17:46,3,0.9991341233253479,6.97,,,,0,
IMG_8255.JPG,"10.969805348382677, 76.92827262920983",2026-03-31 22:18:05,1,0.9988131523132324,5.907,Wood Sandpiper,Wood Sandpiper,Wood Sandpiper,0.73,Wood Sandpiper (73.04%) | Green Sandpiper (1.00%) | Golden-fronted Leafbird (0.98%) | Spotted Redshank (0.56%) | Eurasian Whimbrel (0.43%)
IMG_8257.JPG,"10.969805348382677, 76.92827262920983",2026-03-31 22:18:10,1,0.9995461106300354,5.944,Wood Sandpiper,Wood Sandpiper,Wood Sandpiper,0.663,Wood Sandpiper (66.33%) | Black-bellied Plover (1.14%) | Green Sandpiper (1.03%) | Eurasian Whimbrel (0.93%) | Asian Koel (0.72%)
IMG_8258.JPG,"10.969805348382677, 76.92827262920983",2026-03-31 22:18:22,2,0.9986514449119568,8.072,,,,0,
IMG_8259.JPG,"10.969805348382677, 76.92827262920983",2026-03-31 22:18:23,2,0.9971561431884766,8.21,,,,0,
IMG_8261.JPG,"10.969805348382677, 76.92827262920983",2026-03-31 22:18:35,1,0.9992794394493103,5.796,Indian Pond-Heron,Indian Pond-Heron,Indian Pond-Heron,0.494,Indian Pond-Heron (49.40%) | Yellow-wattled Lapwing (5.33%) | Pallas's Gull (4.32%) | Black-crowned Night Heron (2.10%) | Red-wattled Lapwing (2.03%)
IMG_8263.JPG,"10.969805348382677, 76.92827262920983",2026-03-31 22:18:51,4,0.8859139084815979,6.816,,,,0,
IMG_8264.JPG,"10.969805348382677, 76.92827262920983",2026-03-31 22:18:53,2,0.9914058446884155,6.818,,,,0,
IMG_8265.JPG,"10.969805348382677, 76.92827262920983",2026-03-31 22:19:04,1,0.9990111589431763,6.53,Glossy Ibis,Glossy Ibis,Glossy Ibis,0.812,Glossy Ibis (81.21%) | Red-naped Ibis (1.47%) | Green-winged Teal (0.45%) | Ruddy-breasted Crake (0.28%) | Bronze-winged Jacana (0.23%)
IMG_8266.JPG,"10.969805348382677, 76.92827262920983",2026-03-31 22:19:06,2,0.9976668357849121,5.076,,,,0,
IMG_8267.JPG,"10.969805348382677, 76.92827262920983",2026-03-31 22:19:09,2,0.997883141040802,5.801,,,,0,
IMG_8269.JPG,"10.969805348382677, 76.92827262920983",2026-03-31 22:19:17,2,0.9985561966896057,6.0,,,,0,
IMG_8270.JPG,"10.969805348382677, 76.92827262920983",2026-03-31 22:19:47,1,0.9992009997367859,5.988,Wood Sandpiper,Wood Sandpiper,Wood Sandpiper,0.722,Wood Sandpiper (72.24%) | Black-bellied Plover (0.74%) | Brown-capped Pygmy Woodpecker (0.64%) | Eurasian Whimbrel (0.56%) | Blue-tailed Bee-eater (0.42%)
IMG_8271.JPG,"10.969805348382677, 76.92827262920983",2026-03-31 22:19:58,1,0.9994956254959106,6.188,Western Yellow Wagtail,Western Yellow Wagtail,Western Yellow Wagtail,0.724,Western Yellow Wagtail (72.37%) | Eastern Yellow Wagtail (11.05%) | Citrine Wagtail (1.08%) | Grey Wagtail (0.48%) | White Wagtail (0.28%)
IMG_8275.JPG,"10.969805348382677, 76.92827262920983",2026-03-31 22:20:32,1,0.9986780285835266,6.377,,Manual: Wood Sandpiper,Wood Sandpiper,0.12,Wood Sandpiper (11.97%) | Eurasian Whimbrel (5.64%) | Spotted Redshank (4.68%) | Black-bellied Plover (3.17%) | Green Sandpiper (2.58%)
IMG_8276.JPG,"10.969805348382677, 76.92827262920983",2026-03-31 22:20:34,1,0.9908815622329712,7.068,Wood Sandpiper,Wood Sandpiper,Wood Sandpiper,0.392,Wood Sandpiper (39.18%) | Eurasian Whimbrel (10.84%) | Spotted Redshank (3.54%) | Black-bellied Plover (1.76%) | Baillon's Crake (1.16%)
IMG_8278.JPG,"10.969805348382677, 76.92827262920983",2026-03-31 22:20:46,1,0.9996423721313477,6.129,,Manual: Indian Pond-Heron,Indian Pond-Heron,0.135,Indian Pond-Heron (13.50%) | Yellow Bittern (6.25%) | Black Bittern (2.71%) | Red-wattled Lapwing (2.58%) | Greater Spotted Eagle (1.72%)
IMG_8281.JPG,"10.969805348382677, 76.92827262920983",2026-03-31 22:20:53,1,0.9992864727973938,7.208,Indian Pond-Heron,Indian Pond-Heron,Indian Pond-Heron,0.765,Indian Pond-Heron (76.46%) | Yellow Bittern (1.67%) | Cinnamon Bittern (0.68%) | Changeable Hawk-Eagle (0.64%) | Black Bittern (0.57%)
IMG_8286.JPG,"10.969805348382677, 76.92827262920983",2026-03-31 22:22:33,1,0.9971590042114258,7.772,Black Drongo,Manual: Pied Bushchat,Black Drongo,0.424,Black Drongo (42.42%) | Pied Bushchat (7.27%) | Large-billed Crow (3.50%) | Purple Sunbird (1.37%) | Ashy Drongo (1.01%)
IMG_8287.JPG,"10.969805348382677, 76.92827262920983",2026-04-01 01:31:03,4,0.9994423985481262,6.321,,,,0,
IMG_8291.JPG,"10.969805348382677, 76.92827262920983",2026-04-01 01:32:05,3,0.996093213558197,7.495,,,,0,
IMG_8293.JPG,"10.969805348382677, 76.92827262920983",2026-04-01 01:32:59,2,0.9993067979812622,6.353,,,,0,
IMG_8294.JPG,"10.969805348382677, 76.92827262920983",2026-04-01 01:33:02,8,0.9987327456474304,7.181,,,,0,
IMG_8298.JPG,"10.969805348382677, 76.92827262920983",2026-04-01 01:33:27,4,0.9976256489753723,11.727,,,,0,
IMG_8299.JPG,"10.969805348382677, 76.92827262920983",2026-04-01 01:33:37,2,0.9990744590759277,7.846,,,,0,
IMG_8300.JPG,"10.969805348382677, 76.92827262920983",2026-04-01 01:33:41,2,0.9993663430213928,7.677,,,,0,
IMG_8301.JPG,"10.969805348382677, 76.92827262920983",2026-04-01 01:33:44,2,0.9986230134963989,5.491,,,,0,
IMG_8304.JPG,"10.969805348382677, 76.92827262920983",2026-04-01 01:34:37,3,0.9958314299583435,7.515,,,,0,
IMG_8305.JPG,"10.969805348382677, 76.92827262920983",2026-04-01 01:34:39,4,0.9984353184700012,7.627,,,,0,
IMG_8306.JPG,"10.969805348382677, 76.92827262920983",2026-04-01 01:34:42,2,0.9987927675247192,7.209,,,,0,
IMG_8307.JPG,"10.969805348382677, 76.92827262920983",2026-04-01 01:34:45,4,0.9978674650192261,8.075,,,,0,
IMG_8315.JPG,"10.991825663147019, 76.97200024180206",2026-04-01 17:41:39,1,0.9996846914291382,5.31,,Manual: Little Egret,Western Reef Heron,0.272,Western Reef Heron (27.19%) | Medium Egret (7.49%) | Great Egret (7.20%) | Little Egret (2.98%) | Lesser Whitethroat (1.19%)
IMG_8317.JPG,"10.991825663147019, 76.97200024180206",2026-04-01 17:41:56,1,0.9981016516685486,7.402,Grey Heron,Grey Heron,Grey Heron,0.452,Grey Heron (45.16%) | Western Reef Heron (11.68%) | House Crow (1.18%) | Black-crowned Night Heron (1.11%) | Purple Heron (1.09%)
IMG_8318.JPG,"10.991825663147019, 76.97200024180206",2026-04-01 17:42:10,1,0.9994298815727234,6.275,Little Grebe,Little Grebe,Little Grebe,0.936,Little Grebe (93.64%) | Lesser Whistling-Duck (0.18%) | Cotton Pygmy-Goose (0.16%) | Great Cormorant (0.12%) | Eastern Cattle-Egret (0.09%)
IMG_8320.JPG,"10.991825663147019, 76.97200024180206",2026-04-01 17:42:19,2,0.9880130290985107,5.639,,Manual: Little Egret,,0,
IMG_8323.JPG,"10.991825663147019, 76.97200024180206",2026-04-01 17:42:34,1,0.9992485642433167,5.306,Little Grebe,Little Grebe,Little Grebe,0.759,Little Grebe (75.87%) | Lesser Whistling-Duck (2.49%) | Cotton Pygmy-Goose (2.11%) | Swan Goose (0.52%) | Knob-billed Duck (0.37%)
IMG_8325.JPG,"10.991825663147019, 76.97200024180206",2026-04-01 17:43:06,2,0.9992997646331787,5.639,,,,0,
IMG_8326.JPG,"10.991825663147019, 76.97200024180206",2026-04-01 17:44:04,1,0.8133772015571594,5.757,Eurasian Moorhen,Eurasian Moorhen,Eurasian Moorhen,0.365,Eurasian Moorhen (36.45%) | White-breasted Waterhen (7.67%) | Common Myna (5.27%) | Jungle Myna (2.95%) | Eurasian Coot (1.75%)
IMG_8328.JPG,"10.991825663147019, 76.97200024180206",2026-04-01 17:45:10,4,0.9971534013748169,7.583,,,,0,
IMG_8331.JPG,No GPS Data,2026-04-01 17:45:25,0,0,0.0,,,,0,
IMG_8333.JPG,No GPS Data,2026-04-01 17:45:44,0,0,0.0,,,,0,
IMG_8334.JPG,"10.991825663147019, 76.97200024180206",2026-04-01 17:46:02,2,0.9972354769706726,7.058,,,,0,
IMG_8335.JPG,"10.991825663147019, 76.97200024180206",2026-04-01 17:48:01,1,0.9993587136268616,7.637,Common Myna,Common Myna,Common Myna,0.836,Common Myna (83.65%) | Jungle Myna (3.39%) | Chestnut-tailed Starling (0.82%) | Pied Bushchat (0.51%) | Eurasian Moorhen (0.33%)
IMG_8336.JPG,"10.991825663147019, 76.97200024180206",2026-04-01 17:52:34,3,0.8208768367767334,5.697,,Manual: Indian Peafowl,,0,
IMG_8340.JPG,"10.991825663147019, 76.97200024180206",2026-04-01 17:52:57,1,0.999312162399292,5.18,Indian Peafowl,Indian Peafowl,Indian Peafowl,0.756,Indian Peafowl (75.63%) | Asian Palm Swift (0.39%) | Green Imperial Pigeon (0.38%) | Rufous Treepie (0.36%) | Oriental Darter (0.35%)
IMG_8343.JPG,"10.991825663147019, 76.97200024180206",2026-04-01 17:53:15,1,0.993378221988678,5.342,Indian Peafowl,Indian Peafowl,Indian Peafowl,0.765,Indian Peafowl (76.50%) | Asian Palm Swift (0.52%) | Blue-eared Kingfisher (0.42%) | Rufous Treepie (0.39%) | Broad-billed Sandpiper (0.30%)
IMG_8344.JPG,"10.991825663147019, 76.97200024180206",2026-04-01 17:53:16,1,0.9982951283454895,5.2,Indian Peafowl,Indian Peafowl,Indian Peafowl,0.805,Indian Peafowl (80.53%) | Green Imperial Pigeon (0.37%) | Oriental Darter (0.28%) | Greater Coucal (0.24%) | Asian Palm Swift (0.23%)
IMG_8347.JPG,"10.991825663147019, 76.97200024180206",2026-04-01 17:54:31,1,0.9986485838890076,8.597,Rose-ringed Parakeet,Rose-ringed Parakeet,Rose-ringed Parakeet,0.509,Rose-ringed Parakeet (50.92%) | Alexandrine Parakeet (6.36%) | Plum-headed Parakeet (2.74%) | Malabar Parakeet (1.63%) | Greater Coucal (1.46%)
IMG_8348.JPG,"10.991825663147019, 76.97200024180206",2026-04-01 17:54:34,1,0.9986782670021057,8.46,Rose-ringed Parakeet,Rose-ringed Parakeet,Rose-ringed Parakeet,0.679,Rose-ringed Parakeet (67.92%) | Alexandrine Parakeet (4.24%) | Plum-headed Parakeet (2.17%) | Eurasian Collared-Dove (1.49%) | Indian Cuckooshrike (0.81%)
IMG_8353.JPG,"10.991825663147019, 76.97200024180206",2026-04-01 17:54:55,1,0.9991669654846191,5.029,Indian Peafowl,Indian Peafowl,Indian Peafowl,0.552,Indian Peafowl (55.20%) | Jungle Owlet (1.82%) | Asian Palm Swift (1.34%) | Helmeted Guineafowl (1.12%) | Slaty-breasted Rail (0.84%)
IMG_8354.JPG,"10.991825663147019, 76.97200024180206",2026-04-01 17:55:43,1,0.9993942975997925,5.793,Indian Peafowl,Indian Peafowl,Indian Peafowl,0.813,Indian Peafowl (81.35%) | Greenish Warbler (0.28%) | Sykes's Warbler (0.25%) | Booted Warbler (0.19%) | Blue-eared Kingfisher (0.19%)
IMG_8356.JPG,"10.991825663147019, 76.97200024180206",2026-04-01 17:55:47,1,0.9762576222419739,5.534,Indian Peafowl,Indian Peafowl,Indian Peafowl,0.407,Indian Peafowl (40.68%) | Grey Junglefowl (2.31%) | Asian Koel (1.51%) | Nilgiri Wood-Pigeon (1.09%) | Slaty-breasted Rail (0.86%)
IMG_8358.JPG,"11.0032235, 76.9431582",2026-04-02 00:07:53,1,0.9962030053138733,5.191,Indian Pond-Heron,Indian Pond-Heron,Indian Pond-Heron,0.641,Indian Pond-Heron (64.08%) | Black Bittern (2.06%) | Black-crowned Night Heron (1.55%) | Changeable Hawk-Eagle (1.14%) | Yellow Bittern (0.98%)
IMG_8359.JPG,"11.0032235, 76.9431582",2026-04-02 00:08:09,1,0.9991635084152222,10.244,Little Cormorant,Little Cormorant,Little Cormorant,0.39,Little Cormorant (39.04%) | Great Cormorant (9.87%) | Common Pochard (3.36%) | Indian Cormorant (2.85%) | Mottled Wood-Owl (1.28%)
IMG_8361.JPG,"11.0032235, 76.9431582",2026-04-02 00:08:37,1,0.9994099140167236,6.35,Grey Heron,Grey Heron,Grey Heron,0.501,Grey Heron (50.09%) | Western Reef Heron (5.58%) | Purple Heron (2.15%) | Little Heron (1.68%) | Black-crowned Night Heron (1.16%)
IMG_8363.JPG,"11.0032235, 76.9431582",2026-04-02 00:12:12,1,0.9976508021354675,7.333,Blue-tailed Bee-eater,Blue-tailed Bee-eater,Blue-tailed Bee-eater,0.334,Blue-tailed Bee-eater (33.41%) | Chestnut-headed Bee-eater (28.36%) | European Roller (2.36%) | Asian Green Bee-eater (1.23%) | Indian Roller (0.68%)
IMG_8365.JPG,"11.0032235, 76.9431582",2026-04-02 00:12:39,1,0.9996751546859741,6.011,Gray-headed Swamphen,Gray-headed Swamphen,Gray-headed Swamphen,0.749,Gray-headed Swamphen (74.86%) | Ruddy-breasted Crake (0.76%) | Stork-billed Kingfisher (0.58%) | Brown Crake (0.40%) | Red-naped Ibis (0.24%)
IMG_8367.JPG,"11.0032235, 76.9431582",2026-04-02 00:12:43,1,0.9971330165863037,7.035,Gray-headed Swamphen,Gray-headed Swamphen,Gray-headed Swamphen,0.343,Gray-headed Swamphen (34.34%) | Eurasian Coot (1.72%) | Brown Crake (1.65%) | Black-backed Dwarf Kingfisher (1.08%) | Stork-billed Kingfisher (1.00%)
IMG_8368.JPG,"11.0032235, 76.9431582",2026-04-02 00:12:45,1,0.9844055771827698,6.83,,Manual: Gray-headed Swamphen,White-breasted Waterhen,0.077,White-breasted Waterhen (7.74%) | Gray-headed Swamphen (7.21%) | Brown Crake (4.18%) | Eurasian Coot (2.83%) | Large-billed Crow (2.82%)
IMG_8369.JPG,"11.0032235, 76.9431582",2026-04-02 00:12:46,1,0.9987121820449829,6.682,Gray-headed Swamphen,Gray-headed Swamphen,Gray-headed Swamphen,0.322,Gray-headed Swamphen (32.19%) | Brown Crake (2.98%) | Ruddy-breasted Crake (1.34%) | White-breasted Waterhen (0.90%) | Long-billed Pipit (0.84%)
IMG_8371.JPG,"11.0032235, 76.9431582",2026-04-02 00:14:55,1,0.999444305896759,7.153,,Manual: Blue-tailed Bee-eater,Blue-tailed Bee-eater,0.161,Blue-tailed Bee-eater (16.07%) | Blue-cheeked Bee-eater (5.59%) | European Roller (3.86%) | Rose-ringed Parakeet (3.47%) | Indian Roller (2.25%)
IMG_8372.JPG,"11.0032235, 76.9431582",2026-04-02 00:14:59,1,0.9980212450027466,6.67,,Manual: Blue-tailed Bee-eater,Blue-tailed Bee-eater,0.282,Blue-tailed Bee-eater (28.16%) | European Roller (14.64%) | Blue-cheeked Bee-eater (6.25%) | Brahminy Kite (1.40%) | Indian Roller (1.02%)
IMG_8373.JPG,"11.0032235, 76.9431582",2026-04-02 00:15:00,1,0.9974492192268372,7.161,,Manual: Blue-tailed Bee-eater,Blue-tailed Bee-eater,0.298,Blue-tailed Bee-eater (29.79%) | Indian Roller (5.15%) | Brahminy Kite (3.83%) | White-throated Kingfisher (3.18%) | European Roller (3.10%)
IMG_8375.JPG,"11.0032235, 76.9431582",2026-04-02 00:15:04,1,0.9990432858467102,6.234,Blue-tailed Bee-eater,Blue-tailed Bee-eater,Blue-cheeked Bee-eater,0.325,Blue-cheeked Bee-eater (32.49%) | Blue-tailed Bee-eater (20.55%) | Tickell's Blue Flycatcher (2.35%) | Brown Rock Chat (1.83%) | Blue-bearded Bee-eater (1.68%)
IMG_8377.JPG,No GPS Data,2026-04-02 00:15:45,0,0,0.0,,,,0,
IMG_8378.JPG,"11.0032235, 76.9431582",2026-04-02 00:15:50,1,0.9928025603294373,4.831,,Manual: Glossy Ibis,Greater Spotted Eagle,0.071,Greater Spotted Eagle (7.13%) | Glossy Ibis (5.00%) | Black Eagle (3.75%) | Large-billed Crow (2.97%) | Asian Woolly-necked Stork (2.69%)
IMG_8379.JPG,"11.0032235, 76.9431582",2026-04-02 00:16:37,1,0.9991822838783264,7.545,,Manual: Blue-tailed Bee-eater,Blue-tailed Bee-eater,0.099,Blue-tailed Bee-eater (9.92%) | European Roller (7.85%) | Blue-cheeked Bee-eater (6.79%) | Stork-billed Kingfisher (4.88%) | Golden-fronted Leafbird (1.61%)
IMG_8381.JPG,"11.0032235, 76.9431582",2026-04-02 00:17:30,1,0.982664167881012,10.648,Little Grebe,Little Grebe,Little Grebe,0.374,Little Grebe (37.37%) | Little Cormorant (3.19%) | Eurasian Coot (2.07%) | Laughing Dove (1.87%) | Marsh Sandpiper (1.09%)
IMG_8382.JPG,"11.0032235, 76.9431582",2026-04-02 00:17:33,3,0.9960854053497314,7.344,,,,0,
IMG_8383.JPG,"11.0032235, 76.9431582",2026-04-02 00:17:35,9,0.9956313371658325,6.358,,,,0,
IMG_8384.JPG,"11.0032235, 76.9431582",2026-04-02 00:17:39,3,0.9855538010597229,5.828,,,,0,
IMG_8386.JPG,"11.0032235, 76.9431582",2026-04-02 00:18:16,4,0.9938634634017944,9.453,,,,0,
IMG_8387.JPG,"11.0032235, 76.9431582",2026-04-02 00:18:31,1,0.9975091218948364,6.584,,Manual: Eurasian Moorhen,Eurasian Moorhen,0.094,Eurasian Moorhen (9.37%) | Baillon's Crake (2.83%) | Red Avadavat (2.60%) | Indian Pied Starling (2.02%) | Cotton Pygmy-Goose (1.43%)
IMG_8388.JPG,"11.0032235, 76.9431582",2026-04-02 00:18:46,1,0.9987848401069641,7.509,,Manual: Blue-tailed Bee-eater,Blue-tailed Bee-eater,0.153,Blue-tailed Bee-eater (15.30%) | Blue-cheeked Bee-eater (13.25%) | Rose-ringed Parakeet (5.35%) | Plum-headed Parakeet (3.31%) | Alexandrine Parakeet (2.57%)
IMG_8389.JPG,"11.0032235, 76.9431582",2026-04-02 00:18:48,1,0.9929153919219971,8.053,,Manual: Blue-tailed Bee-eater,Blue-tailed Bee-eater,0.062,Blue-tailed Bee-eater (6.18%) | Blue-cheeked Bee-eater (4.26%) | Golden-fronted Leafbird (3.36%) | Chestnut-headed Bee-eater (3.18%) | Alexandrine Parakeet (2.92%)
IMG_8390.JPG,"11.0032235, 76.9431582",2026-04-02 00:18:50,1,0.9979627132415771,6.916,,Manual: Blue-tailed Bee-eater,Blue-tailed Bee-eater,0.067,Blue-tailed Bee-eater (6.68%) | Blue-cheeked Bee-eater (3.42%) | Golden-fronted Leafbird (3.18%) | Chestnut-headed Bee-eater (3.00%) | White-naped Woodpecker (2.74%)
IMG_8391.JPG,"11.0032235, 76.9431582",2026-04-02 00:19:13,1,0.9989619255065918,4.766,,Manual: Black-crowned Night Heron,Black-crowned Night Heron,0.202,Black-crowned Night Heron (20.24%) | Indian Grey Hornbill (6.68%) | Pallas's Gull (4.40%) | Great Stone-curlew (2.99%) | Yellow-footed Green Pigeon (2.18%)
IMG_8393.JPG,"11.0032235, 76.9431582",2026-04-02 00:19:32,1,0.9987022876739502,7.123,,Manual: Indian Cormorant,Indian Cormorant,0.29,Indian Cormorant (29.02%) | Great Cormorant (13.67%) | Little Cormorant (4.54%) | Scaly-breasted Munia (3.09%) | Black-rumped Flameback (2.12%)
IMG_8394.JPG,"11.0032235, 76.9431582",2026-04-02 00:19:37,2,0.9971895813941956,7.625,,,,0,
IMG_8398.JPG,"11.0032235, 76.9431582",2026-04-02 00:20:05,1,0.9944948554039001,5.178,Asian Openbill,Asian Openbill,Asian Openbill,0.576,Asian Openbill (57.64%) | Painted Stork (2.34%) | White-bellied Sea-Eagle (1.91%) | Black-headed Ibis (1.40%) | Asian Woolly-necked Stork (0.93%)
IMG_8400.JPG,"11.0032235, 76.9431582",2026-04-02 00:20:11,1,0.9979346990585327,3.918,Asian Openbill,Asian Openbill,Asian Openbill,0.708,Asian Openbill (70.84%) | White-bellied Sea-Eagle (1.46%) | Grey Heron (1.03%) | Pied Avocet (0.82%) | Asian Woolly-necked Stork (0.65%)
IMG_8401.JPG,"11.0032235, 76.9431582",2026-04-02 00:20:14,1,0.9985194802284241,4.92,Asian Openbill,Asian Openbill,Asian Openbill,0.704,Asian Openbill (70.35%) | Painted Stork (2.90%) | Black-headed Ibis (1.01%) | Asian Woolly-necked Stork (0.86%) | Lesser Adjutant (0.65%)
IMG_8403.JPG,"11.0032235, 76.9431582",2026-04-02 00:20:27,1,0.9959115982055664,4.584,,Manual: Oriental Darter,Oriental Darter,0.309,Oriental Darter (30.91%) | Greater Spotted Eagle (3.96%) | Little Heron (2.54%) | Little Cormorant (1.61%) | Brown Fish-Owl (1.53%)
IMG_8404.JPG,"11.0032235, 76.9431582",2026-04-02 00:20:32,2,0.9983916878700256,5.107,,,,0,
IMG_8406.JPG,"11.0032235, 76.9431582",2026-04-02 00:21:45,2,0.9981829524040222,7.677,,,,0,
IMG_8407.JPG,"11.0032235, 76.9431582",2026-04-02 00:21:48,3,0.8340230584144592,7.892,,,,0,
IMG_8409.JPG,"11.0032235, 76.9431582",2026-04-02 00:22:06,1,0.996816098690033,6.035,,Manual: Blue-tailed Bee-eater,Blue-tailed Bee-eater,0.117,Blue-tailed Bee-eater (11.74%) | Chestnut-headed Bee-eater (1.94%) | Asian Green Bee-eater (1.15%) | European Roller (1.05%) | Rose-ringed Parakeet (0.94%)
IMG_8410.JPG,"11.0032235, 76.9431582",2026-04-02 00:22:07,1,0.9994158744812012,5.624,Blue-tailed Bee-eater,Blue-tailed Bee-eater,Blue-tailed Bee-eater,0.341,Blue-tailed Bee-eater (34.09%) | Asian Green Bee-eater (15.02%) | European Roller (5.06%) | Grey-headed Bulbul (2.55%) | Chestnut-headed Bee-eater (2.29%)
IMG_8411.JPG,"11.0032235, 76.9431582",2026-04-02 00:22:12,1,0.9990618824958801,5.718,,Manual: Blue-tailed Bee-eater,Blue-tailed Bee-eater,0.163,Blue-tailed Bee-eater (16.34%) | Blue-cheeked Bee-eater (4.24%) | Asian Green Bee-eater (3.94%) | Blue-bearded Bee-eater (3.74%) | European Roller (3.24%)
IMG_8413.JPG,"11.0032235, 76.9431582",2026-04-02 00:22:13,1,0.9994377493858337,6.001,,Manual: Blue-tailed Bee-eater,Blue-tailed Bee-eater,0.114,Blue-tailed Bee-eater (11.40%) | Grey-headed Bulbul (6.67%) | Blue-cheeked Bee-eater (2.44%) | Blue-bearded Bee-eater (2.22%) | Vernal Hanging-Parrot (2.08%)
IMG_8419.JPG,"11.0032235, 76.9431582",2026-04-02 00:23:58,2,0.997930645942688,7.881,,Manual: Blue-tailed Bee-eater,,0,
IMG_8421.JPG,"11.0032235, 76.9431582",2026-04-02 00:24:12,1,0.9987782835960388,7.392,,Manual: Blue-tailed Bee-eater,Blue-tailed Bee-eater,0.241,Blue-tailed Bee-eater (24.10%) | European Roller (20.14%) | Blue-cheeked Bee-eater (6.09%) | Eastern Red-rumped Swallow (1.29%) | Stork-billed Kingfisher (0.98%)
IMG_8423.JPG,"11.0032235, 76.9431582",2026-04-02 00:29:48,1,0.9992044568061829,7.786,,Manual: Blue-tailed Bee-eater,Blue-tailed Bee-eater,0.116,Blue-tailed Bee-eater (11.55%) | Blue-cheeked Bee-eater (10.64%) | European Roller (4.61%) | Golden-fronted Leafbird (4.13%) | House Crow (2.76%)
IMG_8426.JPG,"11.015456, 76.945908",2026-04-02 01:18:56,1,0.9991375207901001,5.833,Indian Roller,Indian Roller,Indian Roller,0.841,Indian Roller (84.12%) | Black Bittern (0.52%) | Brahminy Kite (0.42%) | Rosy Starling (0.36%) | White-throated Kingfisher (0.30%)
IMG_8430.JPG,"11.015456, 76.945908",2026-04-02 01:25:57,2,0.9878385066986084,6.819,,Manual: Red-wattled Lapwing,,0,
IMG_8431.JPG,"11.015456, 76.945908",2026-04-02 01:26:07,3,0.9209375381469727,7.467,,Manual: Red-wattled Lapwing,,0,
IMG_8434.JPG,"11.015456, 76.945908",2026-04-02 01:26:30,1,0.9986897110939026,7.474,,Manual: Red-wattled Lapwing,Yellow-footed Green Pigeon,0.091,Yellow-footed Green Pigeon (9.10%) | Red-wattled Lapwing (6.10%) | Greater Spotted Eagle (3.42%) | Yellow-wattled Lapwing (3.11%) | Rufous Treepie (2.41%)
IMG_8435.JPG,"11.015456, 76.945908",2026-04-02 01:26:33,1,0.9985129237174988,7.643,,Manual: Red-wattled Lapwing,Yellow-wattled Lapwing,0.053,Yellow-wattled Lapwing (5.29%) | Bronze-winged Jacana (4.45%) | Eurasian Moorhen (3.70%) | Red-wattled Lapwing (3.36%) | Jungle Myna (3.10%)
IMG_8437.JPG,"11.015456, 76.945908",2026-04-02 01:28:43,2,0.9553630352020264,8.63,,Manual: Red-wattled Lapwing,,0,
IMG_8439.JPG,"11.056984, 76.848976",2026-04-02 20:07:58,1,0.9990528225898743,4.672,Coppersmith Barbet,Coppersmith Barbet,Coppersmith Barbet,0.469,Coppersmith Barbet (46.93%) | Stork-billed Kingfisher (1.38%) | Puff-throated Babbler (1.32%) | White-cheeked Barbet (1.22%) | Crested Lark (0.73%)
IMG_8440.JPG,"11.056984, 76.848976",2026-04-02 20:08:02,1,0.9995582699775696,4.991,,Manual: Coppersmith Barbet,Coppersmith Barbet,0.206,Coppersmith Barbet (20.61%) | Indian Blackbird (5.92%) | Golden-fronted Leafbird (2.34%) | Red-vented Bulbul (2.13%) | Common Myna (1.85%)
IMG_8441.JPG,"11.056984, 76.848976",2026-04-02 20:10:26,1,0.9990518689155579,7.42,Purple Sunbird,Purple Sunbird,Purple Sunbird,0.649,Purple Sunbird (64.91%) | Loten's Sunbird (1.16%) | Bronze-winged Jacana (1.00%) | Indian Robin (0.98%) | Common Myna (0.83%)
IMG_8443.JPG,"11.056984, 76.848976",2026-04-02 20:10:40,2,0.9991187453269958,5.568,,Manual: Yellow-billed Babbler,,0,
IMG_8444.JPG,"11.056984, 76.848976",2026-04-02 20:10:42,2,0.9951081871986389,5.654,,,,0,
IMG_8445.JPG,"11.056984, 76.848976",2026-04-02 20:11:08,1,0.999284565448761,3.568,,Manual: Yellow-billed Babbler,Yellow-billed Babbler,0.145,Yellow-billed Babbler (14.46%) | Jungle Babbler (5.56%) | Jungle Prinia (4.64%) | Ashy-crowned Sparrow-Lark (3.92%) | Eurasian Collared-Dove (1.66%)
IMG_8453.JPG,"11.056984, 76.848976",2026-04-02 20:39:34,1,0.9836682677268982,6.273,Sykes's Warbler,Sykes's Warbler,Sykes's Warbler,0.542,Sykes's Warbler (54.16%) | Indian Silverbill (6.64%) | Taiga Flycatcher (1.92%) | Red-breasted Flycatcher (1.56%) | Asian Brown Flycatcher (1.42%)
IMG_8456.JPG,"11.056984, 76.848976",2026-04-02 20:50:43,1,0.9982537627220154,5.728,Common Myna,Common Myna,Common Myna,0.849,Common Myna (84.95%) | Grey-headed Bulbul (0.44%) | Pallid Harrier (0.26%) | Northern Shoveler (0.22%) | Black-naped Monarch (0.20%)
IMG_8457.JPG,"11.056984, 76.848976",2026-04-02 20:53:21,1,0.9961605072021484,5.123,,Manual: Red-whiskered Bulbul,Red-whiskered Bulbul,0.076,Red-whiskered Bulbul (7.63%) | White-rumped Munia (3.46%) | Spot-breasted Fantail (1.95%) | Crested Serpent-Eagle (1.75%) | Common Myna (1.64%)
IMG_8458.JPG,"11.056984, 76.848976",2026-04-02 20:53:22,1,0.9994820952415466,5.138,Red-whiskered Bulbul,Red-whiskered Bulbul,Red-whiskered Bulbul,0.805,Red-whiskered Bulbul (80.50%) | White-eared Bulbul (0.67%) | Flame-throated Bulbul (0.30%) | White-rumped Munia (0.29%) | Eurasian Crag-Martin (0.25%)
IMG_8462.JPG,"11.056984, 76.848976",2026-04-02 20:53:48,1,0.9993720650672913,5.328,White-browed Bulbul,White-browed Bulbul,White-browed Bulbul,0.798,White-browed Bulbul (79.78%) | Common Woodshrike (1.35%) | Indian Grey Hornbill (1.12%) | Flame-throated Bulbul (0.76%) | White-eared Bulbul (0.64%)
IMG_8463.JPG,"11.056984, 76.848976",2026-04-02 20:53:50,2,0.7345951795578003,5.46,,Manual: White-browed Bulbul,,0,
IMG_8464.JPG,"11.056984, 76.848976",2026-04-02 20:54:14,1,0.9992369413375854,5.706,,Manual: Greater Racket-tailed Drongo,Greater Racket-tailed Drongo,0.229,Greater Racket-tailed Drongo (22.89%) | Ashy Drongo (7.06%) | House Crow (3.26%) | Eurasian Hobby (3.08%) | Black Drongo (2.70%)
IMG_8465.JPG,"11.056984, 76.848976",2026-04-02 20:55:16,1,0.9986401200294495,5.381,Rufous Treepie,Rufous Treepie,Rufous Treepie,0.814,Rufous Treepie (81.37%) | Black-hooded Oriole (1.46%) | Black-headed Ibis (0.33%) | Blyth's Reed Warbler (0.33%) | Yellow Bittern (0.31%)
IMG_8470.JPG,No GPS Data,2026-04-02 20:55:53,0,0,0.0,,Manual: Red-whiskered Bulbul,,0,
IMG_8473.JPG,"11.056984, 76.848976",2026-04-02 20:56:21,1,0.9840865731239319,5.993,,Manual: Red-whiskered Bulbul,Red-whiskered Bulbul,0.276,Red-whiskered Bulbul (27.58%) | White-eared Bulbul (2.75%) | White-rumped Munia (2.20%) | White Wagtail (1.71%) | Yellow-eyed Babbler (1.62%)
IMG_8474.JPG,"11.056984, 76.848976",2026-04-02 20:56:42,1,0.8295806050300598,5.642,Indian Paradise-Flycatcher,Indian Paradise-Flycatcher,Indian Paradise-Flycatcher,0.493,Indian Paradise-Flycatcher (49.33%) | Gray-headed Fish-Eagle (2.09%) | Grey-headed Bulbul (1.78%) | Red-breasted Flycatcher (1.69%) | Tricolored Munia (1.49%)
IMG_8475.JPG,"11.056984, 76.848976",2026-04-02 20:56:45,1,0.9964277148246765,6.063,Indian Paradise-Flycatcher,Indian Paradise-Flycatcher,Indian Paradise-Flycatcher,0.366,Indian Paradise-Flycatcher (36.61%) | Malabar Flameback (2.54%) | Grey-headed Bulbul (1.76%) | Black-crowned Night Heron (1.60%) | Crimson-backed Sunbird (1.54%)
IMG_8476.JPG,"11.056984, 76.848976",2026-04-02 20:56:48,1,0.9909539818763733,5.644,Indian Paradise-Flycatcher,Indian Paradise-Flycatcher,Indian Paradise-Flycatcher,0.43,Indian Paradise-Flycatcher (42.99%) | Tricolored Munia (3.85%) | Grey-headed Bulbul (3.38%) | Malabar Flameback (2.65%) | Indian Pitta (1.74%)
IMG_8477.JPG,"11.056984, 76.848976",2026-04-02 20:57:00,2,0.9370746612548828,5.951,,Manual: Indian Paradise-Flycatcher,,0,
IMG_8478.JPG,"11.056984, 76.848976",2026-04-02 20:57:31,1,0.9991726279258728,6.225,,Manual: Indian Paradise-Flycatcher,Indian Paradise-Flycatcher,0.183,Indian Paradise-Flycatcher (18.31%) | Tricolored Munia (8.03%) | Dark-fronted Babbler (3.92%) | Black-hooded Oriole (2.60%) | Indian White-eye (2.20%)
IMG_8479.JPG,"11.056984, 76.848976",2026-04-02 20:57:33,1,0.9991284012794495,6.307,Indian Paradise-Flycatcher,Indian Paradise-Flycatcher,Indian Paradise-Flycatcher,0.656,Indian Paradise-Flycatcher (65.64%) | Tricolored Munia (1.46%) | Dark-fronted Babbler (0.75%) | Striolated Bunting (0.69%) | Brahminy Kite (0.67%)
IMG_8481.JPG,"11.056984, 76.848976",2026-04-02 20:57:53,1,0.9986155033111572,6.192,White-browed Bulbul,White-browed Bulbul,White-browed Bulbul,0.871,White-browed Bulbul (87.08%) | White-eared Bulbul (0.54%) | Coppersmith Barbet (0.47%) | Tytler's Leaf Warbler (0.35%) | Grey-headed Bulbul (0.32%)
IMG_8482.JPG,"11.056984, 76.848976",2026-04-02 20:57:55,2,0.9870784282684326,6.088,,Manual: White-browed Bulbul,,0,
IMG_8484.JPG,"11.056984, 76.848976",2026-04-02 21:00:18,1,0.9996157884597778,5.284,,Manual: White-browed Bulbul,White-browed Bulbul,0.283,White-browed Bulbul (28.31%) | Brown-breasted Flycatcher (4.35%) | Flame-throated Bulbul (3.67%) | Large Grey Babbler (2.89%) | Pale-billed Flowerpecker (2.80%)
IMG_8485.JPG,"11.056984, 76.848976",2026-04-02 21:00:20,1,0.9982849955558777,5.391,White-browed Bulbul,White-browed Bulbul,White-browed Bulbul,0.369,White-browed Bulbul (36.91%) | Flame-throated Bulbul (5.04%) | Grey-headed Bulbul (4.81%) | Yellow-browed Bulbul (2.88%) | Brown-breasted Flycatcher (2.53%)
IMG_8486.JPG,"11.056984, 76.848976",2026-04-02 21:00:34,1,0.9994515776634216,5.19,Red-whiskered Bulbul,Red-whiskered Bulbul,Red-whiskered Bulbul,0.804,Red-whiskered Bulbul (80.38%) | White-eared Bulbul (0.57%) | Coppersmith Barbet (0.45%) | Gray-breasted Prinia (0.42%) | Black-breasted Weaver (0.42%)
IMG_8487.JPG,"11.056984, 76.848976",2026-04-02 21:00:35,1,0.9993816614151001,5.299,Red-whiskered Bulbul,Red-whiskered Bulbul,Red-whiskered Bulbul,0.612,Red-whiskered Bulbul (61.19%) | White-eared Bulbul (2.02%) | Red-vented Bulbul (1.32%) | Yellow-eyed Babbler (1.13%) | Indian Scimitar-Babbler (1.03%)
IMG_8489.JPG,"11.056984, 76.848976",2026-04-02 21:00:56,1,0.9995064735412598,5.636,Oriental Magpie-Robin,Oriental Magpie-Robin,Oriental Magpie-Robin,0.785,Oriental Magpie-Robin (78.53%) | White-browed Wagtail (1.02%) | Pied Bushchat (0.90%) | Indian Robin (0.52%) | Bar-winged Flycatcher-shrike (0.39%)
IMG_8490.JPG,"11.056984, 76.848976",2026-04-02 21:01:10,1,0.9995205402374268,5.374,Indian Paradise-Flycatcher,Indian Paradise-Flycatcher,Indian Paradise-Flycatcher,0.715,Indian Paradise-Flycatcher (71.46%) | Tricolored Munia (1.32%) | Jungle Myna (1.21%) | Scaly-breasted Munia (0.99%) | Grey-headed Bulbul (0.58%)
IMG_8491.JPG,No GPS Data,2026-04-02 21:01:13,0,0,0.0,,,,0,
IMG_8492.JPG,"11.056984, 76.848976",2026-04-02 21:01:48,1,0.9972327351570129,6.278,,Manual: Black Drongo,Ashy Drongo,0.227,Ashy Drongo (22.68%) | Black Drongo (9.39%) | Greater Racket-tailed Drongo (5.38%) | Bronzed Drongo (2.55%) | Verditer Flycatcher (2.50%)
IMG_8493.JPG,"11.056984, 76.848976",2026-04-02 21:01:50,1,0.9938401579856873,6.353,,Manual: Black Drongo,Ashy Drongo,0.216,Ashy Drongo (21.63%) | Greater Racket-tailed Drongo (11.25%) | Verditer Flycatcher (5.97%) | Bronzed Drongo (2.82%) | Black Kite (2.64%)
IMG_8497.JPG,"11.056984, 76.848976",2026-04-02 21:02:51,1,0.9994763731956482,5.769,,Manual: Oriental Magpie-Robin,Oriental Magpie-Robin,0.296,Oriental Magpie-Robin (29.57%) | Common Myna (2.80%) | Jungle Myna (2.77%) | Indian Pied Starling (1.84%) | Indian Blue Robin (1.51%)
IMG_8501.JPG,"11.056984, 76.848976",2026-04-02 21:05:16,1,0.9995212554931641,5.712,Oriental Magpie-Robin,Oriental Magpie-Robin,Oriental Magpie-Robin,0.699,Oriental Magpie-Robin (69.87%) | White-browed Wagtail (1.69%) | Red-breasted Flycatcher (0.83%) | Spot-breasted Fantail (0.77%) | White-rumped Munia (0.69%)
IMG_8504.JPG,"11.056984, 76.848976",2026-04-02 21:31:46,2,0.917106568813324,5.525,,Manual: Jungle Babbler,,0,
IMG_8506.JPG,"11.056984, 76.848976",2026-04-02 21:31:55,1,0.9964808821678162,5.717,Jungle Babbler,Jungle Babbler,Jungle Babbler,0.435,Jungle Babbler (43.53%) | Common Rosefinch (2.33%) | Grey-necked Bunting (2.11%) | Yellow-billed Babbler (1.76%) | Thick-billed Flowerpecker (1.28%)
IMG_8507.JPG,"11.007004, 76.925077",2026-04-03 17:48:22,1,0.9987167119979858,5.376,Gray-headed Swamphen,Gray-headed Swamphen,Gray-headed Swamphen,0.848,Gray-headed Swamphen (84.82%) | Brown Crake (0.37%) | Ruddy-breasted Crake (0.24%) | Nilgiri Wood-Pigeon (0.22%) | Eurasian Coot (0.22%)
IMG_8508.JPG,"11.007004, 76.925077",2026-04-03 17:48:34,2,0.9982796907424927,6.346,,Manual: Gray-headed Swamphen,,0,
IMG_8509.JPG,"11.007004, 76.925077",2026-04-03 17:48:37,1,0.9992495179176331,5.446,,Manual: Gray-headed Swamphen,Gray-headed Swamphen,0.248,Gray-headed Swamphen (24.78%) | Brown Crake (2.33%) | Nilgiri Wood-Pigeon (1.83%) | Black-backed Dwarf Kingfisher (1.67%) | Black-naped Monarch (1.22%)
IMG_8511.JPG,"11.007004, 76.925077",2026-04-03 17:50:59,1,0.9996237754821777,7.494,,Manual: Grey Heron,Purple Heron,0.12,Purple Heron (11.97%) | Black-crowned Night Heron (9.86%) | Indian Pied Starling (3.77%) | Lesser Adjutant (2.95%) | Red-naped Ibis (2.83%)
IMG_8513.JPG,"11.007004, 76.925077",2026-04-03 17:54:29,1,0.9980183839797974,5.157,Gray-headed Swamphen,Gray-headed Swamphen,Gray-headed Swamphen,0.748,Gray-headed Swamphen (74.79%) | Nilgiri Wood-Pigeon (0.69%) | Black-backed Dwarf Kingfisher (0.62%) | Brahminy Kite (0.55%) | Malabar Starling (0.35%)
IMG_8514.JPG,"11.007004, 76.925077",2026-04-03 17:54:40,2,0.9524096250534058,4.244,,Manual: Gray-headed Swamphen,,0,
IMG_8515.JPG,"11.007004, 76.925077",2026-04-03 17:54:41,1,0.9988625049591064,5.486,,Manual: Gray-headed Swamphen,Eurasian Moorhen,0.089,Eurasian Moorhen (8.93%) | Red Junglefowl (3.07%) | Blue-faced Malkoha (2.80%) | Sirkeer Malkoha (1.97%) | Black Drongo (1.90%)
IMG_8516.JPG,"11.007004, 76.925077",2026-04-03 17:54:42,1,0.9974848031997681,5.281,,Manual: Gray-headed Swamphen,Pale-billed Flowerpecker,0.06,Pale-billed Flowerpecker (6.01%) | Eurasian Moorhen (3.80%) | Bronze-winged Jacana (3.23%) | Jerdon's Leafbird (3.05%) | Blue-faced Malkoha (1.91%)
IMG_8520.JPG,"11.007004, 76.925077",2026-04-03 17:57:11,1,0.9966443777084351,4.841,,Manual: Black Drongo,Asian Koel,0.045,Asian Koel (4.48%) | Little Cormorant (2.62%) | Northern Pintail (2.45%) | Indian Robin (2.10%) | Asian Tit (1.86%)
IMG_8521.JPG,"11.007004, 76.925077",2026-04-03 17:57:13,2,0.9980683922767639,6.4,,Manual: Black Drongo,,0,
IMG_8522.JPG,"11.007004, 76.925077",2026-04-03 17:57:14,1,0.9945659637451172,5.442,,Manual: Black Drongo,Asian Koel,0.046,Asian Koel (4.64%) | Pied Bushchat (3.22%) | Square-tailed Bulbul (2.46%) | Eurasian Coot (1.91%) | Asian Brown Flycatcher (1.64%)
IMG_8523.JPG,"11.007004, 76.925077",2026-04-03 17:57:18,2,0.9948914051055908,5.56,,,,0,
IMG_8526.JPG,"11.007004, 76.925077",2026-04-03 17:57:34,1,0.9995325803756714,5.368,Glossy Ibis,Glossy Ibis,Glossy Ibis,0.47,Glossy Ibis (46.97%) | Vigors's Sunbird (1.13%) | Red-naped Ibis (1.10%) | Eastern Cattle-Egret (0.96%) | Dusky Crag-Martin (0.96%)
IMG_8528.JPG,"11.007004, 76.925077",2026-04-03 17:58:20,12,0.9983188509941101,5.873,,,,0,
IMG_8529.JPG,"11.007004, 76.925077",2026-04-03 17:58:21,9,0.9962276220321655,6.367,,,,0,
IMG_8530.JPG,"11.007004, 76.925077",2026-04-03 17:58:41,1,0.9974755644798279,4.898,,Manual: Indian Pond-Heron,Indian Pond-Heron,0.12,Indian Pond-Heron (11.97%) | Yellow Bittern (10.98%) | Changeable Hawk-Eagle (9.08%) | Gray-headed Fish-Eagle (4.74%) | Green Sandpiper (2.02%)
IMG_8532.JPG,"11.007004, 76.925077",2026-04-03 17:59:17,3,0.9941399097442627,5.142,,,,0,
IMG_8533.JPG,"11.007004, 76.925077",2026-04-03 17:59:21,5,0.9989908337593079,5.646,,,,0,
IMG_8534.JPG,"11.007004, 76.925077",2026-04-03 17:59:23,6,0.8897475004196167,5.393,,,,0,
IMG_8535.JPG,"11.007004, 76.925077",2026-04-03 17:59:36,1,0.9995957016944885,4.899,Eurasian Moorhen,Eurasian Moorhen,Eurasian Moorhen,0.869,Eurasian Moorhen (86.90%) | Eurasian Coot (1.12%) | Dusky Crag-Martin (0.30%) | Yellow-throated Sparrow (0.18%) | Common Hoopoe (0.15%)
IMG_8536.JPG,"11.007004, 76.925077",2026-04-03 17:59:42,3,0.7503209710121155,5.016,,Manual: Gray-headed Swamphen,,0,
IMG_8537.JPG,"11.007004, 76.925077",2026-04-03 17:59:49,1,0.9983323216438293,5.407,Indian Pond-Heron,Indian Pond-Heron,Indian Pond-Heron,0.82,Indian Pond-Heron (82.00%) | Indian Spot-billed Duck (1.29%) | Cinnamon Bittern (0.54%) | White-browed Bulbul (0.50%) | Greater Spotted Eagle (0.39%)
IMG_8541.JPG,"11.007004, 76.925077",2026-04-03 18:00:10,14,0.9959725737571716,5.822,,,,0,
IMG_8542.JPG,"11.007004, 76.925077",2026-04-03 18:00:23,2,0.9952698349952698,5.322,,,,0,
IMG_8543.JPG,"11.007004, 76.925077",2026-04-03 18:01:23,1,0.9988239407539368,4.109,Little Grebe,Little Grebe,Little Grebe,0.873,Little Grebe (87.32%) | Lesser Whistling-Duck (0.57%) | Brahminy Starling (0.36%) | Red-crested Pochard (0.28%) | Cotton Pygmy-Goose (0.18%)
IMG_8545.JPG,"11.007004, 76.925077",2026-04-03 18:01:32,4,0.9955938458442688,7.522,,,,0,
IMG_8546.JPG,"11.007004, 76.925077",2026-04-03 18:02:31,1,0.9984762072563171,6.323,Painted Stork,Painted Stork,Painted Stork,0.533,Painted Stork (53.28%) | Lesser Adjutant (7.97%) | Black-winged Stilt (2.22%) | White-bellied Sea-Eagle (1.31%) | Asian Woolly-necked Stork (1.29%)
IMG_8548.JPG,"11.007004, 76.925077",2026-04-03 18:02:34,1,0.9991148114204407,5.869,,Manual: Painted Stork,White-bellied Sea-Eagle,0.1,White-bellied Sea-Eagle (9.97%) | Brahminy Kite (4.85%) | Black-winged Stilt (4.66%) | Asian Woolly-necked Stork (3.86%) | Indian Pied Starling (3.33%)
IMG_8550.JPG,"11.007004, 76.925077",2026-04-03 18:03:03,1,0.9953641891479492,4.313,Indian Spot-billed Duck,Indian Spot-billed Duck,Indian Spot-billed Duck,0.941,Indian Spot-billed Duck (94.10%) | Cotton Pygmy-Goose (0.26%) | Changeable Hawk-Eagle (0.18%) | Gadwall (0.17%) | Knob-billed Duck (0.15%)
IMG_8551.JPG,"11.007004, 76.925077",2026-04-03 18:03:34,1,0.9842352867126465,5.122,Bronze-winged Jacana,Bronze-winged Jacana,Bronze-winged Jacana,0.666,Bronze-winged Jacana (66.57%) | White-breasted Waterhen (1.32%) | Gray-headed Swamphen (1.10%) | Red-wattled Lapwing (0.65%) | Purple Sunbird (0.55%)
IMG_8552.JPG,"11.007004, 76.925077",2026-04-03 18:03:37,2,0.9170392155647278,5.159,,Manual: Bronze-winged Jacana,,0,
IMG_8555.JPG,"11.007004, 76.925077",2026-04-03 18:03:48,1,0.9983274340629578,5.244,Bronze-winged Jacana,Bronze-winged Jacana,Bronze-winged Jacana,0.571,Bronze-winged Jacana (57.08%) | Gray-headed Swamphen (4.41%) | Eurasian Moorhen (1.27%) | Ruddy-breasted Crake (0.81%) | Purple Sunbird (0.73%)
IMG_8556.JPG,"11.007004, 76.925077",2026-04-03 18:04:15,1,0.9930295348167419,5.215,Bronze-winged Jacana,Bronze-winged Jacana,Bronze-winged Jacana,0.634,Bronze-winged Jacana (63.39%) | Gray-headed Swamphen (1.53%) | White-breasted Waterhen (1.13%) | Red-wattled Lapwing (0.69%) | Eurasian Moorhen (0.64%)
IMG_8557.JPG,"11.007004, 76.925077",2026-04-03 18:04:24,1,0.99793541431427,4.795,Indian Spot-billed Duck,Indian Spot-billed Duck,Indian Spot-billed Duck,0.669,Indian Spot-billed Duck (66.93%) | Gadwall (2.45%) | Mallard (1.42%) | Lesser Whistling-Duck (0.52%) | Dusky Crag-Martin (0.48%)
IMG_8559.JPG,"11.007004, 76.925077",2026-04-03 18:05:08,1,0.9947419166564941,5.062,Bronze-winged Jacana,Bronze-winged Jacana,Bronze-winged Jacana,0.654,Bronze-winged Jacana (65.36%) | Gray-headed Swamphen (1.66%) | White-breasted Waterhen (0.66%) | Purple Sunbird (0.54%) | Indian Peafowl (0.48%)
IMG_8562.JPG,"11.007004, 76.925077",2026-04-03 18:05:28,1,0.9988534450531006,4.346,Painted Stork,Painted Stork,Painted Stork,0.9,Painted Stork (90.00%) | Lesser Adjutant (0.56%) | Asian Openbill (0.30%) | Red-naped Ibis (0.15%) | Crested Treeswift (0.13%)
IMG_8563.JPG,"11.007004, 76.925077",2026-04-03 18:05:50,2,0.9993481040000916,6.277,,,,0,
IMG_8564.JPG,"11.007004, 76.925077",2026-04-03 18:06:28,6,0.9931981563568115,5.551,,,,0,
IMG_8566.JPG,"11.007004, 76.925077",2026-04-03 18:07:52,1,0.999251663684845,5.527,Indian Cormorant,Indian Cormorant,Indian Cormorant,0.698,Indian Cormorant (69.85%) | Little Cormorant (2.16%) | Great Cormorant (1.51%) | Malabar Pied Hornbill (0.73%) | Asian Koel (0.64%)
IMG_8568.JPG,"11.007004, 76.925077",2026-04-03 18:07:55,1,0.999292254447937,5.579,Indian Cormorant,Indian Cormorant,Indian Cormorant,0.385,Indian Cormorant (38.51%) | Little Cormorant (7.21%) | Great Cormorant (4.30%) | Malabar Pied Hornbill (2.63%) | Asian Koel (0.90%)
IMG_8570.JPG,"11.007004, 76.925077",2026-04-03 18:08:38,2,0.9972870349884033,4.861,,,,0,
IMG_8573.JPG,"11.007004, 76.925077",2026-04-03 18:09:06,1,0.999001681804657,6.125,,Manual: Grey Heron,Grey Heron,0.222,Grey Heron (22.21%) | Purple Heron (4.47%) | Yellow Bittern (4.14%) | Black-crowned Night Heron (1.99%) | Western Reef Heron (1.97%)
IMG_8574.JPG,"11.007004, 76.925077",2026-04-03 18:10:01,32,0.8139994740486145,6.446,,,,0,
IMG_8576.JPG,"11.007004, 76.925077",2026-04-03 18:10:08,2,0.9976553916931152,8.128,,,,0,
IMG_8578.JPG,"11.007004, 76.925077",2026-04-03 18:11:29,1,0.979256272315979,7.071,,Manual: Indian Spot-billed Duck,Indian Spot-billed Duck,0.132,Indian Spot-billed Duck (13.16%) | Cotton Pygmy-Goose (5.24%) | Little Grebe (5.22%) | Gadwall (4.52%) | Red-crested Pochard (2.50%)
IMG_8583.JPG,"11.007004, 76.925077",2026-04-03 18:12:03,1,0.9968834519386292,5.541,Grey Heron,Grey Heron,Grey Heron,0.661,Grey Heron (66.13%) | Black-crowned Night Heron (2.39%) | Eastern Cattle-Egret (1.14%) | Indian Pond-Heron (0.95%) | Asian Openbill (0.93%)
IMG_8585.JPG,No GPS Data,2026-04-03 18:12:42,0,0,0.0,,Manual: Black Drongo,,0,
IMG_8587.JPG,"11.007004, 76.925077",2026-04-03 18:12:49,1,0.9868298172950745,8.021,Black Drongo,Black Drongo,Black Drongo,0.869,Black Drongo (86.85%) | Asian Koel (3.23%) | Greater Racket-tailed Drongo (1.66%) | Malabar Pied Hornbill (0.37%) | Large-billed Crow (0.32%)
IMG_8590.JPG,"11.007004, 76.925077",2026-04-03 18:15:01,1,0.9978790283203125,4.838,,Manual: Common Hawk-Cuckoo,Shikra,0.269,Shikra (26.91%) | Crested Serpent-Eagle (5.35%) | Black-crowned Night Heron (3.15%) | Gray-headed Fish-Eagle (3.05%) | Common Hawk-Cuckoo (2.54%)
IMG_8592.JPG,"11.007004, 76.925077",2026-04-03 18:15:04,1,0.9979854822158813,4.99,,Manual: Common Hawk-Cuckoo,Shikra,0.133,Shikra (13.34%) | Crested Serpent-Eagle (4.50%) | Common Hawk-Cuckoo (4.21%) | Amur Falcon (3.04%) | Montagu's Harrier (2.10%)
IMG_8596.JPG,"11.007004, 76.925077",2026-04-03 18:16:03,1,0.9993391633033752,5.172,,Manual: Common Hawk-Cuckoo,Common Hawk-Cuckoo,0.15,Common Hawk-Cuckoo (15.00%) | Shikra (5.96%) | Indian Cuckooshrike (4.07%) | Common Cuckoo (2.17%) | Black-headed Cuckooshrike (1.28%)
IMG_8598.JPG,"11.007004, 76.925077",2026-04-03 18:17:23,1,0.9982353448867798,5.285,Indian Pond-Heron,Indian Pond-Heron,Indian Pond-Heron,0.394,Indian Pond-Heron (39.36%) | Black Bittern (8.15%) | Black-crowned Night Heron (3.45%) | Yellow Bittern (1.55%) | Thick-billed Flowerpecker (1.43%)
IMG_8600.JPG,"11.007004, 76.925077",2026-04-03 18:18:44,1,0.999354898929596,4.971,,Manual: Indian Pond-Heron,Black Bittern,0.168,Black Bittern (16.79%) | Indian Pond-Heron (16.05%) | Black-crowned Night Heron (5.16%) | Changeable Hawk-Eagle (2.38%) | Yellow Bittern (1.83%)
IMG_8601.JPG,"11.007004, 76.925077",2026-04-03 18:19:28,1,0.9992221593856812,5.149,,Manual: Little Egret,Black-headed Ibis,0.226,Black-headed Ibis (22.59%) | Little Egret (13.71%) | Eurasian Spoonbill (5.16%) | Great Egret (3.71%) | Medium Egret (3.22%)
IMG_8605.JPG,"11.007004, 76.925077",2026-04-03 18:20:33,26,0.9424716234207153,11.204,,,,0,
IMG_8614.JPG,"11.007004, 76.925077",2026-04-03 18:23:45,7,0.8659276366233826,6.994,,,,0,
IMG_8618.JPG,"11.007004, 76.925077",2026-04-03 18:24:26,1,0.9990712404251099,5.44,White-breasted Waterhen,White-breasted Waterhen,White-breasted Waterhen,0.596,White-breasted Waterhen (59.57%) | Marsh Sandpiper (1.19%) | White-browed Fantail (1.05%) | Red-wattled Lapwing (0.86%) | Pheasant-tailed Jacana (0.84%)
IMG_8619.JPG,"11.007004, 76.925077",2026-04-03 18:24:28,1,0.9982321858406067,5.378,White-breasted Waterhen,White-breasted Waterhen,White-breasted Waterhen,0.479,White-breasted Waterhen (47.86%) | White-browed Fantail (3.43%) | Pied Cuckoo (2.28%) | Marsh Sandpiper (1.49%) | Tricolored Munia (1.30%)
IMG_8621.JPG,"11.007004, 76.925077",2026-04-03 18:24:48,1,0.9930806756019592,5.156,,Manual: Painted Stork,Painted Stork,0.149,Painted Stork (14.92%) | Grey Heron (4.54%) | Indian Pied Starling (3.11%) | Black-crowned Night Heron (2.11%) | Indian Pond-Heron (2.09%)
IMG_8623.JPG,"11.007004, 76.925077",2026-04-03 18:25:36,1,0.9978335499763489,5.567,,Manual: Indian Pond-Heron,Indian Pond-Heron,0.148,Indian Pond-Heron (14.78%) | Black-crowned Night Heron (5.65%) | Shikra (5.14%) | Black Bittern (2.46%) | Eurasian Kestrel (1.62%)
IMG_8624.JPG,"11.007004, 76.925077",2026-04-03 18:25:54,1,0.9983705878257751,5.711,,Manual: Grey Heron,Grey Heron,0.159,Grey Heron (15.85%) | Eastern Barn Owl (5.13%) | Yellow Bittern (2.50%) | White-bellied Sea-Eagle (2.09%) | White-naped Woodpecker (1.71%)
IMG_8626.JPG,"11.007004, 76.925077",2026-04-03 18:26:17,2,0.9719262719154358,6.47,,,,0,
IMG_8627.JPG,"11.007004, 76.925077",2026-04-03 18:27:04,5,0.9752939939498901,6.138,,,,0,
IMG_8630.JPG,"11.007004, 76.925077",2026-04-03 18:29:13,1,0.9974428415298462,5.808,Indian Pond-Heron,Indian Pond-Heron,Indian Pond-Heron,0.417,Indian Pond-Heron (41.66%) | Yellow Bittern (8.04%) | Cinnamon Bittern (2.19%) | Black Bittern (1.54%) | Black-crowned Night Heron (0.97%)
IMG_8631.JPG,"11.007004, 76.925077",2026-04-03 18:29:41,1,0.9960072636604309,6.565,Glossy Ibis,Glossy Ibis,Glossy Ibis,0.403,Glossy Ibis (40.35%) | Red-naped Ibis (4.25%) | Cinnamon Bittern (2.32%) | Ruddy Shelduck (1.72%) | Ruddy-breasted Crake (1.69%)
IMG_8632.JPG,"11.007004, 76.925077",2026-04-03 18:30:45,1,0.9995549321174622,4.236,Indian Pond-Heron,Indian Pond-Heron,Indian Pond-Heron,0.364,Indian Pond-Heron (36.36%) | Black Bittern (5.47%) | Yellow Bittern (4.82%) | Black-crowned Night Heron (3.12%) | Changeable Hawk-Eagle (1.10%)
IMG_8633.JPG,"11.007004, 76.925077",2026-04-03 18:33:54,2,0.941849410533905,6.622,,Manual: Grey Heron,,0,
IMG_8634.JPG,"11.007004, 76.925077",2026-04-03 18:34:01,1,0.999267041683197,5.024,Grey Heron,Grey Heron,Grey Heron,0.489,Grey Heron (48.93%) | Western Reef Heron (4.46%) | Purple Heron (4.21%) | Pallas's Gull (3.49%) | Black-crowned Night Heron (1.00%)
IMG_8635.JPG,"11.007004, 76.925077",2026-04-03 18:34:03,1,0.9993821382522583,4.943,Grey Heron,Grey Heron,Grey Heron,0.468,Grey Heron (46.82%) | Pallas's Gull (5.83%) | Western Reef Heron (3.97%) | Purple Heron (2.51%) | Black-crowned Night Heron (2.14%)
IMG_8636.JPG,"11.007004, 76.925077",2026-04-03 18:34:13,1,0.9989776611328125,5.214,Grey Heron,Grey Heron,Grey Heron,0.555,Grey Heron (55.47%) | Asian Openbill (9.24%) | White-bellied Sea-Eagle (3.58%) | Great White Pelican (0.80%) | Tawny Eagle (0.77%)
IMG_8638.JPG,"11.007004, 76.925077",2026-04-03 18:35:03,1,0.9992344379425049,6.894,Eurasian Collared-Dove,Eurasian Collared-Dove,Eurasian Collared-Dove,0.38,Eurasian Collared-Dove (37.96%) | Red Collared-Dove (12.23%) | Laughing Dove (1.13%) | Pallas's Gull (0.95%) | Brown Shrike (0.82%)
IMG_8640.JPG,"11.007004, 76.925077",2026-04-03 18:37:52,1,0.999100923538208,7.526,,Manual: Common Myna,Common Myna,0.28,Common Myna (27.96%) | Jungle Myna (5.19%) | Yellow-eyed Babbler (3.78%) | White-breasted Waterhen (3.42%) | Indian Silverbill (1.33%)
IMG_8641.JPG,"11.007004, 76.925077",2026-04-03 18:38:25,1,0.9988752007484436,5.422,Eurasian Moorhen,Eurasian Moorhen,Eurasian Moorhen,0.855,Eurasian Moorhen (85.49%) | Black Bittern (0.43%) | Common Myna (0.34%) | Indian Pied Starling (0.31%) | Eurasian Hobby (0.29%)
IMG_8642.JPG,"11.007004, 76.925077",2026-04-03 18:38:30,1,0.9993171691894531,5.58,Purple Heron,Purple Heron,Purple Heron,0.782,Purple Heron (78.21%) | Grey Heron (1.15%) | Western Reef Heron (0.51%) | Eastern Cattle-Egret (0.44%) | Indian Pond-Heron (0.41%)
IMG_8643.JPG,"11.007004, 76.925077",2026-04-03 18:39:31,1,0.9986811280250549,5.385,,Manual: Indian Pond-Heron,Indian Pond-Heron,0.261,Indian Pond-Heron (26.09%) | Black-crowned Night Heron (7.39%) | Cinnamon Bittern (4.55%) | Changeable Hawk-Eagle (2.03%) | Yellow Bittern (2.01%)
IMG_8645.JPG,"11.007004, 76.925077",2026-04-03 18:42:43,4,0.9943509101867676,7.726,,Manual: Indian Grey Hornbill,,0,
IMG_8646.JPG,"11.007004, 76.925077",2026-04-03 18:42:45,2,0.8278332352638245,8.808,,Manual: Indian Grey Hornbill,,0,
IMG_8647.JPG,"11.007004, 76.925077",2026-04-03 18:42:47,2,0.9979122281074524,8.493,,Manual: Indian Grey Hornbill,,0,
IMG_8648.JPG,"11.007004, 76.925077",2026-04-03 18:43:30,1,0.9973601698875427,6.18,Indian Grey Hornbill,Indian Grey Hornbill,Indian Grey Hornbill,0.549,Indian Grey Hornbill (54.86%) | Black-crowned Night Heron (2.39%) | Nilgiri Wood-Pigeon (2.27%) | Jungle Myna (0.94%) | Crested Serpent-Eagle (0.82%)
IMG_8649.JPG,"11.007004, 76.925077",2026-04-03 18:43:32,3,0.7731297016143799,8.253,,Manual: Indian Grey Hornbill,,0,
IMG_8651.JPG,"11.007004, 76.925077",2026-04-03 18:43:38,5,0.966855525970459,8.868,,Manual: Indian Grey Hornbill,,0,
IMG_8652.JPG,"11.007004, 76.925077",2026-04-03 18:45:10,1,0.9983481168746948,6.046,Indian Grey Hornbill,Indian Grey Hornbill,Indian Grey Hornbill,0.393,Indian Grey Hornbill (39.32%) | Crested Serpent-Eagle (2.42%) | Green Imperial Pigeon (2.31%) | Shikra (2.19%) | Jungle Myna (1.48%)
IMG_8653.JPG,"11.007004, 76.925077",2026-04-03 18:45:14,1,0.9979154467582703,6.06,,Manual: Indian Grey Hornbill,Indian Grey Hornbill,0.108,Indian Grey Hornbill (10.78%) | Green Imperial Pigeon (6.40%) | Orange-breasted Green-Pigeon (4.37%) | Jungle Myna (3.07%) | Crested Serpent-Eagle (2.76%)
IMG_8655.JPG,"11.007004, 76.925077",2026-04-03 18:45:20,1,0.9975304007530212,5.687,,Manual: Indian Grey Hornbill,Indian Grey Hornbill,0.273,Indian Grey Hornbill (27.33%) | Gray-headed Fish-Eagle (8.58%) | Pallas's Gull (3.74%) | Nilgiri Wood-Pigeon (3.70%) | Green Imperial Pigeon (2.43%)
IMG_8656.JPG,"11.007004, 76.925077",2026-04-03 18:46:01,1,0.9982362985610962,6.745,,Manual: Indian Grey Hornbill,Nilgiri Wood-Pigeon,0.036,Nilgiri Wood-Pigeon (3.62%) | Jungle Babbler (3.28%) | Jungle Myna (3.21%) | Indian Blackbird (2.43%) | White-browed Bulbul (2.24%)
IMG_8658.JPG,No GPS Data,2026-04-03 18:46:07,0,0,0.0,,Manual: Indian Grey Hornbill,,0,
IMG_8660.JPG,"11.007004, 76.925077",2026-04-03 18:46:13,1,0.9721680879592896,6.275,,Manual: Indian Grey Hornbill,Indian Blackbird,0.073,Indian Blackbird (7.26%) | Indian Grey Hornbill (6.34%) | Orange-breasted Green-Pigeon (2.77%) | Laughing Dove (2.65%) | Nilgiri Wood-Pigeon (2.64%)
IMG_8665.JPG,"13.013336449342534, 80.27572921957346",2026-04-05 18:41:29,2,0.8573758602142334,5.728,,Manual: Eastern Cattle-Egret,,0,
IMG_8666.JPG,"13.013336449342534, 80.27572921957346",2026-04-05 18:41:46,1,0.9988447427749634,6.077,House Crow,House Crow,House Crow,0.405,House Crow (40.48%) | Dusky Crag-Martin (3.01%) | Ashy Woodswallow (2.51%) | Crested Serpent-Eagle (2.28%) | Brown Wood-Owl (1.88%)
IMG_8667.JPG,"13.013336449342534, 80.27572921957346",2026-04-05 18:45:17,1,0.9987993240356445,7.199,White-throated Kingfisher,White-throated Kingfisher,White-throated Kingfisher,0.849,White-throated Kingfisher (84.85%) | Tricolored Munia (1.68%) | Malabar Starling (0.64%) | Alpine Swift (0.34%) | Common Myna (0.28%)
IMG_8668.JPG,"13.013336449342534, 80.27572921957346",2026-04-05 18:45:20,1,0.9989379048347473,7.072,White-throated Kingfisher,White-throated Kingfisher,White-throated Kingfisher,0.848,White-throated Kingfisher (84.79%) | Tricolored Munia (1.51%) | Malabar Starling (0.44%) | White-breasted Waterhen (0.31%) | Osprey (0.24%)
IMG_8669.JPG,"13.013336449342534, 80.27572921957346",2026-04-05 18:45:26,1,0.9982151985168457,7.496,,Manual: White-throated Kingfisher,White-throated Kingfisher,0.093,White-throated Kingfisher (9.31%) | Malabar Whistling-Thrush (3.34%) | White-naped Woodpecker (2.25%) | Tickell's Blue Flycatcher (1.54%) | White-bellied Blue Flycatcher (1.44%)
IMG_8672.JPG,"13.013336449342534, 80.27572921957346",2026-04-05 18:46:02,1,0.9928755760192871,4.752,Red-wattled Lapwing,Red-wattled Lapwing,Red-wattled Lapwing,0.346,Red-wattled Lapwing (34.65%) | Yellow-wattled Lapwing (5.74%) | Little Ringed Plover (3.22%) | Greater Spotted Eagle (1.77%) | Indian Stone-curlew (1.16%)
IMG_8673.JPG,"13.013336449342534, 80.27572921957346",2026-04-05 18:52:42,3,0.9966385364532471,6.933,,,,0,
IMG_8674.JPG,"13.013336449342534, 80.27572921957346",2026-04-05 18:52:53,4,0.9992062449455261,6.679,,,,0,
IMG_8675.JPG,"13.013336449342534, 80.27572921957346",2026-04-05 18:52:55,3,0.9987468719482422,6.746,,,,0,
IMG_8676.JPG,"13.013336449342534, 80.27572921957346",2026-04-05 18:53:11,1,0.9989504814147949,5.733,Common Greenshank,Common Greenshank,Common Greenshank,0.666,Common Greenshank (66.57%) | Marsh Sandpiper (12.48%) | Curlew Sandpiper (0.47%) | Wood Sandpiper (0.46%) | Green Sandpiper (0.40%)
IMG_8678.JPG,"13.013336449342534, 80.27572921957346",2026-04-05 18:53:15,1,0.9996134638786316,4.526,Common Greenshank,Common Greenshank,Common Greenshank,0.661,Common Greenshank (66.07%) | Marsh Sandpiper (5.34%) | Common Redshank (0.54%) | Striolated Bunting (0.46%) | Black-winged Stilt (0.44%)
IMG_8679.JPG,"13.013336449342534, 80.27572921957346",2026-04-05 18:53:40,1,0.998889148235321,4.534,Medium Egret,Manual: Great Egret,Medium Egret,0.561,Medium Egret (56.06%) | Great Egret (4.06%) | Eastern Cattle-Egret (2.27%) | Little Egret (1.55%) | Slender-billed Gull (0.68%)
IMG_8680.JPG,"13.013336449342534, 80.27572921957346",2026-04-05 18:53:59,3,0.9968468546867371,6.823,,,,0,
IMG_8681.JPG,"13.013336449342534, 80.27572921957346",2026-04-05 18:54:33,1,0.9996786117553711,5.234,Common Greenshank,Common Greenshank,Marsh Sandpiper,0.477,Marsh Sandpiper (47.69%) | Common Greenshank (16.08%) | Wood Sandpiper (1.66%) | Common Redshank (1.52%) | Green Sandpiper (1.19%)
IMG_8682.JPG,"13.013336449342534, 80.27572921957346",2026-04-05 18:54:39,1,0.9995858073234558,5.043,,Manual: Common Greenshank,Common Greenshank,0.214,Common Greenshank (21.38%) | Marsh Sandpiper (13.45%) | Common Redshank (5.86%) | Wood Sandpiper (1.55%) | Oriental Skylark (1.06%)
IMG_8684.JPG,"13.013336449342534, 80.27572921957346",2026-04-05 18:56:29,1,0.9991126656532288,4.358,,Manual: Little Egret,Little Egret,0.203,Little Egret (20.28%) | Great Egret (17.15%) | Medium Egret (4.40%) | Eastern Cattle-Egret (2.72%) | Western Reef Heron (1.54%)
IMG_8686.JPG,"13.013336449342534, 80.27572921957346",2026-04-05 18:56:58,1,0.9987509250640869,6.064,Wood Sandpiper,Wood Sandpiper,Wood Sandpiper,0.508,Wood Sandpiper (50.80%) | Asian Koel (1.59%) | Indian Cormorant (1.20%) | Northern Shoveler (1.01%) | Eurasian Whimbrel (0.93%)
IMG_8687.JPG,"13.013336449342534, 80.27572921957346",2026-04-05 18:57:15,1,0.9996656179428101,5.165,Wood Sandpiper,Wood Sandpiper,Wood Sandpiper,0.719,Wood Sandpiper (71.87%) | Asian Koel (1.11%) | Black-bellied Plover (0.67%) | Spotted Redshank (0.52%) | Ruff (0.43%)
IMG_8689.JPG,"13.013336449342534, 80.27572921957346",2026-04-05 18:57:24,1,0.9996663331985474,5.224,Wood Sandpiper,Wood Sandpiper,Wood Sandpiper,0.725,Wood Sandpiper (72.55%) | Black-bellied Plover (0.96%) | Asian Koel (0.76%) | Spotted Redshank (0.72%) | Ruff (0.56%)
IMG_8691.JPG,"13.013336449342534, 80.27572921957346",2026-04-05 18:57:43,1,0.999075174331665,4.996,Spot-billed Pelican,Spot-billed Pelican,Great White Pelican,0.912,Great White Pelican (91.21%) | Indian Vulture (0.88%) | Great Egret (0.31%) | Paddyfield Pipit (0.20%) | Greylag Goose (0.20%)
IMG_8692.JPG,"13.013336449342534, 80.27572921957346",2026-04-05 18:57:52,3,0.7943354845046997,7.056,,Manual: Little Cormorant,,0,
IMG_8696.JPG,"13.013336449342534, 80.27572921957346",2026-04-05 18:58:25,3,0.9581008553504944,9.108,,,,0,
IMG_8698.JPG,"13.013336449342534, 80.27572921957346",2026-04-05 18:58:46,5,0.9880685210227966,6.472,,,,0,
IMG_8700.JPG,"13.013336449342534, 80.27572921957346",2026-04-05 18:59:12,2,0.9916690587997437,5.919,,Manual: Little Cormorant,,0,
IMG_8702.JPG,"13.013336449342534, 80.27572921957346",2026-04-05 18:59:23,1,0.9991071820259094,6.169,Little Cormorant,Manual: Indian Cormorant,Little Cormorant,0.384,Little Cormorant (38.44%) | Little Grebe (23.95%) | Eurasian Coot (1.43%) | White-eyed Buzzard (1.39%) | Northern Pintail (1.06%)
IMG_8706.JPG,"13.013336449342534, 80.27572921957346",2026-04-05 19:00:56,1,0.9969233870506287,4.723,Spot-billed Pelican,Spot-billed Pelican,Great White Pelican,0.836,Great White Pelican (83.61%) | Asian Woolly-necked Stork (0.53%) | Great Egret (0.48%) | Painted Stork (0.34%) | Oriental Darter (0.30%)
IMG_8707.JPG,"13.013336449342534, 80.27572921957346",2026-04-05 19:01:32,1,0.9988886713981628,4.828,Common Greenshank,Common Greenshank,Common Greenshank,0.48,Common Greenshank (47.98%) | Marsh Sandpiper (15.72%) | Green Sandpiper (3.15%) | Streak-throated Swallow (0.89%) | Indian Cormorant (0.85%)
IMG_8708.JPG,"13.013336449342534, 80.27572921957346",2026-04-05 19:01:34,1,0.9994773268699646,6.155,,Manual: Common Greenshank,Common Redshank,0.141,Common Redshank (14.10%) | Lesser Black-backed Gull (3.03%) | Common Greenshank (2.30%) | Indian Skimmer (2.01%) | Black-crowned Night Heron (1.83%)
IMG_8711.JPG,"13.013336449342534, 80.27572921957346",2026-04-05 19:02:13,4,0.998324453830719,7.711,,,,0,
IMG_8712.JPG,"13.013336449342534, 80.27572921957346",2026-04-05 19:02:21,4,0.9479435086250305,8.055,,,,0,
IMG_8714.JPG,"13.013336449342534, 80.27572921957346",2026-04-05 19:03:48,6,0.9850800633430481,6.95,,,,0,
IMG_8715.JPG,"13.013336449342534, 80.27572921957346",2026-04-05 19:03:49,4,0.9978607296943665,6.773,,,,0,
IMG_8716.JPG,"13.013336449342534, 80.27572921957346",2026-04-05 19:04:12,6,0.9984890222549438,9.624,,,,0,
IMG_8717.JPG,"13.013336449342534, 80.27572921957346",2026-04-05 19:05:30,1,0.9996168613433838,7.096,,Manual: Little Egret,Great Egret,0.145,Great Egret (14.52%) | Little Egret (7.88%) | Western Reef Heron (4.67%) | Medium Egret (3.43%) | Eurasian Spoonbill (2.18%)
IMG_8718.JPG,"13.013336449342534, 80.27572921957346",2026-04-05 19:05:43,2,0.998783528804779,5.355,,,,0,
IMG_8719.JPG,"13.013336449342534, 80.27572921957346",2026-04-05 19:12:36,1,0.9994031190872192,6.045,Great Egret,Great Egret,Great Egret,0.551,Great Egret (55.06%) | Little Egret (9.84%) | Black-headed Ibis (2.66%) | Medium Egret (1.40%) | Eurasian Spoonbill (1.01%)
IMG_8720.JPG,"13.013336449342534, 80.27572921957346",2026-04-05 19:12:44,3,0.9993822574615479,6.722,,,,0,
IMG_8722.JPG,"13.013336449342534, 80.27572921957346",2026-04-05 19:14:13,12,0.8883957266807556,7.991,,,,0,
IMG_8726.JPG,No GPS Data,2026-04-05 19:15:22,0,0,0.0,,Manual: Pied Kingfisher,,0,
IMG_8727.JPG,"13.013336449342534, 80.27572921957346",2026-04-05 19:16:20,1,0.9994311928749084,6.182,,Manual: Indian Cormorant,Great Cormorant,0.148,Great Cormorant (14.81%) | Little Cormorant (11.32%) | Indian Cormorant (8.31%) | Common Pochard (2.50%) | Oriental Darter (1.90%)
IMG_8732.JPG,"13.013336449342534, 80.27572921957346",2026-04-05 19:17:32,2,0.9985047578811646,6.553,,,,0,
IMG_8733.JPG,"13.013336449342534, 80.27572921957346",2026-04-05 19:17:51,1,0.9991629123687744,7.104,Whiskered Tern,Manual: Gull-billed Tern,Whiskered Tern,0.518,Whiskered Tern (51.79%) | Gull-billed Tern (6.23%) | Common Tern (2.54%) | Lesser Crested Tern (1.64%) | Marsh Sandpiper (1.27%)
IMG_8736.JPG,"13.013336449342534, 80.27572921957346",2026-04-05 19:18:02,1,0.9996271133422852,6.933,Gull-billed Tern,Gull-billed Tern,Gull-billed Tern,0.429,Gull-billed Tern (42.94%) | Slender-billed Gull (4.74%) | Lesser Crested Tern (2.00%) | Indian Spotted Eagle (1.80%) | Black-crowned Night Heron (1.37%)
IMG_8737.JPG,"13.013336449342534, 80.27572921957346",2026-04-05 19:18:04,2,0.7559983134269714,8.304,,Manual: Gull-billed Tern,,0,
IMG_8738.JPG,"13.013336449342534, 80.27572921957346",2026-04-05 19:18:11,2,0.9970780611038208,10.621,,,,0,
IMG_8741.JPG,"13.013336449342534, 80.27572921957346",2026-04-05 19:28:10,1,0.9996076226234436,5.4,Common Greenshank,Common Greenshank,Common Greenshank,0.573,Common Greenshank (57.27%) | Marsh Sandpiper (1.23%) | Common Redshank (1.21%) | Black-winged Stilt (0.75%) | Green Sandpiper (0.68%)
IMG_8743.JPG,"13.013336449342534, 80.27572921957346",2026-04-05 19:28:14,1,0.9996474981307983,5.267,Common Greenshank,Common Greenshank,Common Greenshank,0.681,Common Greenshank (68.08%) | Marsh Sandpiper (5.19%) | Wood Sandpiper (0.90%) | Common Redshank (0.51%) | Black-winged Stilt (0.50%)
IMG_8744.JPG,"13.013336449342534, 80.27572921957346",2026-04-05 19:28:16,1,0.9997143149375916,5.343,Common Greenshank,Common Greenshank,Common Greenshank,0.494,Common Greenshank (49.36%) | Marsh Sandpiper (9.72%) | Common Redshank (1.16%) | Wood Sandpiper (0.76%) | Common Sandpiper (0.71%)
IMG_8745.JPG,"13.013336449342534, 80.27572921957346",2026-04-05 19:28:26,3,0.9977154731750488,5.4,,,,0,
IMG_8746.JPG,"13.013336449342534, 80.27572921957346",2026-04-05 19:28:28,3,0.9989635944366455,5.351,,,,0,
IMG_8747.JPG,"13.013336449342534, 80.27572921957346",2026-04-05 19:28:32,2,0.9988994598388672,5.412,,,,0,
IMG_8748.JPG,"13.013336449342534, 80.27572921957346",2026-04-05 19:28:33,3,0.8221757411956787,6.36,,,,0,
IMG_8749.JPG,"13.013336449342534, 80.27572921957346",2026-04-05 19:28:35,2,0.9994930028915405,5.319,,,,0,
IMG_8750.JPG,"13.013336449342534, 80.27572921957346",2026-04-05 19:28:46,1,0.9993453621864319,5.953,Common Sandpiper,Common Sandpiper,Common Sandpiper,0.812,Common Sandpiper (81.21%) | Green Sandpiper (1.94%) | Grey Wagtail (0.63%) | Common Hawk-Cuckoo (0.38%) | Yellow-eyed Babbler (0.34%)
IMG_8751.JPG,"13.013336449342534, 80.27572921957346",2026-04-05 19:28:48,2,0.9977449178695679,8.494,,Manual: Common Sandpiper,,0,
IMG_8752.JPG,"13.013336449342534, 80.27572921957346",2026-04-05 19:28:49,1,0.9982444047927856,5.162,,Manual: Eurasian Whimbrel,Black Kite,0.07,Black Kite (6.96%) | Indian Stone-curlew (5.44%) | Brown Fish-Owl (4.50%) | Slaty-breasted Rail (3.39%) | Garganey (1.91%)
IMG_8753.JPG,"13.013336449342534, 80.27572921957346",2026-04-05 19:28:51,3,0.9575153589248657,6.963,,,,0,
IMG_8754.JPG,"13.013336449342534, 80.27572921957346",2026-04-05 19:28:52,3,0.9981465339660645,8.171,,,,0,
IMG_8756.JPG,"13.013336449342534, 80.27572921957346",2026-04-05 19:29:15,1,0.9995999932289124,5.447,Common Greenshank,Common Greenshank,Common Greenshank,0.356,Common Greenshank (35.62%) | Marsh Sandpiper (18.68%) | Common Redshank (2.39%) | Black-winged Stilt (1.41%) | Wood Sandpiper (1.06%)
IMG_8757.JPG,"13.013336449342534, 80.27572921957346",2026-04-05 19:29:32,1,0.9987866282463074,7.467,,Manual: Common Greenshank,White-naped Woodpecker,0.026,White-naped Woodpecker (2.60%) | Black-winged Kite (2.11%) | Eastern Red-rumped Swallow (2.09%) | Common Greenshank (2.00%) | Asian Palm Swift (1.68%)
IMG_8758.JPG,"13.013336449342534, 80.27572921957346",2026-04-05 19:29:40,1,0.9995967745780945,5.551,Common Sandpiper,Common Sandpiper,Common Sandpiper,0.742,Common Sandpiper (74.16%) | Green Sandpiper (1.41%) | Little Ringed Plover (0.78%) | Greater Painted-Snipe (0.54%) | Common Redshank (0.53%)
IMG_8760.JPG,"13.013336449342534, 80.27572921957346",2026-04-05 19:29:43,1,0.9996591806411743,5.395,Common Sandpiper,Common Sandpiper,Common Sandpiper,0.801,Common Sandpiper (80.11%) | Green Sandpiper (1.18%) | Greater Painted-Snipe (0.79%) | Little Ringed Plover (0.45%) | Common Myna (0.28%)
IMG_8761.JPG,"13.013336449342534, 80.27572921957346",2026-04-05 19:29:45,1,0.9996733665466309,5.025,Common Sandpiper,Common Sandpiper,Common Sandpiper,0.625,Common Sandpiper (62.47%) | Green Sandpiper (5.46%) | Common Redshank (1.94%) | Greater Painted-Snipe (0.66%) | Indian Pond-Heron (0.48%)
IMG_8762.JPG,"13.013336449342534, 80.27572921957346",2026-04-05 19:29:46,1,0.9988570213317871,5.954,,Manual: Common Sandpiper,Common Sandpiper,0.053,Common Sandpiper (5.29%) | Common Redshank (4.39%) | Broad-billed Sandpiper (4.03%) | Wood Sandpiper (3.11%) | Indian Stone-curlew (3.06%)
IMG_8763.JPG,"13.013336449342534, 80.27572921957346",2026-04-05 19:29:50,1,0.9997712969779968,5.263,Common Sandpiper,Common Sandpiper,Common Sandpiper,0.741,Common Sandpiper (74.11%) | Green Sandpiper (1.46%) | Common Redshank (0.73%) | Greater Painted-Snipe (0.66%) | Common Greenshank (0.61%)
IMG_8764.JPG,"13.013336449342534, 80.27572921957346",2026-04-05 19:30:29,1,0.9757093191146851,8.18,Gull-billed Tern,Gull-billed Tern,Gull-billed Tern,0.312,Gull-billed Tern (31.18%) | Long-tailed Shrike (6.31%) | Whiskered Tern (2.78%) | Sandwich Tern (2.66%) | Medium Egret (1.32%)
IMG_8768.JPG,"13.013336449342534, 80.27572921957346",2026-04-05 19:34:09,2,0.9994389414787292,7.349,,,,0,
IMG_8769.JPG,"13.013336449342534, 80.27572921957346",2026-04-05 19:34:30,1,0.9993288516998291,6.874,Gull-billed Tern,Manual: Whiskered Tern,Gull-billed Tern,0.601,Gull-billed Tern (60.07%) | Whiskered Tern (2.37%) | Little Tern (2.05%) | Greater Sand-Plover (0.91%) | Black-headed Gull (0.91%)
IMG_8770.JPG,"13.013336449342534, 80.27572921957346",2026-04-05 19:34:31,1,0.9865619540214539,7.303,,Manual: Whiskered Tern,Black-headed Gull,0.094,Black-headed Gull (9.42%) | Grey Heron (2.82%) | Sandwich Tern (2.80%) | Malabar Flameback (2.64%) | White Wagtail (2.46%)
IMG_8772.JPG,"13.013336449342534, 80.27572921957346",2026-04-05 19:35:03,1,0.9997081160545349,5.652,,Manual: Common Greenshank,Common Greenshank,0.12,Common Greenshank (11.97%) | Marsh Sandpiper (10.21%) | Common Redshank (5.41%) | Great Knot (3.50%) | Wood Sandpiper (1.48%)
IMG_8773.JPG,"13.013336449342534, 80.27572921957346",2026-04-05 19:35:05,1,0.9991472959518433,5.655,,Manual: Common Greenshank,Common Greenshank,0.053,Common Greenshank (5.32%) | Osprey (4.26%) | Lesser Black-backed Gull (4.07%) | Green Sandpiper (4.00%) | Eurasian Whimbrel (2.84%)
IMG_8775.JPG,"13.013336449342534, 80.27572921957346",2026-04-05 19:35:23,1,0.9991794228553772,5.409,Common Greenshank,Common Greenshank,Common Greenshank,0.433,Common Greenshank (43.30%) | Marsh Sandpiper (16.32%) | Green Sandpiper (1.77%) | Wood Sandpiper (0.92%) | Common Redshank (0.78%)
IMG_8776.JPG,"13.013336449342534, 80.27572921957346",2026-04-05 19:35:26,1,0.9994888305664062,5.756,Common Greenshank,Common Greenshank,Common Greenshank,0.383,Common Greenshank (38.28%) | Marsh Sandpiper (17.58%) | Common Redshank (2.00%) | Green Sandpiper (1.17%) | Large Grey Babbler (0.73%)
IMG_8777.JPG,"13.013336449342534, 80.27572921957346",2026-04-05 19:35:28,1,0.9947027564048767,5.868,Common Greenshank,Common Greenshank,Marsh Sandpiper,0.71,Marsh Sandpiper (71.00%) | Common Greenshank (6.26%) | Ruff (0.95%) | Wood Sandpiper (0.91%) | Indian Stone-curlew (0.67%)
IMG_8780.JPG,"13.013336449342534, 80.27572921957346",2026-04-05 19:38:23,1,0.9992389678955078,6.324,Common Sandpiper,Common Sandpiper,Common Sandpiper,0.422,Common Sandpiper (42.25%) | Yellow-wattled Lapwing (3.86%) | Green Sandpiper (3.09%) | Grey Wagtail (2.88%) | Pallas's Gull (1.56%)
IMG_8781.JPG,"13.013336449342534, 80.27572921957346",2026-04-05 19:38:25,2,0.9943804144859314,8.642,,Manual: Common Sandpiper,,0,
IMG_8783.JPG,"13.013336449342534, 80.27572921957346",2026-04-05 19:39:08,5,0.8814024925231934,9.634,,,,0,
IMG_8784.JPG,"13.013336449342534, 80.27572921957346",2026-04-05 19:39:37,1,0.999710738658905,5.6,,Manual: Indian Cormorant,Indian Cormorant,0.291,Indian Cormorant (29.14%) | Little Cormorant (8.46%) | Oriental Darter (6.53%) | Great Cormorant (4.91%) | Common Pochard (2.31%)
IMG_8786.JPG,"13.013336449342534, 80.27572921957346",2026-04-05 20:02:05,1,0.9988227486610413,5.581,Little Cormorant,Little Cormorant,Little Cormorant,0.44,Little Cormorant (44.05%) | Little Grebe (13.83%) | Indian Cormorant (2.61%) | Marsh Sandpiper (1.48%) | Eurasian Coot (0.99%)
IMG_8787.JPG,"13.013336449342534, 80.27572921957346",2026-04-05 20:02:06,1,0.9894527196884155,5.789,,Manual: Little Cormorant,Little Grebe,0.263,Little Grebe (26.27%) | Little Cormorant (20.25%) | Eurasian Coot (11.16%) | Dusky Crag-Martin (1.33%) | Dunlin (0.96%)
IMG_8789.JPG,"13.013336449342534, 80.27572921957346",2026-04-05 20:04:10,5,0.9674725532531738,8.709,,,,0,
IMG_8790.JPG,"13.013336449342534, 80.27572921957346",2026-04-05 20:04:12,5,0.995662271976471,8.256,,,,0,
IMG_8791.JPG,"13.013336449342534, 80.27572921957346",2026-04-05 20:04:16,3,0.9992392063140869,8.72,,,,0,
IMG_8792.JPG,"13.013336449342534, 80.27572921957346",2026-04-05 20:04:19,4,0.9989868998527527,8.199,,,,0,
IMG_8793.JPG,"13.013336449342534, 80.27572921957346",2026-04-05 20:04:50,2,0.9983662962913513,6.376,,,,0,
IMG_8796.JPG,"13.013336449342534, 80.27572921957346",2026-04-05 20:09:13,1,0.9996334314346313,5.835,,Manual: Common Sandpiper,Common Sandpiper,0.228,Common Sandpiper (22.79%) | Green Sandpiper (10.12%) | Common Redshank (4.28%) | Indian Pond-Heron (2.34%) | Common Greenshank (1.16%)
IMG_8800.JPG,"13.013336449342534, 80.27572921957346",2026-04-05 20:13:57,3,0.9671439528465271,8.79,,,,0,
IMG_8801.JPG,"13.013336449342534, 80.27572921957346",2026-04-05 20:13:58,2,0.9965779185295105,7.507,,,,0,
IMG_8802.JPG,"13.013336449342534, 80.27572921957346",2026-04-05 20:13:59,1,0.9996351003646851,7.365,Whiskered Tern,Whiskered Tern,Whiskered Tern,0.77,Whiskered Tern (77.00%) | Common Tern (5.12%) | Gull-billed Tern (2.00%) | Brown-cheeked Fulvetta (0.42%) | Black-bellied Plover (0.39%)
IMG_8804.JPG,"13.48465, 80.2668489",2026-04-06 18:40:51,1,0.9994413256645203,5.497,,Manual: Brown-headed Gull,Black-headed Gull,0.222,Black-headed Gull (22.24%) | Brown-headed Gull (13.34%) | Slender-billed Gull (4.32%) | Golden-fronted Leafbird (1.73%) | Pallas's Gull (1.68%)
IMG_8805.JPG,"13.48465, 80.2668489",2026-04-06 18:40:54,1,0.9994533658027649,5.374,,Manual: Brown-headed Gull,Brown-headed Gull,0.174,Brown-headed Gull (17.36%) | Black-headed Gull (15.46%) | Black-hooded Oriole (3.51%) | Slender-billed Gull (2.01%) | Pallas's Gull (1.34%)
IMG_8806.JPG,"13.48465, 80.2668489",2026-04-06 18:40:57,1,0.9992826581001282,6.227,Painted Stork,Painted Stork,Painted Stork,0.615,Painted Stork (61.45%) | Asian Openbill (1.88%) | White-bellied Sea-Eagle (0.72%) | Lesser Adjutant (0.64%) | Oriental Darter (0.57%)
IMG_8807.JPG,"13.48465, 80.2668489",2026-04-06 18:41:02,5,0.998941957950592,7.551,,,,0,
IMG_8808.JPG,"13.48465, 80.2668489",2026-04-06 18:41:05,16,0.9987911581993103,7.768,,,,0,
IMG_8809.JPG,"13.48465, 80.2668489",2026-04-06 18:41:09,7,0.9985344409942627,7.356,,,,0,
IMG_8810.JPG,"13.48465, 80.2668489",2026-04-06 18:41:13,3,0.9993509650230408,6.574,,,,0,
IMG_8812.JPG,"13.48465, 80.2668489",2026-04-06 18:41:48,4,0.9961872696876526,7.059,,,,0,
IMG_8813.JPG,"13.48465, 80.2668489",2026-04-06 18:41:50,2,0.9993448853492737,6.171,,,,0,
IMG_8814.JPG,"13.48465, 80.2668489",2026-04-06 18:42:07,2,0.9982561469078064,6.326,,,,0,
IMG_8815.JPG,"13.48465, 80.2668489",2026-04-06 18:42:47,1,0.9991549253463745,5.622,Painted Stork,Painted Stork,Painted Stork,0.713,Painted Stork (71.25%) | White-bellied Sea-Eagle (0.62%) | Red Avadavat (0.57%) | Asian Openbill (0.56%) | Red-naped Ibis (0.52%)
IMG_8816.JPG,"13.48465, 80.2668489",2026-04-06 18:44:18,1,0.9954415559768677,5.485,Indian Pond-Heron,Indian Pond-Heron,Indian Pond-Heron,0.883,Indian Pond-Heron (88.32%) | Black-crowned Night Heron (0.60%) | Yellow Bittern (0.55%) | Eurasian Curlew (0.44%) | Little Heron (0.28%)
IMG_8818.JPG,"13.48465, 80.2668489",2026-04-06 18:44:27,1,0.9986504912376404,4.163,Indian Pond-Heron,Indian Pond-Heron,Indian Pond-Heron,0.641,Indian Pond-Heron (64.10%) | Yellow Bittern (4.97%) | Gray-headed Fish-Eagle (0.94%) | Black-crowned Night Heron (0.69%) | Red-breasted Flycatcher (0.61%)
IMG_8820.JPG,"13.48465, 80.2668489",2026-04-06 18:57:55,2,0.988405704498291,5.295,,,,0,
IMG_8822.JPG,"13.48465, 80.2668489",2026-04-06 18:57:59,2,0.9977346658706665,5.345,,,,0,
IMG_8824.JPG,"13.48465, 80.2668489",2026-04-06 18:58:23,12,0.9344492554664612,11.331,,,,0,
IMG_8825.JPG,"13.48465, 80.2668489",2026-04-06 18:58:25,6,0.9120768308639526,9.349,,,,0,
IMG_8826.JPG,"13.48465, 80.2668489",2026-04-06 18:58:59,2,0.9979798197746277,8.549,,,,0,
IMG_8827.JPG,"13.48465, 80.2668489",2026-04-06 18:59:02,2,0.9989264607429504,7.102,,,,0,
IMG_8828.JPG,"13.48465, 80.2668489",2026-04-06 18:59:07,2,0.9985173344612122,6.872,,,,0,
IMG_8829.JPG,"13.48465, 80.2668489",2026-04-06 18:59:09,3,0.9983123540878296,7.529,,,,0,
IMG_8830.JPG,"13.48465, 80.2668489",2026-04-06 19:00:43,2,0.9993988275527954,5.118,,,,0,
IMG_8831.JPG,"13.48465, 80.2668489",2026-04-06 19:00:45,2,0.999498724937439,5.795,,,,0,
IMG_8832.JPG,"13.48465, 80.2668489",2026-04-06 19:00:58,1,0.9985223412513733,4.398,Indian Pond-Heron,Indian Pond-Heron,Indian Pond-Heron,0.538,Indian Pond-Heron (53.76%) | Western Reef Heron (2.64%) | Yellow Bittern (2.44%) | Yellow-wattled Lapwing (1.16%) | Gray-headed Fish-Eagle (1.10%)
IMG_8833.JPG,"13.48465, 80.2668489",2026-04-06 19:09:31,1,0.9993715882301331,5.678,Asian Openbill,Asian Openbill,Asian Openbill,0.846,Asian Openbill (84.63%) | Rose-ringed Parakeet (0.44%) | Olive-backed Pipit (0.29%) | Red-naped Ibis (0.25%) | Greater Flamingo (0.25%)
IMG_8834.JPG,"13.48465, 80.2668489",2026-04-06 19:10:06,1,0.9992475509643555,6.595,Brown-headed Gull,Brown-headed Gull,Brown-headed Gull,0.476,Brown-headed Gull (47.63%) | Pallas's Gull (5.73%) | Slender-billed Gull (3.30%) | Small Pratincole (2.40%) | Black-headed Gull (1.13%)
IMG_8835.JPG,"13.48465, 80.2668489",2026-04-06 19:14:42,2,0.9992913007736206,6.805,,,,0,
IMG_8836.JPG,"13.48465, 80.2668489",2026-04-06 19:17:50,1,0.9994933605194092,8.457,,Manual: Black-headed Gull,Brown-headed Gull,0.283,Brown-headed Gull (28.34%) | Slender-billed Gull (20.20%) | Pallas's Gull (3.55%) | Black-winged Stilt (1.97%) | Velvet-fronted Nuthatch (1.46%)
IMG_8837.JPG,"13.48465, 80.2668489",2026-04-06 19:18:22,8,0.7816562056541443,11.364,,,,0,
IMG_8838.JPG,"13.48465, 80.2668489",2026-04-06 19:18:39,1,0.9982819557189941,5.763,Grey Heron,Grey Heron,Grey Heron,0.315,Grey Heron (31.48%) | Purple Heron (2.99%) | White-bellied Sea-Eagle (2.77%) | Painted Stork (1.52%) | Bar-headed Goose (1.41%)
IMG_8839.JPG,"13.48465, 80.2668489",2026-04-06 19:18:41,1,0.9989981055259705,8.405,Grey Heron,Grey Heron,Grey Heron,0.312,Grey Heron (31.20%) | Black-crowned Night Heron (3.99%) | White-bellied Sea-Eagle (1.51%) | River Tern (1.48%) | Pied Kingfisher (1.36%)
IMG_8840.JPG,"13.48465, 80.2668489",2026-04-06 19:18:42,1,0.9990066885948181,6.815,Grey Heron,Grey Heron,Grey Heron,0.351,Grey Heron (35.10%) | Purple Heron (8.98%) | White-bellied Sea-Eagle (1.94%) | Black-crowned Night Heron (1.66%) | White Wagtail (1.54%)
IMG_8841.JPG,"13.48465, 80.2668489",2026-04-06 19:20:34,3,0.7757240533828735,8.066,,,,0,
IMG_8842.JPG,"13.48465, 80.2668489",2026-04-06 19:20:36,3,0.8606247901916504,7.51,,,,0,
IMG_8843.JPG,"13.48465, 80.2668489",2026-04-06 19:23:23,4,0.9975776076316833,7.918,,,,0,
IMG_8845.JPG,"13.48465, 80.2668489",2026-04-06 19:26:35,1,0.9995760321617126,8.859,Whiskered Tern,Manual: Gull-billed Tern,Whiskered Tern,0.649,Whiskered Tern (64.90%) | River Tern (4.59%) | Common Tern (2.81%) | Great Grey Shrike (0.79%) | Wire-tailed Swallow (0.77%)
IMG_8846.JPG,No GPS Data,2026-04-06 19:29:12,0,0,0.0,,,,0,
IMG_8847.JPG,"13.48465, 80.2668489",2026-04-06 19:29:18,2,0.9892710447311401,10.141,,,,0,
IMG_8848.JPG,"13.48465, 80.2668489",2026-04-06 19:29:23,1,0.9928436875343323,7.606,Common Tern,Manual: Whiskered Tern,Common Tern,0.376,Common Tern (37.64%) | Whiskered Tern (20.74%) | Grey Heron (1.06%) | Golden-fronted Leafbird (1.04%) | River Tern (0.97%)
IMG_8849.JPG,"13.48465, 80.2668489",2026-04-06 19:29:24,1,0.9993725419044495,6.59,,Manual: Whiskered Tern,Common Tern,0.213,Common Tern (21.28%) | Little Tern (2.67%) | Whiskered Tern (2.62%) | Gull-billed Tern (2.19%) | River Tern (1.67%)
IMG_8850.JPG,No GPS Data,2026-04-06 19:29:26,0,0,0.0,,,,0,
IMG_8851.JPG,No GPS Data,2026-04-06 19:29:54,0,0,0.0,,,,0,
IMG_8852.JPG,"13.48465, 80.2668489",2026-04-06 19:32:05,3,0.998616099357605,7.195,,,,0,
IMG_8859.JPG,"13.48465, 80.2668489",2026-04-06 19:36:39,1,0.9990279674530029,7.123,,Manual: Caspian Tern,Slender-billed Gull,0.122,Slender-billed Gull (12.17%) | Whiskered Tern (6.23%) | Caspian Tern (5.82%) | Small Pratincole (1.93%) | Brown-headed Gull (1.68%)
IMG_8860.JPG,"13.48465, 80.2668489",2026-04-06 19:36:40,1,0.9990875720977783,6.882,Caspian Tern,Caspian Tern,Caspian Tern,0.86,Caspian Tern (85.97%) | Brown-headed Gull (0.68%) | Little Tern (0.33%) | Black-headed Gull (0.29%) | Indian Skimmer (0.26%)
IMG_8861.JPG,"13.48465, 80.2668489",2026-04-06 19:36:41,1,0.9994720816612244,6.866,Caspian Tern,Caspian Tern,Caspian Tern,0.859,Caspian Tern (85.92%) | Gull-billed Tern (0.71%) | Little Tern (0.44%) | Black-headed Gull (0.25%) | Indian Skimmer (0.21%)
IMG_8863.JPG,"13.48465, 80.2668489",2026-04-06 19:36:56,1,0.9994205236434937,6.511,Brown-headed Gull,Manual: Caspian Tern,Brown-headed Gull,0.479,Brown-headed Gull (47.87%) | Black-headed Gull (12.12%) | Slender-billed Gull (1.37%) | Caspian Tern (1.30%) | Gull-billed Tern (1.28%)
IMG_8865.JPG,"13.48465, 80.2668489",2026-04-06 19:37:06,1,0.9960548877716064,9.209,,,Pallid Harrier,0.09,Pallid Harrier (8.96%) | Gull-billed Tern (8.30%) | Grey Heron (6.88%) | Black-winged Kite (3.29%) | Marsh Sandpiper (2.14%)
IMG_8866.JPG,No GPS Data,2026-04-06 19:37:12,0,0,0.0,,,,0,
IMG_8871.JPG,"13.48465, 80.2668489",2026-04-06 19:39:25,2,0.9116562604904175,11.209,,,,0,
IMG_8875.JPG,"13.48465, 80.2668489",2026-04-06 19:40:27,1,0.9920231103897095,7.853,Caspian Tern,Caspian Tern,Caspian Tern,0.535,Caspian Tern (53.46%) | Sandwich Tern (2.03%) | Lesser Crested Tern (1.13%) | Gull-billed Tern (0.81%) | Black-tailed Godwit (0.74%)
IMG_8878.JPG,"13.48465, 80.2668489",2026-04-06 19:40:59,2,0.9985830783843994,6.799,,,,0,
IMG_8885.JPG,"13.48465, 80.2668489",2026-04-06 19:43:55,1,0.9995912909507751,6.68,,,Eurasian Spoonbill,0.098,Eurasian Spoonbill (9.82%) | Black-headed Ibis (8.62%) | Indian Pond-Heron (8.34%) | Caspian Tern (5.34%) | Shikra (4.97%)
IMG_8888.JPG,"13.48465, 80.2668489",2026-04-06 19:44:29,33,0.8151377439498901,8.413,,,,0,
IMG_8900.JPG,"13.48465, 80.2668489",2026-04-06 19:47:36,31,0.985194981098175,8.632,,,,0,
IMG_8901.JPG,"13.48465, 80.2668489",2026-04-06 19:47:42,22,0.7764673829078674,8.635,,,,0,
IMG_8902.JPG,"13.48465, 80.2668489",2026-04-06 19:49:00,28,0.7233984470367432,7.682,,,,0,
IMG_8909.JPG,"13.48465, 80.2668489",2026-04-06 19:49:24,13,0.74397873878479,9.072,,,,0,
IMG_8914.JPG,"13.48465, 80.2668489",2026-04-06 19:49:41,1,0.9972705245018005,7.243,,Manual: Greater Flamingo,Brown-headed Gull,0.221,Brown-headed Gull (22.06%) | Lesser Flamingo (13.59%) | Asian Openbill (3.20%) | White-bellied Sea-Eagle (3.20%) | Grey Heron (1.56%)
IMG_8915.JPG,"13.48465, 80.2668489",2026-04-06 19:50:02,1,0.9996035695075989,6.358,Black-headed Ibis,Black-headed Ibis,Black-headed Ibis,0.842,Black-headed Ibis (84.23%) | Common Crane (0.88%) | Chestnut-headed Bee-eater (0.37%) | Bar-tailed Godwit (0.34%) | Common Pochard (0.29%)
IMG_8916.JPG,"13.48465, 80.2668489",2026-04-06 19:50:06,1,0.9993165731430054,6.343,,Manual: Black-headed Ibis,Black-headed Ibis,0.199,Black-headed Ibis (19.87%) | Greylag Goose (7.15%) | Bar-headed Goose (5.19%) | Swan Goose (2.59%) | Caspian Tern (2.56%)
IMG_8917.JPG,"13.48465, 80.2668489",2026-04-06 19:50:09,10,0.9971876740455627,8.902,,,,0,
IMG_8918.JPG,"13.48465, 80.2668489",2026-04-06 19:50:26,2,0.9991878867149353,7.163,,,,0,
IMG_8919.JPG,"13.48465, 80.2668489",2026-04-06 19:50:28,3,0.9982022047042847,7.499,,,,0,
IMG_8920.JPG,"13.48465, 80.2668489",2026-04-06 19:50:36,2,0.9990966320037842,7.741,,,,0,
IMG_8922.JPG,"13.48465, 80.2668489",2026-04-06 19:51:06,25,0.9615893363952637,7.985,,,,0,
IMG_8923.JPG,"13.48465, 80.2668489",2026-04-06 19:51:25,6,0.7124441862106323,10.867,,,,0,
IMG_8924.JPG,"13.48465, 80.2668489",2026-04-06 19:51:27,9,0.8288521766662598,10.294,,,,0,
IMG_8925.JPG,"13.48465, 80.2668489",2026-04-06 19:51:31,20,0.8176143765449524,7.061,,,,0,
IMG_8928.JPG,"13.48465, 80.2668489",2026-04-06 19:52:17,6,0.8111677169799805,10.254,,,,0,
IMG_8929.JPG,"13.48465, 80.2668489",2026-04-06 19:52:21,1,0.9979174733161926,5.425,Eurasian Curlew,Eurasian Curlew,Eurasian Curlew,0.533,Eurasian Curlew (53.29%) | Bar-tailed Godwit (10.23%) | Eurasian Whimbrel (1.98%) | Common Greenshank (1.16%) | Black Kite (0.64%)
IMG_8930.JPG,"13.48465, 80.2668489",2026-04-06 19:52:22,1,0.999311089515686,5.009,Eurasian Curlew,Eurasian Curlew,Eurasian Curlew,0.642,Eurasian Curlew (64.16%) | Eurasian Whimbrel (2.15%) | Bar-tailed Godwit (1.98%) | Common Greenshank (0.77%) | Barred Buttonquail (0.76%)
IMG_8931.JPG,"13.48465, 80.2668489",2026-04-06 19:52:24,2,0.9983991980552673,7.465,,Manual: Eurasian Curlew,,0,
IMG_8932.JPG,"13.48465, 80.2668489",2026-04-06 19:52:25,1,0.9991629123687744,6.766,,Manual: Eurasian Curlew,Striated Grassbird,0.035,Striated Grassbird (3.48%) | Rain Quail (3.00%) | House Sparrow (2.98%) | Osprey (1.85%) | Greater Short-toed Lark (1.77%)
IMG_8933.JPG,"13.48465, 80.2668489",2026-04-06 19:52:51,19,0.9980987906455994,7.002,,,,0,
IMG_8936.JPG,"13.48465, 80.2668489",2026-04-06 19:53:30,11,0.9980369210243225,7.57,,,,0,
IMG_8937.JPG,"13.48465, 80.2668489",2026-04-06 19:53:31,8,0.9981825351715088,7.781,,,,0,
IMG_8938.JPG,"13.48465, 80.2668489",2026-04-06 19:54:32,1,0.9995803236961365,6.488,,Manual: Whiskered Tern,Sanderling,0.062,Sanderling (6.20%) | Whiskered Tern (5.49%) | Gull-billed Tern (5.06%) | Caspian Tern (4.81%) | Slender-billed Gull (4.70%)
IMG_8939.JPG,"13.48465, 80.2668489",2026-04-06 19:54:59,6,0.9926559925079346,7.936,,Manual: Eurasian Curlew,,0,
IMG_8940.JPG,"13.48465, 80.2668489",2026-04-06 19:55:00,2,0.9006037712097168,6.986,,Manual: Eurasian Curlew,,0,
IMG_8941.JPG,"13.48465, 80.2668489",2026-04-06 19:55:09,1,0.999030351638794,6.341,,Manual: Whiskered Tern,River Tern,0.147,River Tern (14.72%) | Whiskered Tern (8.24%) | Common Tern (5.50%) | Little Tern (4.84%) | Grey Heron (2.67%)
IMG_8942.JPG,"13.48465, 80.2668489",2026-04-06 19:55:13,1,0.9992703795433044,6.571,,Manual: Whiskered Tern,Whiskered Tern,0.205,Whiskered Tern (20.50%) | Sanderling (7.39%) | Slender-billed Gull (4.27%) | Common Tern (3.20%) | Small Pratincole (3.11%)
IMG_8943.JPG,"13.48465, 80.2668489",2026-04-06 19:55:35,7,0.9944737553596497,7.946,,,,0,
IMG_8945.JPG,No GPS Data,2026-04-06 19:55:38,0,0,0.0,,Manual: Greater Flamingo,,0,
IMG_8950.JPG,"13.48465, 80.2668489",2026-04-06 19:56:45,1,0.9990049004554749,5.55,,Manual: Whiskered Tern,Little Tern,0.134,Little Tern (13.42%) | River Tern (12.42%) | Whiskered Tern (5.84%) | Pheasant-tailed Jacana (5.21%) | Caspian Tern (3.22%)
IMG_8951.JPG,"13.48465, 80.2668489",2026-04-06 19:57:27,1,0.9992592930793762,5.362,,Manual: Whiskered Tern,Little Tern,0.155,Little Tern (15.51%) | Caspian Tern (12.99%) | Black-headed Gull (3.87%) | Gull-billed Tern (3.47%) | Black-headed Ibis (3.26%)
IMG_8953.JPG,"13.48465, 80.2668489",2026-04-06 19:58:57,6,0.9986467957496643,7.508,,,,0,
IMG_8955.JPG,"13.48465, 80.2668489",2026-04-06 19:59:55,2,0.9984997510910034,6.931,,,,0,
IMG_8956.JPG,"13.48465, 80.2668489",2026-04-06 20:00:03,2,0.9995822310447693,5.733,,,,0,
IMG_8957.JPG,"13.48465, 80.2668489",2026-04-06 20:00:10,2,0.9995564818382263,6.467,,,,0,
IMG_8958.JPG,"13.48465, 80.2668489",2026-04-06 20:00:32,1,0.9997004270553589,6.172,,Manual: Whiskered Tern,River Tern,0.307,River Tern (30.69%) | Whiskered Tern (9.53%) | Gull-billed Tern (3.18%) | Caspian Tern (3.04%) | Little Tern (2.18%)
IMG_8969.JPG,"13.48465, 80.2668489",2026-04-06 20:02:13,1,0.9993946552276611,7.604,,Manual: Whiskered Tern,Whiskered Tern,0.288,Whiskered Tern (28.80%) | Gull-billed Tern (19.78%) | Sandwich Tern (4.71%) | Little Tern (2.75%) | Eastern Cattle-Egret (1.29%)
IMG_8970.JPG,"13.48465, 80.2668489",2026-04-06 20:02:16,3,0.9083115458488464,8.569,,,,0,
IMG_8974.JPG,"13.48465, 80.2668489",2026-04-06 20:02:34,2,0.9983624815940857,5.869,,,,0,
IMG_8977.JPG,"13.48465, 80.2668489",2026-04-06 20:02:45,6,0.9963478446006775,9.913,,,,0,
IMG_8978.JPG,"13.48465, 80.2668489",2026-04-06 20:02:49,18,0.9976769089698792,7.095,,,,0,
IMG_8979.JPG,"13.48465, 80.2668489",2026-04-06 20:02:51,16,0.9940908551216125,7.385,,,,0,
IMG_8987.JPG,"13.48465, 80.2668489",2026-04-06 20:04:51,2,0.9988107681274414,7.534,,,,0,
IMG_8991.JPG,No GPS Data,2026-04-06 20:05:36,0,0,0.0,,Manual: Whiskered Tern,,0,
IMG_8992.JPG,"13.48465, 80.2668489",2026-04-06 20:05:37,1,0.99936443567276,8.739,Gull-billed Tern,Gull-billed Tern,Gull-billed Tern,0.403,Gull-billed Tern (40.26%) | Whiskered Tern (34.72%) | Sandwich Tern (3.20%) | Little Tern (1.55%) | Pied Kingfisher (0.54%)
IMG_8993.JPG,"13.48465, 80.2668489",2026-04-06 20:05:40,1,0.9898194670677185,6.778,,Manual: Whiskered Tern,Whiskered Tern,0.301,Whiskered Tern (30.11%) | Little Tern (3.79%) | Pied Kingfisher (3.00%) | Caspian Tern (2.13%) | Black-winged Kite (1.72%)
IMG_8994.JPG,"13.48465, 80.2668489",2026-04-06 20:05:46,5,0.998111367225647,6.602,,,,0,
IMG_8996.JPG,"13.48465, 80.2668489",2026-04-06 20:06:08,1,0.9994831085205078,6.471,,Manual: Whiskered Tern,Whiskered Tern,0.211,Whiskered Tern (21.10%) | River Tern (7.44%) | Little Tern (3.98%) | Grey Heron (2.94%) | Caspian Tern (2.55%)
IMG_8997.JPG,"13.48465, 80.2668489",2026-04-06 20:06:13,24,0.9400591254234314,7.892,,,,0,
IMG_9001.JPG,"13.48465, 80.2668489",2026-04-06 20:06:39,8,0.9831981062889099,8.77,,,,0,
IMG_9003.JPG,"13.48465, 80.2668489",2026-04-06 20:09:16,2,0.9363961219787598,9.585,,,,0,
IMG_9004.JPG,"13.48465, 80.2668489",2026-04-06 20:09:19,2,0.9603061079978943,10.653,,,,0,
IMG_9005.JPG,"13.48465, 80.2668489",2026-04-06 20:09:37,6,0.9991029500961304,9.434,,,,0,
IMG_9006.JPG,"13.48465, 80.2668489",2026-04-06 20:09:43,2,0.9979700446128845,8.696,,,,0,
IMG_9012.JPG,"13.48465, 80.2668489",2026-04-06 20:12:14,15,0.9969185590744019,10.262,,,,0,
IMG_9014.JPG,"13.48465, 80.2668489",2026-04-06 20:12:21,34,0.994610071182251,10.091,,,,0,
IMG_9015.JPG,"13.48465, 80.2668489",2026-04-06 20:12:23,16,0.9574700593948364,9.617,,,,0,
IMG_9023.JPG,"13.48465, 80.2668489",2026-04-06 20:13:57,13,0.9796234965324402,9.345,,,,0,
IMG_9033.JPG,"13.48465, 80.2668489",2026-04-06 20:15:39,1,0.9478897452354431,8.767,Caspian Tern,Caspian Tern,Caspian Tern,0.478,Caspian Tern (47.75%) | River Tern (1.83%) | Common Tern (1.24%) | Osprey (1.09%) | Square-tailed Bulbul (0.97%)
IMG_9038.JPG,"13.48465, 80.2668489",2026-04-06 20:17:09,3,0.9602611660957336,9.77,,Manual: Spot-billed Pelican,,0,
IMG_9040.JPG,"13.48465, 80.2668489",2026-04-06 20:17:12,3,0.9992445707321167,9.876,,Manual: Spot-billed Pelican,,0,
IMG_9044.JPG,"13.48465, 80.2668489",2026-04-06 20:19:13,28,0.8649218678474426,8.319,,,,0,
IMG_9045.JPG,"13.48465, 80.2668489",2026-04-06 20:19:20,16,0.7124467492103577,8.414,,,,0,
IMG_9048.JPG,"13.48465, 80.2668489",2026-04-06 20:35:15,1,0.9921127557754517,6.543,,,Whiskered Tern,0.071,Whiskered Tern (7.12%) | Little Tern (5.44%) | River Tern (3.59%) | Caspian Tern (3.11%) | Common Tern (2.42%)
IMG_9052.JPG,"13.48465, 80.2668489",2026-04-06 20:36:57,2,0.8545751571655273,7.188,,Manual: Common Sandpiper,,0,
IMG_9055.JPG,"13.48465, 80.2668489",2026-04-06 20:37:04,1,0.9992079138755798,7.093,Common Sandpiper,Common Sandpiper,Common Sandpiper,0.442,Common Sandpiper (44.18%) | Common Greenshank (2.49%) | Asian Emerald Dove (1.17%) | Brown Fish-Owl (0.97%) | Green Sandpiper (0.89%)
IMG_9057.JPG,"13.48465, 80.2668489",2026-04-06 20:38:45,3,0.9947811961174011,7.684,,,,0,
IMG_9059.JPG,"13.48465, 80.2668489",2026-04-06 20:43:00,1,0.9983568787574768,7.227,Black Drongo,Black Drongo,Black Drongo,0.701,Black Drongo (70.06%) | Ashy Drongo (1.79%) | Greater Racket-tailed Drongo (1.79%) | Large-billed Crow (1.31%) | Asian Green Bee-eater (0.65%)
IMG_9060.JPG,"13.48465, 80.2668489",2026-04-06 20:43:02,1,0.9867786169052124,7.072,Black Drongo,Black Drongo,Black Drongo,0.561,Black Drongo (56.07%) | Large-billed Crow (3.10%) | Greater Racket-tailed Drongo (2.63%) | Ashy Drongo (1.68%) | Asian Green Bee-eater (1.21%)
IMG_9061.JPG,"13.48465, 80.2668489",2026-04-06 20:44:29,2,0.9989930987358093,8.442,,,,0,
IMG_9062.JPG,"13.48465, 80.2668489",2026-04-06 20:44:53,10,0.9727036356925964,8.025,,,,0,
IMG_9063.JPG,"13.48465, 80.2668489",2026-04-06 20:46:29,12,0.7924360036849976,9.547,,,,0,
IMG_9067.JPG,"13.48465, 80.2668489",2026-04-06 20:47:11,20,0.992792010307312,9.138,,,,0,
IMG_9068.JPG,"13.754965, 79.70587",2026-04-06 22:07:01,2,0.9991714954376221,6.211,,,,0,
IMG_9069.JPG,"13.754965, 79.70587",2026-04-06 22:07:03,2,0.9986523985862732,7.065,,,,0,
IMG_9072.JPG,"13.754965, 79.70587",2026-04-06 22:07:23,1,0.944145143032074,5.27,,Manual: Black Drongo,Little Cormorant,0.091,Little Cormorant (9.13%) | Large-billed Crow (5.22%) | Malabar Whistling-Thrush (3.98%) | Watercock (2.83%) | Tickell's Blue Flycatcher (2.46%)
IMG_9073.JPG,"13.754965, 79.70587",2026-04-06 22:07:24,1,0.9895291924476624,5.993,,Manual: Black Drongo,Black-naped Monarch,0.057,Black-naped Monarch (5.65%) | Eurasian Crag-Martin (4.11%) | Brown Rock Chat (3.10%) | Tickell's Blue Flycatcher (2.99%) | Common Pochard (2.29%)
IMG_9076.JPG,"13.754965, 79.70587",2026-04-06 22:08:53,4,0.9983178377151489,7.148,,,,0,
IMG_9080.JPG,No GPS Data,2026-04-06 22:10:31,0,0,0.0,,,,0,
IMG_9082.JPG,No GPS Data,2026-04-06 22:10:44,0,0,0.0,,,,0,
IMG_9093.JPG,"13.754965, 79.70587",2026-04-07 03:56:59,1,0.998845100402832,6.25,Red-vented Bulbul,Red-vented Bulbul,Red-vented Bulbul,0.796,Red-vented Bulbul (79.56%) | Red-whiskered Bulbul (5.36%) | White-eared Bulbul (1.37%) | Rufous Treepie (0.23%) | Spot-breasted Fantail (0.23%)
IMG_9094.JPG,"13.754965, 79.70587",2026-04-07 03:57:01,1,0.9966489672660828,6.108,Red-vented Bulbul,Red-vented Bulbul,Red-vented Bulbul,0.576,Red-vented Bulbul (57.56%) | Red-whiskered Bulbul (8.27%) | Red Avadavat (1.21%) | White-eared Bulbul (1.06%) | Yellow-throated Sparrow (0.68%)
IMG_9095.JPG,"13.754965, 79.70587",2026-04-07 03:57:04,1,0.9990593791007996,6.306,Red-vented Bulbul,Red-vented Bulbul,Red-vented Bulbul,0.859,Red-vented Bulbul (85.95%) | Red-whiskered Bulbul (2.82%) | White-eared Bulbul (0.38%) | Jungle Babbler (0.22%) | Malabar Grey Hornbill (0.14%)
IMG_9096.JPG,"13.754965, 79.70587",2026-04-07 04:09:49,1,0.995163083076477,7.369,Asian Green Bee-eater,Asian Green Bee-eater,Asian Green Bee-eater,0.335,Asian Green Bee-eater (33.49%) | Chestnut-headed Bee-eater (4.72%) | Golden-fronted Leafbird (1.19%) | Gray-breasted Prinia (1.11%) | Indian Grey Hornbill (1.10%)
IMG_9097.JPG,"13.754965, 79.70587",2026-04-07 04:09:50,1,0.9984947443008423,7.79,,Manual: Asian Green Bee-eater,Gray-fronted Green-Pigeon,0.131,Gray-fronted Green-Pigeon (13.11%) | Golden-fronted Leafbird (3.01%) | Blue-cheeked Bee-eater (2.93%) | Asian Green Bee-eater (2.82%) | Crimson-backed Sunbird (2.58%)
IMG_9098.JPG,"13.754965, 79.70587",2026-04-07 04:09:52,1,0.9988296627998352,6.573,Asian Green Bee-eater,Asian Green Bee-eater,Asian Green Bee-eater,0.493,Asian Green Bee-eater (49.32%) | Jerdon's Leafbird (2.01%) | Golden-fronted Leafbird (1.99%) | Chestnut-headed Bee-eater (0.99%) | Yellow-browed Bulbul (0.99%)
IMG_9099.JPG,"13.754965, 79.70587",2026-04-07 04:09:54,1,0.9991973042488098,7.281,Asian Green Bee-eater,Asian Green Bee-eater,Asian Green Bee-eater,0.629,Asian Green Bee-eater (62.89%) | Chestnut-headed Bee-eater (3.81%) | Jerdon's Leafbird (1.40%) | Indian Silverbill (1.11%) | Gray-breasted Prinia (0.70%)
IMG_9100.JPG,"13.754965, 79.70587",2026-04-07 04:09:56,1,0.9992170333862305,6.998,,Manual: Asian Green Bee-eater,Asian Green Bee-eater,0.272,Asian Green Bee-eater (27.22%) | Chestnut-headed Bee-eater (4.02%) | Jerdon's Leafbird (3.63%) | White-eared Bulbul (3.15%) | Golden-fronted Leafbird (1.82%)
IMG_9101.JPG,"13.754965, 79.70587",2026-04-07 04:09:59,1,0.9992085099220276,6.727,,Manual: Asian Green Bee-eater,Asian Green Bee-eater,0.165,Asian Green Bee-eater (16.48%) | Golden-fronted Leafbird (16.08%) | Chestnut-headed Bee-eater (4.43%) | Jerdon's Leafbird (2.28%) | White-cheeked Barbet (1.47%)
IMG_9103.JPG,"13.754965, 79.70587",2026-04-07 04:10:06,1,0.9918774366378784,7.234,Coppersmith Barbet,Coppersmith Barbet,Coppersmith Barbet,0.675,Coppersmith Barbet (67.47%) | Thick-billed Flowerpecker (3.31%) | Indian Golden Oriole (1.83%) | Pied Bushchat (0.87%) | Olive-backed Pipit (0.86%)
IMG_9104.JPG,No GPS Data,2026-04-07 04:10:12,0,0,0.0,,Manual: Coppersmith Barbet,,0,
IMG_9106.JPG,"13.754965, 79.70587",2026-04-07 04:10:41,1,0.99817955493927,6.993,Coppersmith Barbet,Coppersmith Barbet,Coppersmith Barbet,0.729,Coppersmith Barbet (72.90%) | Black-headed Cuckooshrike (0.81%) | Golden-fronted Leafbird (0.74%) | Brown-headed Barbet (0.66%) | Blue-faced Malkoha (0.54%)
IMG_9107.JPG,"13.754965, 79.70587",2026-04-07 04:10:44,1,0.9985321760177612,6.471,Coppersmith Barbet,Coppersmith Barbet,Coppersmith Barbet,0.507,Coppersmith Barbet (50.70%) | Brown-headed Barbet (1.74%) | Jungle Myna (0.99%) | White-bellied Drongo (0.96%) | Gray-breasted Prinia (0.90%)
IMG_9108.JPG,"13.754965, 79.70587",2026-04-07 04:10:50,1,0.9445163011550903,6.59,Coppersmith Barbet,Coppersmith Barbet,Coppersmith Barbet,0.44,Coppersmith Barbet (44.03%) | Brown-headed Barbet (1.36%) | White-browed Bulbul (1.20%) | Blue-faced Malkoha (1.06%) | Jungle Myna (0.79%)
IMG_9109.JPG,"13.754965, 79.70587",2026-04-07 04:11:23,1,0.9991851449012756,6.571,,Manual: Asian Green Bee-eater,Blue-cheeked Bee-eater,0.097,Blue-cheeked Bee-eater (9.72%) | Ashy Woodswallow (5.64%) | Gray-fronted Green-Pigeon (5.44%) | Verditer Flycatcher (3.29%) | European Roller (2.65%)
IMG_9110.JPG,"13.754965, 79.70587",2026-04-07 04:11:27,1,0.9988447427749634,6.78,,Manual: Asian Green Bee-eater,Asian Green Bee-eater,0.076,Asian Green Bee-eater (7.65%) | Golden-fronted Leafbird (7.29%) | Ashy Woodswallow (4.10%) | Gray-fronted Green-Pigeon (3.20%) | Asian Brown Flycatcher (3.17%)
IMG_9111.JPG,"13.754965, 79.70587",2026-04-07 04:11:29,1,0.9989859461784363,6.95,,Manual: Asian Green Bee-eater,Ashy Woodswallow,0.114,Ashy Woodswallow (11.41%) | Asian Brown Flycatcher (6.81%) | Grey-necked Bunting (3.87%) | Yellow-throated Sparrow (3.49%) | Pale-billed Flowerpecker (3.26%)
IMG_9112.JPG,"13.754965, 79.70587",2026-04-07 04:11:41,1,0.9996381998062134,5.72,Indian Golden Oriole,Indian Golden Oriole,Indian Golden Oriole,0.73,Indian Golden Oriole (72.99%) | Vernal Hanging-Parrot (0.58%) | Thick-billed Flowerpecker (0.43%) | Olive-backed Pipit (0.42%) | Purple-rumped Sunbird (0.41%)
IMG_9115.JPG,"13.754965, 79.70587",2026-04-07 04:11:49,1,0.9992828965187073,5.642,Indian Golden Oriole,Indian Golden Oriole,Indian Golden Oriole,0.752,Indian Golden Oriole (75.23%) | Indian Cuckooshrike (0.58%) | Vernal Hanging-Parrot (0.47%) | Eurasian Kestrel (0.39%) | Western Yellow Wagtail (0.36%)
IMG_9117.JPG,"13.754965, 79.70587",2026-04-07 04:11:52,1,0.9993963241577148,5.641,Indian Golden Oriole,Indian Golden Oriole,Indian Golden Oriole,0.878,Indian Golden Oriole (87.83%) | Vernal Hanging-Parrot (0.38%) | Olive-backed Pipit (0.24%) | Purple-rumped Sunbird (0.21%) | Indian Cuckooshrike (0.17%)
IMG_9118.JPG,"13.754965, 79.70587",2026-04-07 04:12:18,1,0.9870079159736633,6.557,,Manual: Coppersmith Barbet,Purple Sunbird,0.234,Purple Sunbird (23.39%) | Loten's Sunbird (13.59%) | Bronzed Drongo (1.29%) | Purple-rumped Sunbird (1.20%) | Little Cormorant (0.97%)
IMG_9119.JPG,"13.754965, 79.70587",2026-04-07 04:12:20,1,0.9361699819564819,6.676,,Manual: Coppersmith Barbet,Purple Sunbird,0.21,Purple Sunbird (21.05%) | Pied Bushchat (5.78%) | Indian Robin (5.62%) | Malabar Whistling-Thrush (3.77%) | Loten's Sunbird (2.68%)
IMG_9121.JPG,"13.754965, 79.70587",2026-04-07 04:12:36,1,0.9984039664268494,6.913,,Manual: Coppersmith Barbet,Coppersmith Barbet,0.109,Coppersmith Barbet (10.86%) | Yellow-throated Sparrow (7.68%) | Thick-billed Flowerpecker (4.13%) | Olive-backed Pipit (2.70%) | Brown-breasted Flycatcher (2.66%)
IMG_9122.JPG,"13.754965, 79.70587",2026-04-07 04:12:41,1,0.9986675977706909,6.169,,Manual: Coppersmith Barbet,Coppersmith Barbet,0.293,Coppersmith Barbet (29.34%) | Yellow-throated Sparrow (14.04%) | Thick-billed Flowerpecker (3.48%) | Brown-headed Barbet (1.80%) | Loten's Sunbird (1.54%)
IMG_9123.JPG,"13.754965, 79.70587",2026-04-07 04:12:48,1,0.9985557198524475,7.233,Coppersmith Barbet,Coppersmith Barbet,Coppersmith Barbet,0.388,Coppersmith Barbet (38.75%) | Baya Weaver (2.57%) | Black-rumped Flameback (1.43%) | Grey-headed Bulbul (1.13%) | Common Tailorbird (1.08%)
IMG_9124.JPG,"13.754965, 79.70587",2026-04-07 04:12:51,1,0.9980050921440125,6.77,Coppersmith Barbet,Coppersmith Barbet,Coppersmith Barbet,0.392,Coppersmith Barbet (39.20%) | Jungle Myna (2.41%) | Forest Owlet (1.39%) | Yellow-throated Sparrow (1.39%) | Jungle Babbler (1.20%)
IMG_9125.JPG,"13.754965, 79.70587",2026-04-07 04:13:50,3,0.7612922787666321,7.154,,Manual: Purple-rumped Sunbird,,0,
IMG_9126.JPG,"13.754965, 79.70587",2026-04-07 04:13:51,1,0.8858287930488586,5.711,,Manual: Purple-rumped Sunbird,Asian Green Bee-eater,0.098,Asian Green Bee-eater (9.78%) | Purple Sunbird (9.16%) | Loten's Sunbird (4.12%) | Coppersmith Barbet (1.95%) | Tickell's Blue Flycatcher (1.59%)
IMG_9127.JPG,"13.754965, 79.70587",2026-04-07 04:14:04,1,0.9944095015525818,6.299,,Manual: Asian Green Bee-eater,Jerdon's Leafbird,0.282,Jerdon's Leafbird (28.21%) | Verditer Flycatcher (10.57%) | Blue-cheeked Bee-eater (6.94%) | Rose-ringed Parakeet (3.86%) | Golden-fronted Leafbird (3.86%)
IMG_9128.JPG,"13.754965, 79.70587",2026-04-07 04:14:07,1,0.9992469549179077,6.289,,Manual: Asian Green Bee-eater,Jerdon's Leafbird,0.111,Jerdon's Leafbird (11.12%) | Asian Green Bee-eater (8.68%) | Golden-fronted Leafbird (7.99%) | Verditer Flycatcher (7.30%) | White-cheeked Barbet (4.16%)
IMG_9129.JPG,"13.754965, 79.70587",2026-04-07 04:35:33,1,0.998342752456665,5.936,Purple-rumped Sunbird,Purple-rumped Sunbird,Purple-rumped Sunbird,0.641,Purple-rumped Sunbird (64.12%) | Crimson-backed Sunbird (2.15%) | Oriental Magpie-Robin (1.81%) | Black-hooded Oriole (0.80%) | Asian Koel (0.75%)
IMG_9130.JPG,"13.754965, 79.70587",2026-04-07 04:35:44,1,0.9961705803871155,6.398,Purple-rumped Sunbird,Purple-rumped Sunbird,Purple-rumped Sunbird,0.457,Purple-rumped Sunbird (45.73%) | Crimson-backed Sunbird (3.64%) | Oriental Magpie-Robin (2.16%) | Black-hooded Oriole (2.07%) | Asian Koel (1.78%)
IMG_9132.JPG,"13.754965, 79.70587",2026-04-07 04:35:50,2,0.8887700438499451,5.973,,Manual: Purple-rumped Sunbird,,0,
IMG_9133.JPG,"13.754965, 79.70587",2026-04-07 04:41:11,1,0.9891809821128845,6.44,,Manual: Purple-rumped Sunbird,Purple-rumped Sunbird,0.078,Purple-rumped Sunbird (7.79%) | Yellow-eyed Babbler (5.89%) | Brahminy Kite (2.92%) | White-browed Fantail (2.41%) | Common Woodshrike (2.36%)
IMG_9134.JPG,"13.754965, 79.70587",2026-04-07 04:41:17,1,0.9126871228218079,6.068,,Manual: Purple-rumped Sunbird,Purple-rumped Sunbird,0.224,Purple-rumped Sunbird (22.36%) | Chestnut-headed Bee-eater (10.79%) | Indian White-eye (4.45%) | Brahminy Kite (3.60%) | Greenish Warbler (3.08%)
IMG_9135.JPG,"13.754965, 79.70587",2026-04-07 04:41:24,1,0.9933311343193054,6.467,,Manual: Purple-rumped Sunbird,Purple-rumped Sunbird,0.134,Purple-rumped Sunbird (13.35%) | Yellow-wattled Lapwing (3.13%) | Greenish Warbler (1.92%) | Jungle Myna (1.69%) | Red-wattled Lapwing (1.40%)
IMG_9138.JPG,"22.3088, 70.78215",2026-04-10 02:11:41,1,0.9997239708900452,7.965,Red-wattled Lapwing,Red-wattled Lapwing,Red-wattled Lapwing,0.83,Red-wattled Lapwing (83.00%) | Yellow-wattled Lapwing (0.94%) | Little Ringed Plover (0.39%) | Pied Bushchat (0.25%) | Common Redshank (0.19%)
IMG_9143.JPG,"22.3088, 70.78215",2026-04-10 02:12:46,8,0.9807493090629578,6.858,,,,0,
IMG_9144.JPG,"22.3088, 70.78215",2026-04-10 02:12:48,9,0.9973661303520203,5.87,,,,0,
IMG_9146.JPG,"22.3088, 70.78215",2026-04-10 02:12:53,1,0.9988191723823547,4.351,House Sparrow,House Sparrow,House Sparrow,0.544,House Sparrow (54.41%) | Striated Grassbird (5.39%) | Blyth's Reed Warbler (3.69%) | Greater Short-toed Lark (2.52%) | Grey-necked Bunting (2.28%)
IMG_9147.JPG,"22.3088, 70.78215",2026-04-10 02:13:30,1,0.9993895292282104,5.457,,Manual: Eurasian Collared-Dove,Eurasian Collared-Dove,0.186,Eurasian Collared-Dove (18.57%) | Laughing Dove (17.26%) | Green Imperial Pigeon (4.61%) | Small Pratincole (3.16%) | Red Collared-Dove (1.96%)
IMG_9148.JPG,"22.3088, 70.78215",2026-04-10 02:13:31,1,0.9994333386421204,5.399,,Manual: Eurasian Collared-Dove,Laughing Dove,0.245,Laughing Dove (24.49%) | Eurasian Collared-Dove (17.40%) | Green Imperial Pigeon (4.66%) | Rose-ringed Parakeet (2.51%) | Small Pratincole (2.09%)
IMG_9155.JPG,"21.124369, 70.824124",2026-04-10 17:35:39,1,0.9993563294410706,5.721,Grey Francolin,Grey Francolin,Grey Francolin,0.85,Grey Francolin (84.96%) | Slaty-breasted Rail (0.62%) | Jungle Bush-Quail (0.36%) | Eurasian Sparrowhawk (0.31%) | Painted Sandgrouse (0.22%)
IMG_9156.JPG,"21.124369, 70.824124",2026-04-10 17:35:40,1,0.9993607401847839,5.691,Grey Francolin,Grey Francolin,Grey Francolin,0.504,Grey Francolin (50.40%) | Jungle Owlet (8.74%) | Rock Bush-Quail (5.20%) | Jungle Bush-Quail (1.77%) | Slaty-breasted Rail (1.47%)
IMG_9157.JPG,"21.124369, 70.824124",2026-04-10 17:35:43,1,0.9993725419044495,5.666,Grey Francolin,Grey Francolin,Grey Francolin,0.347,Grey Francolin (34.74%) | Rock Bush-Quail (5.56%) | Barred Buttonquail (3.82%) | Slaty-breasted Rail (2.25%) | Red Spurfowl (1.43%)
IMG_9158.JPG,"21.124369, 70.824124",2026-04-10 17:35:44,2,0.9982587695121765,5.777,,Manual: Grey Francolin,,0,
IMG_9159.JPG,"21.124369, 70.824124",2026-04-10 17:35:46,2,0.9995772242546082,5.7,,Manual: Grey Francolin,,0,
IMG_9160.JPG,"21.124369, 70.824124",2026-04-10 17:35:48,2,0.9957956075668335,5.756,,Manual: Grey Francolin,,0,
IMG_9161.JPG,"21.124369, 70.824124",2026-04-10 17:35:50,2,0.9987504482269287,6.004,,Manual: Grey Francolin,,0,
IMG_9162.JPG,"21.124369, 70.824124",2026-04-10 17:39:17,4,0.9961444139480591,6.188,,Manual: Indian Vulture,,0,
IMG_9165.JPG,"21.124369, 70.824124",2026-04-10 17:39:29,4,0.9970425963401794,6.069,,Manual: Indian Vulture,,0,
IMG_9167.JPG,"21.124369, 70.824124",2026-04-10 17:40:16,14,0.9719229936599731,5.62,,Manual: Indian Vulture,,0,
IMG_9168.JPG,"21.124369, 70.824124",2026-04-10 17:40:33,8,0.9056119322776794,5.68,,Manual: Indian Vulture,,0,
IMG_9169.JPG,"21.124369, 70.824124",2026-04-10 17:40:38,5,0.942443311214447,6.231,,Manual: Indian Vulture,,0,
IMG_9171.JPG,"21.124369, 70.824124",2026-04-10 17:40:44,11,0.8349822163581848,5.932,,Manual: Indian Vulture,,0,
IMG_9172.JPG,"21.124369, 70.824124",2026-04-10 17:40:48,5,0.9985710382461548,5.963,,Manual: Indian Vulture,,0,
IMG_9174.JPG,"21.124369, 70.824124",2026-04-10 17:41:06,12,0.9621354937553406,6.052,,Manual: Indian Vulture,,0,
IMG_9180.JPG,"21.124369, 70.824124",2026-04-10 17:42:00,2,0.9956015348434448,5.754,,Manual: Greater Spotted Eagle,,0,
IMG_9184.JPG,"21.124369, 70.824124",2026-04-10 17:42:12,1,0.9963330030441284,4.886,,Manual: Greater Spotted Eagle,Shikra,0.125,Shikra (12.49%) | Greater Spotted Eagle (11.65%) | Changeable Hawk-Eagle (4.25%) | Black-crowned Night Heron (4.06%) | Brahminy Kite (2.33%)
IMG_9185.JPG,"21.124369, 70.824124",2026-04-10 17:42:15,1,0.9990653395652771,4.245,Greater Spotted Eagle,Greater Spotted Eagle,Greater Spotted Eagle,0.377,Greater Spotted Eagle (37.74%) | Steppe Eagle (3.72%) | Black Kite (3.33%) | Gray-headed Fish-Eagle (2.08%) | Pallas's Gull (1.89%)
IMG_9186.JPG,"21.124369, 70.824124",2026-04-10 17:42:22,7,0.9721404910087585,5.532,,,,0,
IMG_9188.JPG,"21.124369, 70.824124",2026-04-10 17:42:39,1,0.9994014501571655,3.741,Greater Spotted Eagle,Greater Spotted Eagle,Greater Spotted Eagle,0.585,Greater Spotted Eagle (58.47%) | Steppe Eagle (1.62%) | Olive-backed Pipit (0.93%) | Great Hornbill (0.90%) | Black Drongo (0.83%)
IMG_9190.JPG,"21.124369, 70.824124",2026-04-10 17:44:23,2,0.9873359799385071,6.081,,Manual: Indian Peafowl,,0,
IMG_9191.JPG,"21.124369, 70.824124",2026-04-10 17:44:25,1,0.9926460981369019,5.255,Indian Peafowl,Indian Peafowl,Indian Peafowl,0.885,Indian Peafowl (88.48%) | Eastern Barn Owl (0.20%) | Great Egret (0.15%) | Asian Palm Swift (0.15%) | Banded Bay Cuckoo (0.15%)
IMG_9194.JPG,"21.124369, 70.824124",2026-04-10 17:45:50,1,0.9983497858047485,5.62,Spotted Dove,Spotted Dove,Spotted Dove,0.674,Spotted Dove (67.36%) | Oriental Turtle-Dove (0.96%) | Asian Emerald Dove (0.78%) | Nilgiri Wood-Pigeon (0.65%) | Indian Blackbird (0.62%)
IMG_9211.JPG,"21.124369, 70.824124",2026-04-10 17:51:23,1,0.9995726943016052,5.199,Indian Peafowl,Indian Peafowl,Indian Peafowl,0.907,Indian Peafowl (90.69%) | Greater Coucal (0.48%) | Chestnut-bellied Sandgrouse (0.15%) | Mottled Wood-Owl (0.14%) | Gray-breasted Prinia (0.12%)
IMG_9223.JPG,"21.124369, 70.824124",2026-04-10 17:54:47,5,0.9956194758415222,7.641,,Manual: Large Gray Babbler,,0,
IMG_9224.JPG,"21.124369, 70.824124",2026-04-10 17:54:49,10,0.9978883862495422,7.018,,Manual: Large Gray Babbler,,0,
IMG_9225.JPG,"21.124369, 70.824124",2026-04-10 17:54:52,8,0.964160144329071,6.266,,Manual: Large Gray Babbler,,0,
IMG_9229.JPG,No GPS Data,2026-04-10 17:57:34,0,0,0.0,,Manual: Bay-backed Shrike,,0,
IMG_9230.JPG,No GPS Data,2026-04-10 17:57:56,0,0,0.0,,Manual: Bay-backed Shrike,,0,
IMG_9231.JPG,No GPS Data,2026-04-10 17:58:02,0,0,0.0,,Manual: Bay-backed Shrike,,0,
IMG_9245.JPG,"21.124369, 70.824124",2026-04-10 18:12:36,1,0.999293327331543,4.677,Red-vented Bulbul,Red-vented Bulbul,Red-vented Bulbul,0.495,Red-vented Bulbul (49.50%) | Pied Bushchat (1.47%) | Blyth's Pipit (1.46%) | Curlew Sandpiper (1.41%) | White-eared Bulbul (1.40%)
IMG_9249.JPG,"21.124369, 70.824124",2026-04-10 18:21:18,1,0.9968697428703308,6.325,Oriental Turtle-Dove,Oriental Turtle-Dove,Oriental Turtle-Dove,0.531,Oriental Turtle-Dove (53.09%) | Laughing Dove (1.91%) | Spotted Dove (1.08%) | Gray-fronted Green-Pigeon (0.90%) | Wood Sandpiper (0.80%)
IMG_9250.JPG,"21.124369, 70.824124",2026-04-10 18:27:52,1,0.9993748068809509,7.369,,Manual: Oriental Honey-buzzard,Black-crowned Night Heron,0.206,Black-crowned Night Heron (20.58%) | Shikra (12.05%) | Brahminy Kite (5.11%) | Changeable Hawk-Eagle (4.62%) | Brown Fish-Owl (2.19%)
IMG_9253.JPG,"21.124369, 70.824124",2026-04-10 18:28:23,1,0.9994865655899048,7.266,,Manual: Oriental Honey-buzzard,Changeable Hawk-Eagle,0.126,Changeable Hawk-Eagle (12.63%) | Shikra (8.94%) | Black-crowned Night Heron (5.63%) | Common Buzzard (5.31%) | Eurasian Hobby (3.11%)
IMG_9259.JPG,"21.124369, 70.824124",2026-04-10 18:28:40,1,0.9995378255844116,5.23,,Manual: Oriental Honey-buzzard,Shikra,0.172,Shikra (17.22%) | Changeable Hawk-Eagle (11.36%) | Black-crowned Night Heron (8.36%) | Brahminy Kite (2.54%) | Brown-capped Pygmy Woodpecker (2.54%)
IMG_9268.JPG,"21.124369, 70.824124",2026-04-10 18:32:36,2,0.9980863332748413,5.072,,Manual: Red-wattled Lapwing,,0,
IMG_9269.JPG,"21.124369, 70.824124",2026-04-10 18:32:50,1,0.9993273019790649,5.919,Red-wattled Lapwing,Red-wattled Lapwing,Red-wattled Lapwing,0.595,Red-wattled Lapwing (59.54%) | Yellow-wattled Lapwing (5.61%) | Bronze-winged Jacana (1.00%) | Pheasant-tailed Jacana (0.84%) | White-breasted Waterhen (0.76%)
IMG_9274.JPG,"21.124369, 70.824124",2026-04-10 18:34:43,1,0.9817294478416443,5.665,Plum-headed Parakeet,Plum-headed Parakeet,Plum-headed Parakeet,0.742,Plum-headed Parakeet (74.16%) | Golden-fronted Leafbird (3.69%) | Jerdon's Leafbird (1.87%) | Rose-ringed Parakeet (1.12%) | Stork-billed Kingfisher (0.54%)
IMG_9276.JPG,"21.124369, 70.824124",2026-04-10 18:34:49,1,0.9972518086433411,5.796,Plum-headed Parakeet,Plum-headed Parakeet,Plum-headed Parakeet,0.82,Plum-headed Parakeet (82.01%) | Rose-ringed Parakeet (1.31%) | Malabar Parakeet (1.03%) | Alexandrine Parakeet (0.40%) | Crested Treeswift (0.39%)
IMG_9279.JPG,"21.124369, 70.824124",2026-04-10 18:37:04,1,0.9992527365684509,6.943,Yellow-throated Sparrow,Yellow-throated Sparrow,Yellow-throated Sparrow,0.62,Yellow-throated Sparrow (61.96%) | Asian Brown Flycatcher (2.10%) | Common Rosefinch (1.03%) | Tawny Pipit (0.82%) | Sykes's Warbler (0.80%)
IMG_9280.JPG,"21.124369, 70.824124",2026-04-10 18:37:06,1,0.9994277358055115,6.749,Yellow-throated Sparrow,Yellow-throated Sparrow,Yellow-throated Sparrow,0.855,Yellow-throated Sparrow (85.54%) | Asian Brown Flycatcher (0.41%) | Black-headed Bunting (0.39%) | Common Rosefinch (0.37%) | Greater Short-toed Lark (0.25%)
IMG_9281.JPG,"21.124369, 70.824124",2026-04-10 18:37:07,1,0.9994634985923767,6.444,Yellow-throated Sparrow,Yellow-throated Sparrow,Yellow-throated Sparrow,0.758,Yellow-throated Sparrow (75.82%) | Black-breasted Weaver (1.31%) | Barn Swallow (0.53%) | Crested Treeswift (0.44%) | Tawny Pipit (0.44%)
IMG_9285.JPG,"21.124369, 70.824124",2026-04-10 18:40:23,2,0.9651399850845337,7.635,,Manual: Indian Robin,,0,
IMG_9286.JPG,"21.124369, 70.824124",2026-04-10 18:43:33,1,0.9964518547058105,5.259,,Manual: Red-vented Bulbul,Red-vented Bulbul,0.249,Red-vented Bulbul (24.88%) | Yellow-throated Sparrow (17.40%) | Thick-billed Flowerpecker (7.01%) | Indian Bush Lark (2.92%) | Brown Shrike (1.80%)
IMG_9291.JPG,"21.124369, 70.824124",2026-04-10 19:04:03,1,0.9993240833282471,5.246,Red-wattled Lapwing,Red-wattled Lapwing,Red-wattled Lapwing,0.498,Red-wattled Lapwing (49.81%) | Little Ringed Plover (2.87%) | Greater Painted-Snipe (2.22%) | White-browed Wagtail (1.76%) | White-breasted Waterhen (1.75%)
IMG_9293.JPG,"21.124369, 70.824124",2026-04-10 19:04:57,1,0.9990905523300171,5.635,,Manual: Indian Peafowl,Lesser Whistling-Duck,0.03,Lesser Whistling-Duck (3.02%) | Knob-billed Duck (2.92%) | Bronze-winged Jacana (2.35%) | Blue-faced Malkoha (2.33%) | Barn Swallow (2.31%)
IMG_9294.JPG,"21.124369, 70.824124",2026-04-10 19:04:58,1,0.9995734095573425,4.15,,Manual: Indian Peafowl,Brahminy Kite,0.054,Brahminy Kite (5.42%) | Knob-billed Duck (4.80%) | Black-headed Cuckooshrike (1.67%) | Indian Cuckooshrike (1.63%) | Eurasian Crag-Martin (1.62%)
IMG_9295.JPG,"21.124369, 70.824124",2026-04-10 19:05:00,1,0.9995162487030029,4.566,,Manual: Indian Peafowl,Tawny Lark,0.021,Tawny Lark (2.06%) | Mallard (1.70%) | Nilgiri Wood-Pigeon (1.48%) | Oriental Darter (1.42%) | Great Egret (1.38%)
IMG_9296.JPG,"21.124369, 70.824124",2026-04-10 19:05:46,1,0.9991773962974548,4.649,Little Egret,Little Egret,Little Egret,0.319,Little Egret (31.90%) | Medium Egret (5.53%) | Black-headed Ibis (2.92%) | Eastern Cattle-Egret (1.96%) | Eurasian Spoonbill (1.86%)
IMG_9300.JPG,"21.124369, 70.824124",2026-04-10 19:23:55,1,0.9967020153999329,4.766,Rose-ringed Parakeet,Rose-ringed Parakeet,Rose-ringed Parakeet,0.582,Rose-ringed Parakeet (58.15%) | Plum-headed Parakeet (7.46%) | Alexandrine Parakeet (3.33%) | Jerdon's Leafbird (2.93%) | Golden-fronted Leafbird (2.26%)
IMG_9301.JPG,"21.124369, 70.824124",2026-04-10 19:24:00,1,0.9980809688568115,4.992,Rose-ringed Parakeet,Rose-ringed Parakeet,Rose-ringed Parakeet,0.523,Rose-ringed Parakeet (52.31%) | Plum-headed Parakeet (6.64%) | Jerdon's Leafbird (4.49%) | Golden-fronted Leafbird (2.04%) | Alexandrine Parakeet (1.54%)
IMG_9302.JPG,"21.124369, 70.824124",2026-04-10 19:24:11,1,0.999152421951294,5.146,,Manual: Jungle Babbler,Indian Grey Hornbill,0.087,Indian Grey Hornbill (8.68%) | Large Grey Babbler (7.22%) | Red-vented Bulbul (4.33%) | Yellow-billed Babbler (3.37%) | Square-tailed Bulbul (3.31%)
IMG_9304.JPG,"21.124369, 70.824124",2026-04-10 19:24:13,1,0.9996362924575806,5.217,Jungle Babbler,Jungle Babbler,Jungle Babbler,0.471,Jungle Babbler (47.13%) | Yellow-billed Babbler (8.00%) | Rufous Babbler (0.99%) | Brown Boobook (0.86%) | Brown Rock Chat (0.84%)
IMG_9305.JPG,"21.124369, 70.824124",2026-04-10 19:24:52,1,0.9993866682052612,5.722,,Manual: Rose-ringed Parakeet,Rose-ringed Parakeet,0.176,Rose-ringed Parakeet (17.55%) | Jerdon's Leafbird (14.32%) | Alexandrine Parakeet (9.78%) | Plum-headed Parakeet (7.08%) | Golden-fronted Leafbird (2.87%)
IMG_9306.JPG,"21.124369, 70.824124",2026-04-10 19:37:42,1,0.9993733763694763,5.575,Black-headed Ibis,Black-headed Ibis,Black-headed Ibis,0.868,Black-headed Ibis (86.78%) | Eurasian Spoonbill (0.58%) | Little Egret (0.27%) | Caspian Tern (0.22%) | Lesser Kestrel (0.17%)
IMG_9307.JPG,"21.124369, 70.824124",2026-04-10 19:41:21,3,0.9887170791625977,6.644,,,,0,
IMG_9310.JPG,"21.124369, 70.824124",2026-04-10 19:42:40,2,0.9969092011451721,5.493,,Manual: Pied Kingfisher,,0,
IMG_9313.JPG,"21.124369, 70.824124",2026-04-10 19:45:32,2,0.9935718774795532,5.275,,Manual: Pied Kingfisher,,0,
IMG_9314.JPG,"21.124369, 70.824124",2026-04-10 19:45:33,2,0.984468400478363,5.773,,Manual: Pied Kingfisher,,0,
IMG_9317.JPG,"21.124369, 70.824124",2026-04-10 20:03:21,7,0.729746401309967,7.474,,Manual: Yellow-throated Sparrow,,0,
IMG_9318.JPG,"21.124369, 70.824124",2026-04-10 20:04:18,1,0.9988239407539368,5.335,Yellow-throated Sparrow,Yellow-throated Sparrow,Yellow-throated Sparrow,0.928,Yellow-throated Sparrow (92.78%) | White-bellied Minivet (0.20%) | Nilgiri Wood-Pigeon (0.13%) | Yellow-footed Green Pigeon (0.13%) | Indian Pied Starling (0.10%)
IMG_9320.JPG,"21.124369, 70.824124",2026-04-10 20:04:45,1,0.9987541437149048,6.37,Asian Green Bee-eater,Asian Green Bee-eater,Asian Green Bee-eater,0.333,Asian Green Bee-eater (33.35%) | Blue-tailed Bee-eater (15.79%) | European Roller (6.10%) | Chestnut-headed Bee-eater (2.62%) | Rose-ringed Parakeet (1.72%)
IMG_9321.JPG,"21.124369, 70.824124",2026-04-10 20:04:47,1,0.987206757068634,6.537,Asian Green Bee-eater,Asian Green Bee-eater,Asian Green Bee-eater,0.69,Asian Green Bee-eater (69.04%) | Blue-cheeked Bee-eater (2.20%) | European Roller (1.85%) | Chestnut-headed Bee-eater (0.69%) | Blue-tailed Bee-eater (0.64%)
IMG_9322.JPG,"21.124369, 70.824124",2026-04-10 20:04:53,1,0.9993416666984558,6.462,,Manual: Asian Green Bee-eater,Blue-tailed Bee-eater,0.165,Blue-tailed Bee-eater (16.47%) | Asian Green Bee-eater (14.87%) | Rose-ringed Parakeet (6.13%) | Chestnut-headed Bee-eater (5.27%) | Alexandrine Parakeet (3.72%)
IMG_9325.JPG,"21.124369, 70.824124",2026-04-10 20:07:03,1,0.9961510896682739,8.089,,Manual: Asian Green Bee-eater,Asian Green Bee-eater,0.157,Asian Green Bee-eater (15.68%) | Rose-ringed Parakeet (5.50%) | Blue-tailed Bee-eater (3.55%) | Chestnut-headed Bee-eater (3.09%) | House Crow (2.87%)
IMG_9327.JPG,"21.124369, 70.824124",2026-04-10 20:09:37,1,0.9984979629516602,6.697,Yellow-throated Sparrow,Yellow-throated Sparrow,Yellow-throated Sparrow,0.896,Yellow-throated Sparrow (89.62%) | Indian Pied Starling (0.39%) | Thick-billed Flowerpecker (0.30%) | House Sparrow (0.26%) | Common Rosefinch (0.26%)
IMG_9330.JPG,"21.124369, 70.824124",2026-04-10 20:13:10,1,0.997117280960083,5.77,Plum-headed Parakeet,Plum-headed Parakeet,Plum-headed Parakeet,0.344,Plum-headed Parakeet (34.36%) | Alexandrine Parakeet (4.21%) | Green Imperial Pigeon (2.95%) | Rose-ringed Parakeet (2.91%) | Golden-fronted Leafbird (2.34%)
IMG_9331.JPG,"21.124369, 70.824124",2026-04-10 20:14:57,1,0.9942593574523926,5.916,,Manual: Plum-headed Parakeet,Rose-ringed Parakeet,0.28,Rose-ringed Parakeet (27.99%) | Golden-fronted Leafbird (19.47%) | Plum-headed Parakeet (17.60%) | Alexandrine Parakeet (3.96%) | White-cheeked Barbet (3.80%)
IMG_9332.JPG,"21.124369, 70.824124",2026-04-10 20:20:19,1,0.9429019093513489,6.141,Shikra,Shikra,Shikra,0.765,Shikra (76.50%) | White-eyed Buzzard (2.48%) | Eurasian Sparrowhawk (1.31%) | Pallid Harrier (0.64%) | Indian Blue Robin (0.50%)
IMG_9334.JPG,"21.124369, 70.824124",2026-04-10 20:21:00,1,0.9728929400444031,6.32,Shikra,Shikra,Shikra,0.412,Shikra (41.16%) | Crested Serpent-Eagle (5.39%) | Eurasian Sparrowhawk (3.42%) | Pallid Harrier (3.10%) | Bonelli's Eagle (2.43%)
IMG_9335.JPG,"21.124369, 70.824124",2026-04-10 20:21:05,1,0.998648464679718,5.831,Shikra,Shikra,Shikra,0.456,Shikra (45.59%) | Crested Serpent-Eagle (5.48%) | Black-crowned Night Heron (3.32%) | Pallid Harrier (3.21%) | Eurasian Sparrowhawk (2.49%)
IMG_9340.JPG,"21.124369, 70.824124",2026-04-10 20:28:09,1,0.9980025887489319,4.75,Red-vented Bulbul,Red-vented Bulbul,Red-vented Bulbul,0.92,Red-vented Bulbul (91.96%) | White-eared Bulbul (0.42%) | Red-whiskered Bulbul (0.21%) | Black Redstart (0.17%) | Brown Shrike (0.16%)
IMG_9342.JPG,"21.124369, 70.824124",2026-04-10 20:38:39,2,0.9985566735267639,5.406,,Manual: Yellow-throated Sparrow,,0,
IMG_9343.JPG,"21.124369, 70.824124",2026-04-10 20:38:46,1,0.999071478843689,6.02,Yellow-throated Sparrow,Yellow-throated Sparrow,Yellow-throated Sparrow,0.396,Yellow-throated Sparrow (39.57%) | Thick-billed Flowerpecker (5.56%) | Common Rosefinch (2.39%) | Banded Bay Cuckoo (1.76%) | White-browed Wagtail (0.92%)
IMG_9344.JPG,"21.124369, 70.824124",2026-04-10 20:41:18,1,0.999224066734314,5.489,,Manual: Indian Robin,Indian Robin,0.129,Indian Robin (12.94%) | Pied Bushchat (8.78%) | Malabar Whistling-Thrush (4.02%) | Crimson-backed Sunbird (3.63%) | Tricolored Munia (1.47%)
IMG_9345.JPG,"21.124369, 70.824124",2026-04-10 20:41:20,1,0.9991456270217896,5.892,Pied Bushchat,Manual: Indian Robin,Pied Bushchat,0.422,Pied Bushchat (42.22%) | Indian Robin (11.25%) | Purple Sunbird (1.87%) | Malabar Whistling-Thrush (1.69%) | Crimson-backed Sunbird (1.21%)
IMG_9349.JPG,"20.884264, 70.413325",2026-04-11 05:26:43,1,0.9993317723274231,4.567,,Manual: Black-winged Stilt,Black-winged Stilt,0.212,Black-winged Stilt (21.23%) | Grey Wagtail (4.20%) | Knob-billed Duck (2.87%) | Greylag Goose (2.72%) | Indian Pied Starling (2.27%)
IMG_9350.JPG,"20.884264, 70.413325",2026-04-11 05:26:47,2,0.9870004653930664,7.076,,,,0,
IMG_9354.JPG,"20.884264, 70.413325",2026-04-11 05:28:44,1,0.9995859265327454,4.278,Common Sandpiper,Common Sandpiper,Common Sandpiper,0.438,Common Sandpiper (43.80%) | Green Sandpiper (2.54%) | Little Ringed Plover (2.46%) | Yellow-wattled Lapwing (1.39%) | White-cheeked Barbet (0.97%)
IMG_9355.JPG,"20.884264, 70.413325",2026-04-11 05:28:55,4,0.9370626211166382,5.357,,Manual: Cotton Pygmy-Goose,,0,
IMG_9356.JPG,"20.884264, 70.413325",2026-04-11 05:28:59,3,0.9781978726387024,6.736,,Manual: Cotton Pygmy-Goose,,0,
IMG_9357.JPG,"20.884264, 70.413325",2026-04-11 05:29:02,1,0.9995152950286865,4.965,,Manual: Cotton Pygmy-Goose,Indian Roller,0.039,Indian Roller (3.94%) | Cotton Pygmy-Goose (2.71%) | Brahminy Kite (2.67%) | Crimson-backed Sunbird (2.38%) | Little Grebe (1.89%)
IMG_9358.JPG,"20.884264, 70.413325",2026-04-11 05:29:35,1,0.996623158454895,4.545,,Manual: Cotton Pygmy-Goose,Cotton Pygmy-Goose,0.139,Cotton Pygmy-Goose (13.93%) | Blue-faced Malkoha (4.43%) | White-rumped Shama (4.08%) | Knob-billed Duck (2.97%) | Eastern Red-rumped Swallow (1.96%)
IMG_9360.JPG,"20.884264, 70.413325",2026-04-11 05:34:44,1,0.9997127652168274,4.042,Black-winged Stilt,Black-winged Stilt,Black-winged Stilt,0.603,Black-winged Stilt (60.28%) | Pied Avocet (1.38%) | Indian Golden Oriole (0.86%) | Asian Emerald Dove (0.74%) | White-breasted Waterhen (0.72%)
IMG_9361.JPG,No GPS Data,2026-04-11 05:34:51,0,0,0.0,,Manual: Phesant-tailed Jacana,,0,
IMG_9362.JPG,"20.884264, 70.413325",2026-04-11 05:34:54,1,0.8549460768699646,5.825,,Manual: Phesant-tailed Jacana,Eurasian Moorhen,0.052,Eurasian Moorhen (5.25%) | White-browed Wagtail (4.57%) | Thick-billed Flowerpecker (3.10%) | Indian Pond-Heron (2.03%) | Pheasant-tailed Jacana (1.94%)
IMG_9363.JPG,"20.884264, 70.413325",2026-04-11 05:35:05,1,0.9964728951454163,5.599,Black-winged Stilt,Black-winged Stilt,Black-winged Stilt,0.331,Black-winged Stilt (33.13%) | Eurasian Oystercatcher (4.07%) | White-rumped Munia (1.20%) | Tytler's Leaf Warbler (0.98%) | Red-wattled Lapwing (0.97%)
IMG_9364.JPG,"20.884264, 70.413325",2026-04-11 05:35:46,1,0.9995418787002563,5.478,Western Reef Heron,Western Reef Heron,Western Reef Heron,0.872,Western Reef Heron (87.22%) | Purple Heron (0.65%) | Indian Grey Hornbill (0.33%) | Little Heron (0.32%) | Glossy Ibis (0.28%)
IMG_9365.JPG,"20.884264, 70.413325",2026-04-11 05:36:18,1,0.7725443840026855,7.76,,Manual: Common Sandpiper,Black Redstart,0.077,Black Redstart (7.73%) | Indian Blue Robin (3.92%) | Greater Painted-Snipe (2.05%) | Northern Pintail (2.03%) | Osprey (1.82%)
IMG_9366.JPG,"20.884264, 70.413325",2026-04-11 05:36:22,1,0.989654004573822,7.677,,Manual: Common Sandpiper,Red Junglefowl,0.076,Red Junglefowl (7.59%) | White-eyed Buzzard (5.08%) | Green Sandpiper (2.15%) | Osprey (1.99%) | Indian Pond-Heron (1.99%)
IMG_9367.JPG,"20.884264, 70.413325",2026-04-11 05:40:12,2,0.997809112071991,5.655,,,,0,
IMG_9368.JPG,"21.058299, 70.533837",2026-04-11 05:40:58,1,0.9989163875579834,5.707,Asian Green Bee-eater,Asian Green Bee-eater,Asian Green Bee-eater,0.73,Asian Green Bee-eater (73.03%) | Chestnut-headed Bee-eater (2.53%) | Golden-fronted Leafbird (0.93%) | Jerdon's Leafbird (0.54%) | Crimson-backed Sunbird (0.45%)
IMG_9372.JPG,"21.058299, 70.533837",2026-04-11 17:41:26,1,0.999556839466095,6.32,Spotted Dove,Spotted Dove,Spotted Dove,0.745,Spotted Dove (74.47%) | Asian Emerald Dove (2.52%) | Laughing Dove (1.08%) | Chestnut-bellied Sandgrouse (0.50%) | Eurasian Whimbrel (0.48%)
IMG_9374.JPG,"21.058299, 70.533837",2026-04-11 18:08:38,1,0.9994885921478271,5.618,Black Drongo,Black Drongo,Black Drongo,0.525,Black Drongo (52.54%) | Ashy Drongo (5.04%) | Greater Racket-tailed Drongo (1.76%) | Brown Rock Chat (0.94%) | Pied Bushchat (0.77%)
IMG_9375.JPG,"21.058299, 70.533837",2026-04-11 18:09:19,1,0.9901020526885986,5.299,,Manual: Black Drongo,Ashy Drongo,0.152,Ashy Drongo (15.16%) | Blue Rock-Thrush (4.23%) | Black Drongo (3.04%) | Black Redstart (2.34%) | Grey-bellied Cuckoo (1.77%)
IMG_9376.JPG,"21.058299, 70.533837",2026-04-11 18:34:11,1,0.9990867376327515,6.413,,Manual: Common Myna,Common Myna,0.24,Common Myna (23.96%) | Jungle Myna (5.25%) | White-rumped Munia (3.37%) | Ashy Woodswallow (2.10%) | White-browed Wagtail (2.09%)
IMG_9377.JPG,"21.058299, 70.533837",2026-04-11 18:34:36,1,0.9979458451271057,4.961,,Manual: Rose-ringed Parakeet,Rose-ringed Parakeet,0.204,Rose-ringed Parakeet (20.41%) | Jerdon's Leafbird (7.59%) | Plum-headed Parakeet (4.73%) | Vernal Hanging-Parrot (4.41%) | Alexandrine Parakeet (2.02%)
IMG_9378.JPG,"21.058299, 70.533837",2026-04-11 18:36:05,1,0.9971311092376709,6.161,Ashy Prinia,Ashy Prinia,Ashy Prinia,0.581,Ashy Prinia (58.10%) | Paddyfield Warbler (2.16%) | Plain Prinia (1.26%) | Long-tailed Shrike (0.93%) | Zitting Cisticola (0.93%)
IMG_9379.JPG,"21.058299, 70.533837",2026-04-11 18:36:14,1,0.9947898387908936,4.904,Ashy Prinia,Ashy Prinia,Ashy Prinia,0.636,Ashy Prinia (63.63%) | Plain Prinia (1.45%) | Black-capped Kingfisher (1.00%) | Common Tailorbird (0.95%) | Indian Pied Starling (0.85%)
IMG_9380.JPG,"21.058299, 70.533837",2026-04-11 18:36:30,1,0.9895598888397217,5.359,Ashy Prinia,Ashy Prinia,Ashy Prinia,0.551,Ashy Prinia (55.14%) | Yellow-eyed Babbler (1.79%) | Gray-breasted Prinia (1.52%) | Dark-fronted Babbler (1.29%) | Long-tailed Shrike (1.04%)
IMG_9381.JPG,"21.058299, 70.533837",2026-04-11 18:36:31,1,0.9987549781799316,5.493,Ashy Prinia,Ashy Prinia,Ashy Prinia,0.655,Ashy Prinia (65.49%) | Gray-breasted Prinia (1.66%) | Jungle Prinia (0.87%) | Common Tailorbird (0.72%) | Indian Pitta (0.65%)
IMG_9383.JPG,"21.058299, 70.533837",2026-04-11 19:01:24,1,0.9995275735855103,7.801,,,Dusky Crag-Martin,0.266,Dusky Crag-Martin (26.56%) | Eastern Red-rumped Swallow (5.48%) | Little Swift (2.15%) | Black Drongo (1.82%) | Tickell's Blue Flycatcher (1.71%)
IMG_9386.JPG,"21.058299, 70.533837",2026-04-11 19:01:55,2,0.7172814607620239,6.237,,,,0,
IMG_9387.JPG,"21.058299, 70.533837",2026-04-11 19:22:53,1,0.9982074499130249,5.352,Ashy Prinia,Ashy Prinia,Ashy Prinia,0.552,Ashy Prinia (55.24%) | Jungle Prinia (2.27%) | Yellow-eyed Babbler (2.25%) | Plain Prinia (1.01%) | Common Tailorbird (0.90%)
IMG_9388.JPG,"21.058299, 70.533837",2026-04-11 19:32:15,1,0.9990955591201782,5.355,,Manual: Purple-rumped Sunbird,Wire-tailed Swallow,0.108,Wire-tailed Swallow (10.80%) | Indian Pied Starling (6.17%) | Crimson-backed Sunbird (5.16%) | Black-crowned Night Heron (2.51%) | Eurasian Hobby (2.36%)
IMG_9391.JPG,"21.058299, 70.533837",2026-04-11 19:49:58,1,0.9983212351799011,7.924,,Manual: Brahminy Kite,Brahminy Kite,0.212,Brahminy Kite (21.20%) | Black-winged Stilt (2.55%) | Malabar Starling (1.75%) | Western Marsh Harrier (1.72%) | Asian Woolly-necked Stork (1.46%)
IMG_9392.JPG,"21.058299, 70.533837",2026-04-11 19:49:59,1,0.9996777772903442,8.012,Brahminy Kite,Brahminy Kite,Brahminy Kite,0.868,Brahminy Kite (86.79%) | Red Collared-Dove (0.30%) | Crested Bunting (0.28%) | Green Imperial Pigeon (0.21%) | Broad-billed Sandpiper (0.19%)
IMG_9394.JPG,"21.058299, 70.533837",2026-04-11 20:18:46,2,0.9990447163581848,6.209,,Manual: Painted Stork,,0,
IMG_9398.JPG,"21.058299, 70.533837",2026-04-11 20:52:08,2,0.9987742304801941,5.903,,,,0,
IMG_9399.JPG,"21.058299, 70.533837",2026-04-11 20:52:15,2,0.9920525550842285,5.87,,,,0,
