display_name,location,date,bird_count,detect_high_conf,avg_q_score,refined_label,current_label,top_label,top_confidence,top_5_predictions
AmericanWigeon.JPG,"37.57343143513358, -122.30113333736378",2024-02-16 17:19:46,1,0.9991955161094666,5.059,American Wigeon,American Wigeon,American Wigeon (Breeding male),1.0,American Wigeon (Breeding male) (100.00%) | American Wigeon (Female/Eclipse male) (0.00%) | Gadwall (Breeding male) (0.00%) | Northern Shoveler (Breeding male) (0.00%) | Green-winged Teal (Male) (0.00%)
AmericanWigeon2.JPG,"37.52972372365688, -122.26784258663605",2024-03-09 11:38:09,2,0.7327998876571655,6.089,,,,0,
BaldEagle.JPG,"37.5890301, -122.4130786",2024-03-24 10:04:32,1,0.9993440508842468,6.245,"Bald Eagle (Adult, subadult)","Bald Eagle (Adult, subadult)","Bald Eagle (Adult, subadult)",1.0,"Bald Eagle (Adult, subadult) (99.99%) | Great Black-backed Gull (Adult) (0.01%) | Golden Eagle (Immature) (0.00%) | Osprey (0.00%) | Harris's Hawk (0.00%)"
BaldEagle2.JPG,"37.5890301, -122.4130786",2024-03-24 10:04:35,1,0.9994788765907288,5.588,"Bald Eagle (Adult, subadult)","Bald Eagle (Adult, subadult)","Bald Eagle (Adult, subadult)",1.0,"Bald Eagle (Adult, subadult) (100.00%) | Great Black-backed Gull (Adult) (0.00%) | Golden Eagle (Immature) (0.00%) | Red-tailed Hawk (Light morph adult) (0.00%) | Mute Swan (0.00%)"
BlackPheobe.JPG,"37.57343143513358, -122.30113333736378",2024-02-16 17:14:08,1,0.9994798302650452,5.306,Black Phoebe,Black Phoebe,Black Phoebe,1.0,Black Phoebe (100.00%) | Eastern Phoebe (0.00%) | Eastern Wood-Pewee (0.00%) | Eastern Kingbird (0.00%) | Vermilion Flycatcher (Adult male) (0.00%)
BlackPheobe3.JPG,"37.52972372365688, -122.26784258663605",2024-03-09 11:21:01,1,0.9978983402252197,5.18,Black Phoebe,Black Phoebe,Black Phoebe,1.0,Black Phoebe (100.00%) | Eastern Phoebe (0.00%) | Eastern Kingbird (0.00%) | Great Crested Flycatcher (0.00%) | Vermilion Flycatcher (Adult male) (0.00%)
BlueWingedTeal.JPG,"27.827191, -97.077962",2024-12-23 05:49:13,1,0.9953804016113281,4.362,Blue-winged Teal (Male),Manual: Blue-winged Teal,Blue-winged Teal (Male),1.0,Blue-winged Teal (Male) (100.00%) | Northern Pintail (Female/Eclipse male) (0.00%) | Ruddy Duck (Winter male) (0.00%) | Green-winged Teal (Male) (0.00%) | American Wigeon (Female/Eclipse male) (0.00%)
BlueWingedTeal3.JPG,"27.827191, -97.077962",2024-12-23 05:47:15,10,0.971930205821991,5.569,,Manual: Blue-winged Teal,,0,
BrantGoose.JPG,No GPS Data,2023-12-26 11:01:55,0,0,0.0,,Manual: Brant Goose,,0,
Bufflehead.JPG,"37.52964892237209, -122.2678883982356",2024-03-02 11:53:29,1,0.9993382096290588,5.815,Bufflehead (Breeding male),Bufflehead (Breeding male),Bufflehead (Breeding male),1.0,Bufflehead (Breeding male) (100.00%) | Hooded Merganser (Breeding male) (0.00%) | Common Goldeneye (Breeding male) (0.00%) | Harlequin Duck (Male) (0.00%) | Ruddy Duck (Winter male) (0.00%)
CanadaGoose.JPG,"37.6479509, -122.1448696",2024-02-26 08:34:14,1,0.9992737174034119,4.351,Canada Goose,Canada Goose,Canada Goose,1.0,Canada Goose (100.00%) | Cackling Goose (0.00%) | Brant (0.00%) | Greater White-fronted Goose (0.00%) | Tundra Swan (0.00%)
Canvasback4.JPG,"37.52972372365688, -122.26784258663605",2024-03-09 10:43:18,1,0.9988841414451599,4.794,Canvasback,Canvasback,Canvasback (Breeding male),1.0,Canvasback (Breeding male) (100.00%) | Canvasback (Female/Eclipse male) (0.00%) | Greater Scaup (Breeding male) (0.00%) | Trumpeter Swan (0.00%) | Red-headed Woodpecker (Adult) (0.00%)
Canvasback5.JPG,"37.52972372365688, -122.26784258663605",2024-03-09 11:02:07,1,0.9988722205162048,4.453,Canvasback (Breeding male),Canvasback (Breeding male),Canvasback (Breeding male),1.0,Canvasback (Breeding male) (100.00%) | Redhead (Breeding male) (0.00%) | Canvasback (Female/Eclipse male) (0.00%) | Lesser Scaup (Breeding male) (0.00%) | Cinnamon Teal (Male) (0.00%)
Canvasback6.JPG,"37.52972372365688, -122.26784258663605",2024-03-09 11:02:03,1,0.9986293315887451,4.867,Canvasback (Breeding male),Canvasback (Breeding male),Canvasback (Breeding male),0.992,Canvasback (Breeding male) (99.23%) | Redhead (Breeding male) (0.73%) | Lesser Scaup (Breeding male) (0.04%) | Canvasback (Female/Eclipse male) (0.00%) | Northern Shoveler (Breeding male) (0.00%)
Canvasback7.JPG,"37.52972372365688, -122.26784258663605",2024-03-09 11:41:18,2,0.9975340366363525,6.068,,,,0,
ClarkGrebe.JPG,"37.57343143513358, -122.30113333736378",2024-02-16 17:13:43,1,0.999651312828064,5.022,Western Grebe,Western Grebe,Western Grebe,0.999,Western Grebe (99.93%) | Horned Grebe (Nonbreeding/juvenile) (0.05%) | Clark's Grebe (0.02%) | Red-necked Grebe (Nonbreeding/juvenile) (0.00%) | Red-tailed Hawk (Light morph immature) (0.00%)
CommonGoldenEye2.JPG,"37.6479509, -122.1448696",2024-02-26 11:01:36,2,0.9991583824157715,5.186,,,,0,
CommonGoldenEye4.JPG,"37.6479509, -122.1448696",2024-02-26 11:36:07,1,0.9995597004890442,4.316,Common Goldeneye (Female/Eclipse male),Common Goldeneye (Female/Eclipse male),Common Goldeneye (Female/Eclipse male),1.0,Common Goldeneye (Female/Eclipse male) (100.00%) | Hooded Merganser (Female/immature male) (0.00%) | Common Goldeneye (Breeding male) (0.00%) | Lesser Scaup (Female/Eclipse male) (0.00%) | Hooded Oriole (Female/Immature male) (0.00%)
Cormorant.JPG,No GPS Data,2024-02-24 10:49:54,0,0,0.0,,,,0,
Egrets2.JPG,"28.2263887, -96.8638211",2024-12-22 12:19:27,4,0.9940522313117981,6.604,,,,0,
GreenHeron.JPG,"37.52964892237209, -122.2678883982356",2024-03-02 11:47:21,1,0.9994367957115173,4.07,Green Heron or Young Black-crowned Night-Heron,Manual: Green Heron,Green Heron,1.0,Green Heron (100.00%) | Cassin's Kingbird (0.00%) | Great Blue Heron (0.00%) | Yellow-crowned Night-Heron (Adult) (0.00%) | Black-crowned Night-Heron (Immature) (0.00%)
GreenHeron2.JPG,"37.52964892237209, -122.2678883982356",2024-03-02 11:47:33,1,0.9993869066238403,4.106,Green Heron or Young Black-crowned Night-Heron,Manual: Green Heron,Green Heron,1.0,Green Heron (100.00%) | Great Blue Heron (0.00%) | Black-crowned Night-Heron (Immature) (0.00%) | Cassin's Kingbird (0.00%) | Black-crowned Night-Heron (Adult) (0.00%)
GreenWingedTeal.JPG,"37.52972372365688, -122.26784258663605",2024-03-09 10:53:39,1,0.9981496334075928,5.194,Green-winged Teal (Male),Green-winged Teal (Male),Green-winged Teal (Male),1.0,Green-winged Teal (Male) (99.99%) | Northern Pintail (Breeding male) (0.01%) | Blue-winged Teal (Male) (0.00%) | American Wigeon (Breeding male) (0.00%) | Northern Shoveler (Breeding male) (0.00%)
GreenWingedTeal2.JPG,"27.827191, -97.077962",2024-12-23 05:54:54,3,0.9982376098632812,4.271,,,,0,
GreenWingedTeal3.JPG,"27.827191, -97.077962",2024-12-23 05:52:49,5,0.9985839128494263,3.848,,,,0,
HoodedM3.JPG,"37.5655327, -122.2935094",2024-03-16 10:07:09,2,0.9976230263710022,4.943,,,,0,
HoodedM4.JPG,"37.5655327, -122.2935094",2024-03-16 10:05:19,1,0.9996869564056396,4.082,Hooded Merganser (Breeding male),Hooded Merganser (Breeding male),Hooded Merganser (Breeding male),0.999,Hooded Merganser (Breeding male) (99.86%) | Harlequin Duck (Male) (0.09%) | Bufflehead (Breeding male) (0.05%) | Common Goldeneye (Breeding male) (0.00%) | Bufflehead (Female/immature male) (0.00%)
HoodedM5.JPG,"37.5655327, -122.2935094",2024-03-16 10:05:20,1,0.9995988011360168,4.261,,,Hooded Merganser (Breeding male),0.865,Hooded Merganser (Breeding male) (86.49%) | Harlequin Duck (Male) (13.51%) | Bufflehead (Breeding male) (0.00%) | Common Goldeneye (Breeding male) (0.00%) | Bufflehead (Female/immature male) (0.00%)
HoodedM6.JPG,"37.5655327, -122.2935094",2024-03-16 10:05:22,1,0.9995654225349426,4.094,Hooded Merganser (Breeding male),Hooded Merganser (Breeding male),Hooded Merganser (Breeding male),1.0,Hooded Merganser (Breeding male) (100.00%) | Harlequin Duck (Male) (0.00%) | Bufflehead (Breeding male) (0.00%) | Barrow's Goldeneye (Breeding male) (0.00%) | Ruddy Duck (Winter male) (0.00%)
HoodedM7.JPG,"37.5655327, -122.2935094",2024-03-16 10:05:27,1,0.9991466999053955,3.557,Hooded Merganser (Breeding male),Hooded Merganser (Breeding male),Hooded Merganser (Breeding male),0.995,Hooded Merganser (Breeding male) (99.47%) | Harlequin Duck (Male) (0.51%) | Bufflehead (Breeding male) (0.02%) | Common Goldeneye (Breeding male) (0.00%) | Ring-necked Duck (Breeding male) (0.00%)
HoodedM8.JPG,"37.5655327, -122.2935094",2024-03-16 10:06:15,1,0.9995070695877075,3.39,Hooded Merganser (Female/immature male),Hooded Merganser (Female/immature male),Hooded Merganser (Female/immature male),1.0,Hooded Merganser (Female/immature male) (100.00%) | Red-breasted Merganser (Female/immature male) (0.00%) | Eared Grebe (Breeding) (0.00%) | Common Merganser (Female/immature male) (0.00%) | Phainopepla (Male) (0.00%)
HoodedM9.JPG,"37.5655327, -122.2935094",2024-03-16 10:07:16,2,0.9940367937088013,5.198,,,,0,
IMG_0385.JPG,"37.76741234367663, -122.48179045598403",2024-01-15 12:10:44,1,0.99931800365448,5.956,Gull,Manual: California Gull,California Gull (Adult),1.0,California Gull (Adult) (99.99%) | Great Black-backed Gull (Adult) (0.01%) | Mew Gull (0.00%) | Herring Gull (Adult) (0.00%) | Western Gull (Adult) (0.00%)
IMG_0555.JPG,"37.57343143513358, -122.30113333736378",2024-02-16 17:13:20,1,0.9996535778045654,4.729,Gull,Manual: California Gull,California Gull (Adult),0.844,"California Gull (Adult) (84.41%) | Herring Gull (Adult) (15.21%) | Mew Gull (0.37%) | Calliope Hummingbird (Female, immature) (0.00%) | Black-legged Kittiwake (Immature) (0.00%)"
IMG_0562.JPG,"37.57343143513358, -122.30113333736378",2024-02-16 17:18:49,1,0.9985894560813904,5.422,Bufflehead (Female/immature male),Bufflehead (Female/immature male),Bufflehead (Female/immature male),1.0,Bufflehead (Female/immature male) (99.99%) | White-winged Scoter (Female/juvenile) (0.00%) | Ruddy Duck (Winter male) (0.00%) | Lesser Scaup (Female/Eclipse male) (0.00%) | Harlequin Duck (Female/juvenile) (0.00%)
IMG_0567.JPG,"37.57343143513358, -122.30113333736378",2024-02-16 17:24:47,1,0.9989363551139832,5.683,Bufflehead (Female/immature male),Bufflehead (Female/immature male),Bufflehead (Female/immature male),1.0,Bufflehead (Female/immature male) (100.00%) | Ruddy Duck (Winter male) (0.00%) | Harlequin Duck (Female/juvenile) (0.00%) | Lesser Scaup (Female/Eclipse male) (0.00%) | Barrow's Goldeneye (Female/Eclipse male) (0.00%)
IMG_0616.JPG,"37.531593, -122.073349",2024-02-17 17:05:39,1,0.999082088470459,5.641,Horned Grebe (Nonbreeding/juvenile),Horned Grebe (Nonbreeding/juvenile),Horned Grebe (Nonbreeding/juvenile),1.0,"Horned Grebe (Nonbreeding/juvenile) (100.00%) | Red-necked Grebe (Nonbreeding/juvenile) (0.00%) | Pigeon Guillemot (Nonbreeding, juvenile) (0.00%) | Western Grebe (0.00%) | Red-necked Grebe (Breeding) (0.00%)"
IMG_0689.JPG,"37.531593, -122.073349",2024-02-18 12:50:14,1,0.9982545971870422,4.215,White-crowned Sparrow (Immature),White-crowned Sparrow (Immature),White-crowned Sparrow (Immature),0.99,White-crowned Sparrow (Immature) (99.04%) | Golden-crowned Sparrow (Immature) (0.87%) | Brewer's Sparrow (0.03%) | White-throated Sparrow (Tan-striped/immature) (0.03%) | Western Tanager (Female/Nonbreeding Male) (0.02%)
IMG_0690.JPG,"37.531593, -122.073349",2024-02-18 12:50:16,1,0.9969095587730408,4.792,,,Golden-crowned Sparrow (Immature),0.908,Golden-crowned Sparrow (Immature) (90.77%) | White-crowned Sparrow (Immature) (8.56%) | Brewer's Sparrow (0.56%) | Western Meadowlark (0.06%) | Cordilleran Flycatcher (0.03%)
IMG_0691.JPG,"37.531593, -122.073349",2024-02-18 12:50:18,1,0.9994578957557678,4.375,,,White-crowned Sparrow (Immature),0.89,White-crowned Sparrow (Immature) (89.02%) | Golden-crowned Sparrow (Immature) (6.01%) | Western Tanager (Female/Nonbreeding Male) (4.97%) | White-crowned Sparrow (Adult) (0.00%) | House Sparrow (Female/Juvenile) (0.00%)
IMG_0892.JPG,"37.6479509, -122.1448696",2024-02-26 08:42:55,4,0.999394416809082,5.64,,,,0,
IMG_0911.JPG,"37.6479509, -122.1448696",2024-02-26 08:50:27,1,0.9991011619567871,4.839,Least Sandpiper,Least Sandpiper,Least Sandpiper,1.0,Least Sandpiper (100.00%) | Western Sandpiper (0.00%) | Short-billed Dowitcher (0.00%) | Semipalmated Sandpiper (0.00%) | Lesser Yellowlegs (0.00%)
IMG_0915.JPG,"37.6479509, -122.1448696",2024-02-26 08:50:56,1,0.9991377592086792,3.861,Least Sandpiper,Least Sandpiper,Least Sandpiper,1.0,"Least Sandpiper (100.00%) | Wilson's Phalarope (Nonbreeding, juvenile) (0.00%) | Western Sandpiper (0.00%) | Lesser Yellowlegs (0.00%) | Semipalmated Sandpiper (0.00%)"
IMG_0996.JPG,"37.6479509, -122.1448696",2024-02-26 09:32:46,1,0.9996675252914429,3.935,Western/Clark's Grebe,Manual: Western Grebe,Western Grebe,0.997,Western Grebe (99.67%) | Clark's Grebe (0.31%) | Horned Grebe (Nonbreeding/juvenile) (0.01%) | Red-necked Grebe (Nonbreeding/juvenile) (0.00%) | Eared Grebe (Nonbreeding/juvenile) (0.00%)
IMG_1022.JPG,"37.6479509, -122.1448696",2024-02-26 10:00:05,1,0.9984739422798157,4.493,Western/Clark's Grebe,Manual: Clark's Grebe,Western Grebe,1.0,Western Grebe (99.98%) | Clark's Grebe (0.02%) | Red-necked Grebe (Breeding) (0.00%) | Red-necked Grebe (Nonbreeding/juvenile) (0.00%) | Horned Grebe (Breeding) (0.00%)
IMG_1201.JPG,"37.52964892237209, -122.2678883982356",2024-03-02 11:54:54,1,0.9988356232643127,4.89,Horned Grebe (Nonbreeding/juvenile),Horned Grebe (Nonbreeding/juvenile),Horned Grebe (Nonbreeding/juvenile),1.0,Horned Grebe (Nonbreeding/juvenile) (100.00%) | Clark's Grebe (0.00%) | Western Grebe (0.00%) | Red-necked Grebe (Nonbreeding/juvenile) (0.00%) | Horned Grebe (Breeding) (0.00%)
IMG_1223.JPG,"37.52964892237209, -122.2678883982356",2024-03-02 12:07:27,1,0.9993476271629333,4.737,Western/Clark's Grebe,Manual: Western Grebe,Clark's Grebe,1.0,Clark's Grebe (100.00%) | Western Grebe (0.00%) | Horned Grebe (Nonbreeding/juvenile) (0.00%) | Gadwall (Female/Eclipse male) (0.00%) | Ruddy Duck (Winter male) (0.00%)
IMG_1224.JPG,"37.52964892237209, -122.2678883982356",2024-03-02 12:07:29,1,0.9990890026092529,4.754,Western/Clark's Grebe,Manual: Western Grebe,Western Grebe,1.0,Western Grebe (99.97%) | Clark's Grebe (0.03%) | Horned Grebe (Nonbreeding/juvenile) (0.00%) | Red-necked Grebe (Breeding) (0.00%) | Mew Gull (0.00%)
IMG_1326.JPG,"37.52972372365688, -122.26784258663605",2024-03-09 11:27:21,1,0.9960817694664001,3.736,,,Ruddy Duck (Winter male),0.936,Ruddy Duck (Winter male) (93.58%) | Ruddy Duck (Female/juvenile) (4.43%) | Surf Scoter (Female/immature) (1.88%) | Ruddy Duck (Breeding male) (0.10%) | Greater Scaup (Female/Eclipse male) (0.00%)
IMG_1364.JPG,"37.5655327, -122.2935094",2024-03-16 10:06:58,1,0.9989435076713562,5.349,Bufflehead (Breeding male),Bufflehead (Breeding male),Bufflehead (Breeding male),1.0,Bufflehead (Breeding male) (100.00%) | Ruddy Duck (Winter male) (0.00%) | Hooded Merganser (Breeding male) (0.00%) | Harlequin Duck (Male) (0.00%) | Bufflehead (Female/immature male) (0.00%)
IMG_1424.JPG,"37.5890301, -122.4130786",2024-03-24 08:49:15,1,0.9986745119094849,7.779,Pied-billed Grebe,Pied-billed Grebe,Pied-billed Grebe,1.0,Pied-billed Grebe (100.00%) | Red-necked Grebe (Breeding) (0.00%) | Pacific Loon (Breeding) (0.00%) | Common Grackle (0.00%) | Eared Grebe (Breeding) (0.00%)
IMG_1438.JPG,"37.5890301, -122.4130786",2024-03-24 08:59:30,1,0.9993915557861328,6.594,Turkey Vulture,Turkey Vulture,Turkey Vulture,1.0,Turkey Vulture (100.00%) | Common Raven (0.00%) | Golden Eagle (Adult) (0.00%) | Black Vulture (0.00%) | Great Cormorant (Adult) (0.00%)
IMG_1472.JPG,"37.5890301, -122.4130786",2024-03-24 09:30:41,1,0.9983987212181091,6.391,Chestnut-backed Chickadee,Chestnut-backed Chickadee,Chestnut-backed Chickadee,1.0,Chestnut-backed Chickadee (100.00%) | Black-capped Chickadee (0.00%) | Great Cormorant (Adult) (0.00%) | Dark-eyed Junco (Oregon) (0.00%) | Rufous Hummingbird (Adult Male) (0.00%)
IMG_1473.JPG,"37.5890301, -122.4130786",2024-03-24 09:30:42,1,0.9995146989822388,5.302,Chestnut-backed Chickadee,Chestnut-backed Chickadee,Chestnut-backed Chickadee,1.0,Chestnut-backed Chickadee (100.00%) | Indigo Bunting (Female/juvenile) (0.00%) | Orchard Oriole (Adult Male) (0.00%) | Western Scrub-Jay (0.00%) | Dark-eyed Junco (Oregon) (0.00%)
IMG_1474.JPG,"37.5890301, -122.4130786",2024-03-24 09:30:43,1,0.9985443353652954,5.408,Chestnut-backed Chickadee,Chestnut-backed Chickadee,Chestnut-backed Chickadee,1.0,Chestnut-backed Chickadee (100.00%) | Indigo Bunting (Female/juvenile) (0.00%) | Black-capped Chickadee (0.00%) | Great Cormorant (Adult) (0.00%) | Western Scrub-Jay (0.00%)
IMG_1475.JPG,"37.5890301, -122.4130786",2024-03-24 09:30:46,1,0.9983256459236145,5.631,Chestnut-backed Chickadee,Chestnut-backed Chickadee,Chestnut-backed Chickadee,1.0,Chestnut-backed Chickadee (100.00%) | Black-capped Chickadee (0.00%) | Chipping Sparrow (Breeding) (0.00%) | Indigo Bunting (Female/juvenile) (0.00%) | Boreal Chickadee (0.00%)
IMG_1531.JPG,"37.5562551, -122.2451359",2024-03-30 10:20:11,1,0.9989951252937317,6.609,European Starling (Breeding Adult),European Starling (Breeding Adult),European Starling (Breeding Adult),1.0,European Starling (Breeding Adult) (99.99%) | Brewer's Blackbird (Male) (0.01%) | Eastern Wood-Pewee (0.00%) | Fish Crow (0.00%) | Mallard (Female/Eclipse male) (0.00%)
IMG_1533.JPG,"37.5562551, -122.2451359",2024-03-30 10:21:59,1,0.9987462759017944,5.376,European Starling (Breeding Adult),European Starling (Breeding Adult),European Starling (Breeding Adult),1.0,European Starling (Breeding Adult) (100.00%) | Rough-legged Hawk (Dark morph) (0.00%) | European Starling (Nonbreeding Adult) (0.00%) | American Black Duck (0.00%) | Rusty Blackbird (0.00%)
IMG_1619.JPG,"37.5264065, -122.323374",2024-03-31 09:50:48,1,0.9991967082023621,4.877,American Robin,American Robin,American Robin (Adult),1.0,American Robin (Adult) (100.00%) | American Robin (Juvenile) (0.00%) | Varied Thrush (0.00%) | Bay-breasted Warbler (Breeding male) (0.00%) | Eastern Towhee (0.00%)
IMG_1620.JPG,"37.5264065, -122.323374",2024-03-31 09:50:50,1,0.9967421889305115,8.25,American Robin (Adult),American Robin (Adult),American Robin (Adult),1.0,American Robin (Adult) (100.00%) | Varied Thrush (0.00%) | Eastern Bluebird (0.00%) | American Robin (Juvenile) (0.00%) | Mallard (Breeding male) (0.00%)
IMG_1630.JPG,"37.5264065, -122.323374",2024-03-31 09:53:29,1,0.9990750551223755,5.035,European Starling,European Starling (Breeding Adult),European Starling (Breeding Adult),1.0,European Starling (Breeding Adult) (99.99%) | European Starling (Nonbreeding Adult) (0.01%) | Bronzed Cowbird (0.00%) | Lesser Scaup (Breeding male) (0.00%) | Rough-legged Hawk (Dark morph) (0.00%)
IMG_1644.JPG,"37.5264065, -122.323374",2024-03-31 10:11:46,1,0.9992535710334778,3.87,American Robin (Adult),American Robin (Adult),American Robin (Adult),1.0,American Robin (Adult) (100.00%) | MacGillivray's Warbler (0.00%) | Golden-crowned Sparrow (Adult) (0.00%) | Varied Thrush (0.00%) | Canada Warbler (0.00%)
IMG_1645.JPG,"37.5264065, -122.323374",2024-03-31 10:11:53,1,0.998740017414093,3.911,American Robin (Adult),American Robin (Adult),American Robin (Adult),1.0,American Robin (Adult) (100.00%) | MacGillivray's Warbler (0.00%) | Yellow-breasted Chat (0.00%) | Canada Warbler (0.00%) | Nashville Warbler (0.00%)
IMG_1649.JPG,"37.5264065, -122.323374",2024-03-31 10:16:37,1,0.9993295669555664,4.855,American Robin,American Robin,American Robin (Adult),1.0,American Robin (Adult) (100.00%) | American Robin (Juvenile) (0.00%) | Eastern Bluebird (0.00%) | Canada Warbler (0.00%) | Cassin's Kingbird (0.00%)
IMG_1652.JPG,"37.5264065, -122.323374",2024-03-31 10:23:58,1,0.9991887211799622,4.708,Red-tailed Hawk,Red-tailed Hawk,Red-tailed Hawk (Light morph adult),1.0,"Red-tailed Hawk (Light morph adult) (100.00%) | Red-tailed Hawk (Dark morph) (0.00%) | Northern Harrier (Female, immature) (0.00%) | Allen's Hummingbird (Female, immature) (0.00%) | Northern Harrier (Adult male) (0.00%)"
IMG_1653.JPG,"37.5264065, -122.323374",2024-03-31 10:24:02,1,0.9990898370742798,4.636,Red-tailed Hawk,Red-tailed Hawk,Red-tailed Hawk (Light morph adult),1.0,"Red-tailed Hawk (Light morph adult) (100.00%) | Red-tailed Hawk (Dark morph) (0.00%) | Northern Harrier (Adult male) (0.00%) | Allen's Hummingbird (Female, immature) (0.00%) | Swainson's Hawk (Dark morph ) (0.00%)"
IMG_1662.JPG,"37.5264065, -122.323374",2024-04-07 09:18:15,1,0.9985118508338928,5.616,American Robin (Adult),American Robin (Adult),American Robin (Adult),1.0,American Robin (Adult) (100.00%) | Gray-crowned Rosy-Finch (0.00%) | American Robin (Juvenile) (0.00%) | Eastern Towhee (0.00%) | MacGillivray's Warbler (0.00%)
IMG_1699.JPG,"37.118462, -122.3069824",2024-04-10 10:01:37,1,0.9992979764938354,5.904,Turkey Vulture,Turkey Vulture,Turkey Vulture,1.0,Turkey Vulture (100.00%) | Golden Eagle (Adult) (0.00%) | Chihuahuan Raven (0.00%) | Common Raven (0.00%) | Black Vulture (0.00%)
IMG_1700.JPG,"37.118462, -122.3069824",2024-04-10 10:01:42,1,0.99801105260849,5.051,,,Heermann's Gull (Immature),0.425,Heermann's Gull (Immature) (42.55%) | Turkey Vulture (29.36%) | Great Cormorant (Adult) (18.43%) | Rough-legged Hawk (Dark morph) (6.35%) | Common Raven (3.11%)
IMG_1712.JPG,"37.118462, -122.3069824",2024-04-10 10:41:42,1,0.9994029998779297,7.492,Northern Harrier (Adult male),Northern Harrier (Adult male),Northern Harrier (Adult male),1.0,Northern Harrier (Adult male) (100.00%) | Ring-billed Gull (Immature) (0.00%) | Red-shouldered Hawk (Immature) (0.00%) | American Crow (0.00%) | Northern Flicker (Red-shafted) (0.00%)
IMG_1713.JPG,"37.118462, -122.3069824",2024-04-10 10:41:48,1,0.9691251516342163,7.968,,,Swainson's Hawk (Dark morph ),0.665,"Swainson's Hawk (Dark morph ) (66.46%) | Northern Harrier (Adult male) (31.93%) | Scaled Quail (1.26%) | Cooper's Hawk (Adult) (0.09%) | Northern Harrier (Female, immature) (0.06%)"
IMG_1714.JPG,"37.118462, -122.3069824",2024-04-10 10:41:50,1,0.9760260581970215,7.449,Northern Harrier,Northern Harrier,Northern Harrier (Adult male),0.996,"Northern Harrier (Adult male) (99.60%) | Northern Harrier (Female, immature) (0.33%) | Rough-legged Hawk (Light morph) (0.05%) | Red-shouldered Hawk (Immature) (0.01%) | Osprey (0.00%)"
IMG_1721.JPG,"37.118462, -122.3069824",2024-04-10 10:48:50,1,0.9993250370025635,6.921,Turkey Vulture,Turkey Vulture,Turkey Vulture,1.0,Turkey Vulture (100.00%) | Golden Eagle (Adult) (0.00%) | Common Raven (0.00%) | Black Vulture (0.00%) | Brandt's Cormorant (0.00%)
IMG_1723.JPG,"37.118462, -122.3069824",2024-04-10 10:49:02,1,0.9995893836021423,6.543,Turkey Vulture,Turkey Vulture,Turkey Vulture,1.0,"Turkey Vulture (99.99%) | Golden Eagle (Adult) (0.01%) | Chihuahuan Raven (0.00%) | Northern Harrier (Female, immature) (0.00%) | Black Vulture (0.00%)"
IMG_1796.JPG,"37.118462, -122.3069824",2024-04-10 11:51:16,1,0.9948875308036804,4.514,Gull,Manual: Western Gull,Western Gull (Adult),0.819,Western Gull (Adult) (81.92%) | Great Black-backed Gull (Adult) (18.07%) | California Gull (Adult) (0.00%) | Herring Gull (Adult) (0.00%) | Mew Gull (0.00%)
IMG_1856.JPG,"37.118462, -122.3069824",2024-04-10 12:27:08,1,0.9992352724075317,7.25,Gull,Manual: Western Gull,Western Gull (Immature),1.0,Western Gull (Immature) (100.00%) | Glaucous-winged Gull (Immature) (0.00%) | California Gull (Immature) (0.00%) | Herring Gull (Immature) (0.00%) | Heermann's Gull (Immature) (0.00%)
IMG_1874.JPG,"37.118462, -122.3069824",2024-04-10 13:02:56,2,0.9959744811058044,8.461,,,,0,
IMG_1876.JPG,"37.118462, -122.3069824",2024-04-10 13:03:37,1,0.9990990161895752,5.446,,,Black Scoter (Female/juvenile),0.864,Black Scoter (Female/juvenile) (86.36%) | Surf Scoter (Female/immature) (11.19%) | Ruddy Duck (Female/juvenile) (2.39%) | Harlequin Duck (Female/juvenile) (0.03%) | Great Black-backed Gull (Adult) (0.00%)
IMG_1881.JPG,"37.118462, -122.3069824",2024-04-10 13:04:15,2,0.9975670576095581,5.766,,,,0,
IMG_1882.JPG,"37.118462, -122.3069824",2024-04-10 13:04:17,2,0.9886184930801392,5.707,,,,0,
IMG_1885.JPG,No GPS Data,2024-04-10 13:06:16,0,0,0.0,,,,0,
IMG_1904.JPG,"37.118462, -122.3069824",2024-04-10 14:59:23,1,0.9992735981941223,5.688,Brewer's Blackbird (Female/Juvenile),Brewer's Blackbird (Female/Juvenile),Brewer's Blackbird (Female/Juvenile),1.0,Brewer's Blackbird (Female/Juvenile) (99.98%) | Rusty Blackbird (0.01%) | Bronzed Cowbird (0.01%) | Brewer's Blackbird (Male) (0.00%) | Boat-tailed Grackle (0.00%)
IMG_1921.JPG,No GPS Data,2024-04-11 11:00:13,0,0,0.0,,,,0,
IMG_1923.JPG,"37.318098, -122.198808",2024-04-11 11:26:08,2,0.9991689920425415,4.574,,,,0,
IMG_2038.JPG,"37.5870246, -122.3257861",2024-04-20 07:14:55,3,0.9797607660293579,4.044,,,,0,
IMG_2046.JPG,"37.5870246, -122.3257861",2024-04-20 07:26:28,1,0.9997051358222961,4.74,Western/Clark's Grebe,Manual: Clark's Grebe,Clark's Grebe,1.0,Clark's Grebe (99.99%) | Western Grebe (0.01%) | Horned Grebe (Nonbreeding/juvenile) (0.00%) | Greater Yellowlegs (0.00%) | Eared Grebe (Nonbreeding/juvenile) (0.00%)
IMG_2054.JPG,"37.5870246, -122.3257861",2024-04-20 07:31:19,6,0.9984460473060608,6.895,,,,0,
IMG_2055.JPG,"37.5870246, -122.3257861",2024-04-20 07:31:19,4,0.9991275668144226,6.056,,,,0,
IMG_2056.JPG,"37.5870246, -122.3257861",2024-04-20 07:31:34,1,0.9994107484817505,4.781,Least Sandpiper,Least Sandpiper,Least Sandpiper,1.0,Least Sandpiper (100.00%) | Ruddy Turnstone (0.00%) | Surfbird (0.00%) | Rough-legged Hawk (Light morph) (0.00%) | Semipalmated Sandpiper (0.00%)
IMG_2063.JPG,No GPS Data,2024-04-20 07:38:18,0,0,0.0,,Manual: Double-crested Cormorant,,0,
IMG_2064.JPG,"37.5870246, -122.3257861",2024-04-20 07:38:19,1,0.9986894726753235,4.984,Double-crested Cormorant (Adult),Double-crested Cormorant (Adult),Double-crested Cormorant (Adult),1.0,Double-crested Cormorant (Adult) (100.00%) | Neotropic Cormorant (0.00%) | Great Cormorant (Adult) (0.00%) | Lesser Scaup (Breeding male) (0.00%) | Ruby-throated Hummingbird (Adult Male) (0.00%)
IMG_2065.JPG,"37.5870246, -122.3257861",2024-04-20 07:39:08,1,0.9989940524101257,6.062,Black Phoebe,Black Phoebe,Black Phoebe,1.0,Black Phoebe (100.00%) | Eastern Phoebe (0.00%) | Vermilion Flycatcher (Adult male) (0.00%) | Eastern Kingbird (0.00%) | Bank Swallow (0.00%)
IMG_2067.JPG,"37.5870246, -122.3257861",2024-04-20 07:41:21,1,0.9992114305496216,3.569,American Coot,American Coot,American Coot,1.0,American Coot (100.00%) | Common Gallinule (Adult) (0.00%) | Pigeon Guillemot (Breeding) (0.00%) | Common Eider (Immature/Eclipse male) (0.00%) | Heermann's Gull (Immature) (0.00%)
IMG_2075.JPG,"37.5870246, -122.3257861",2024-04-20 07:42:11,2,0.8954638838768005,5.675,,,,0,
IMG_2107.JPG,"37.5870246, -122.3257861",2024-04-20 07:57:59,1,0.9987499713897705,6.202,Willet,Willet,Willet,0.998,Willet (99.81%) | Common Gallinule (Immature) (0.12%) | Western Gull (Immature) (0.04%) | Red-throated Loon (Nonbreeding/juvenile) (0.02%) | Red-headed Woodpecker (Immature) (0.00%)
IMG_2110.JPG,"37.5870246, -122.3257861",2024-04-20 08:00:08,26,0.9698579907417297,9.099,,,,0,
IMG_2126.JPG,"37.5870246, -122.3257861",2024-04-20 08:06:02,1,0.9995648264884949,6.661,Western/Clark's Grebe,Manual: Clark's Grebe,Clark's Grebe,1.0,Clark's Grebe (99.97%) | Western Grebe (0.02%) | Horned Grebe (Nonbreeding/juvenile) (0.00%) | Red-necked Grebe (Nonbreeding/juvenile) (0.00%) | Northern Flicker (Red-shafted) (0.00%)
IMG_2130.JPG,"37.5870246, -122.3257861",2024-04-20 08:08:26,30,0.771521806716919,8.552,,,,0,
IMG_2131.JPG,No GPS Data,2024-04-20 08:08:49,0,0,0.0,,,,0,
IMG_2142.JPG,"37.5870246, -122.3257861",2024-04-20 08:13:09,1,0.99898761510849,6.017,Western/Clark's Grebe,Manual: Clark's Grebe,Clark's Grebe,0.999,Clark's Grebe (99.94%) | Western Grebe (0.06%) | Red-necked Grebe (Nonbreeding/juvenile) (0.00%) | Red-throated Loon (Nonbreeding/juvenile) (0.00%) | Red-necked Grebe (Breeding) (0.00%)
IMG_2144.JPG,"37.5870246, -122.3257861",2024-04-20 08:14:45,40,0.7593383193016052,8.162,,,,0,
IMG_2153.JPG,"37.5870246, -122.3257861",2024-04-20 08:36:10,1,0.999420166015625,6.762,Brown-headed Cowbird (Male),Brown-headed Cowbird (Male),Brown-headed Cowbird (Male),0.997,Brown-headed Cowbird (Male) (99.69%) | Bronzed Cowbird (0.21%) | Brewer's Blackbird (Male) (0.04%) | Eastern Meadowlark (0.03%) | Rusty Blackbird (0.02%)
IMG_2163.JPG,"37.5870246, -122.3257861",2024-04-20 09:10:26,28,0.7582946419715881,9.254,,,,0,
IMG_2169.JPG,"37.5870246, -122.3257861",2024-04-20 09:10:55,21,0.755719006061554,7.605,,,,0,
IMG_2175.JPG,"37.5870246, -122.3257861",2024-04-20 09:12:12,27,0.9293754696846008,8.187,,,,0,
IMG_2176.JPG,"37.5870246, -122.3257861",2024-04-20 09:12:18,28,0.7305575609207153,7.845,,,,0,
IMG_2179.JPG,"37.5870246, -122.3257861",2024-04-20 09:13:29,1,0.9952080845832825,7.135,Caspian Tern,Caspian Tern,Caspian Tern,1.0,Caspian Tern (100.00%) | Eared Grebe (Breeding) (0.00%) | Laughing Gull (Nonbreeding/Immature) (0.00%) | Common Tern (0.00%) | Black Tern (0.00%)
IMG_2181.JPG,"37.5870246, -122.3257861",2024-04-20 09:13:34,1,0.9989122152328491,7.827,Caspian Tern,Caspian Tern,Caspian Tern,1.0,Caspian Tern (100.00%) | Black Skimmer (0.00%) | Common Gallinule (Adult) (0.00%) | Forster's Tern (0.00%) | Common Merganser (Breeding male) (0.00%)
IMG_2182.JPG,"37.5870246, -122.3257861",2024-04-20 09:13:35,1,0.9985613226890564,6.79,Caspian Tern,Caspian Tern,Caspian Tern,0.999,Caspian Tern (99.88%) | Common Tern (0.10%) | Great Egret (0.02%) | Forster's Tern (0.00%) | Royal Tern (0.00%)
IMG_2183.JPG,"37.5870246, -122.3257861",2024-04-20 09:13:39,1,0.9993114471435547,7.541,Caspian Tern,Caspian Tern,Caspian Tern,1.0,"Caspian Tern (100.00%) | Royal Tern (0.00%) | Northern Gannet (Adult, Subadult) (0.00%) | Reddish Egret (White morph) (0.00%) | Common Merganser (Breeding male) (0.00%)"
IMG_2190.JPG,"37.5870246, -122.3257861",2024-04-20 09:41:42,3,0.9983227849006653,6.642,,,,0,
IMG_2196.JPG,"37.5870246, -122.3257861",2024-04-20 09:56:58,1,0.9992511868476868,5.293,Surf Scoter (Female/immature),Surf Scoter (Female/immature),Surf Scoter (Female/immature),1.0,Surf Scoter (Female/immature) (99.97%) | White-winged Scoter (Female/juvenile) (0.02%) | Common Eider (Female/juvenile) (0.01%) | Black Scoter (Female/juvenile) (0.00%) | Common Loon (Nonbreeding/juvenile) (0.00%)
IMG_2232.JPG,"37.521596808834346, -122.24997017248292",2024-04-27 10:14:39,1,0.9974623918533325,9.022,,,Royal Tern,0.631,Royal Tern (63.08%) | Clark's Grebe (19.74%) | Caspian Tern (10.79%) | Common Gallinule (Adult) (4.10%) | Great Egret (1.57%)
IMG_2254.JPG,"37.521596808834346, -122.24997017248292",2024-04-27 10:19:18,2,0.9953557252883911,7.935,,,,0,
IMG_2262.JPG,"37.521596808834346, -122.24997017248292",2024-04-27 10:20:15,4,0.9968588352203369,6.646,,,,0,
IMG_2263.JPG,"37.521596808834346, -122.24997017248292",2024-04-27 10:21:00,2,0.9803138375282288,4.324,,,,0,
IMG_2273.JPG,"37.521596808834346, -122.24997017248292",2024-04-27 10:22:32,1,0.998195230960846,5.441,Mallard (Breeding male),Mallard (Breeding male),Mallard (Breeding male),1.0,Mallard (Breeding male) (100.00%) | American Black Duck (0.00%) | Greater Scaup (Breeding male) (0.00%) | American Wigeon (Breeding male) (0.00%) | Mallard (Female/Eclipse male) (0.00%)
IMG_2274.JPG,"37.521596808834346, -122.24997017248292",2024-04-27 10:23:02,1,0.9991503953933716,4.556,Black Phoebe,Black Phoebe,Black Phoebe,1.0,Black Phoebe (100.00%) | Eastern Phoebe (0.00%) | Eastern Kingbird (0.00%) | Vermilion Flycatcher (Adult male) (0.00%) | Eastern Bluebird (0.00%)
IMG_2307.JPG,"37.521596808834346, -122.24997017248292",2024-04-27 10:33:56,1,0.9995555281639099,6.458,Red-winged Blackbird (Female/juvenile),Red-winged Blackbird (Female/juvenile),Red-winged Blackbird (Female/juvenile),1.0,Red-winged Blackbird (Female/juvenile) (100.00%) | Brewer's Blackbird (Female/Juvenile) (0.00%) | Rusty Blackbird (0.00%) | Bronzed Cowbird (0.00%) | Herring Gull (Immature) (0.00%)
IMG_2313.JPG,"37.521596808834346, -122.24997017248292",2024-04-27 10:34:48,2,0.9911223649978638,4.46,,,,0,
IMG_2321.JPG,"37.521596808834346, -122.24997017248292",2024-04-27 10:35:59,1,0.9990023970603943,5.777,Ruddy Duck,Ruddy Duck,Ruddy Duck (Female/juvenile),1.0,Ruddy Duck (Female/juvenile) (99.99%) | Ruddy Duck (Winter male) (0.01%) | Black Scoter (Female/juvenile) (0.00%) | Common Loon (Nonbreeding/juvenile) (0.00%) | Wood Duck (Female/Eclipse male) (0.00%)
IMG_2333.JPG,"37.521596808834346, -122.24997017248292",2024-04-27 10:38:31,3,0.7892997860908508,9.109,,,,0,
IMG_2458.JPG,"37.5305145, -122.2623181",2024-05-11 09:27:21,1,0.9991253018379211,5.314,American Robin,American Robin,American Robin (Adult),1.0,American Robin (Adult) (100.00%) | American Robin (Juvenile) (0.00%) | Varied Thrush (0.00%) | Eastern Towhee (0.00%) | European Starling (Breeding Adult) (0.00%)
IMG_2502.JPG,"37.5305145, -122.2623181",2024-05-11 10:40:05,3,0.9775370359420776,8.043,,,,0,
IMG_2503.JPG,"37.5305145, -122.2623181",2024-05-11 10:43:27,1,0.9985640645027161,6.418,Black Phoebe,Black Phoebe,Black Phoebe,1.0,Black Phoebe (100.00%) | Eastern Kingbird (0.00%) | Eastern Phoebe (0.00%) | Eastern Wood-Pewee (0.00%) | Bank Swallow (0.00%)
IMG_2514.JPG,"37.5305145, -122.2623181",2024-05-11 11:02:19,1,0.9642380475997925,4.058,Western Bluebird,Western Bluebird,Western Bluebird,1.0,Western Bluebird (100.00%) | Rufous Hummingbird (Adult Male) (0.00%) | Red-headed Woodpecker (Adult) (0.00%) | Orchard Oriole (Adult Male) (0.00%) | Florida Scrub-Jay (0.00%)
IMG_2515.JPG,"37.5305145, -122.2623181",2024-05-11 11:02:21,1,0.9985069632530212,4.609,Western Bluebird,Western Bluebird,Western Bluebird,1.0,Western Bluebird (100.00%) | Rufous Hummingbird (Adult Male) (0.00%) | Florida Scrub-Jay (0.00%) | Red-headed Woodpecker (Adult) (0.00%) | Prothonotary Warbler (0.00%)
IMG_2519.JPG,"37.5305145, -122.2623181",2024-05-11 11:15:19,1,0.9994947910308838,4.665,Western Bluebird,Western Bluebird,Western Bluebird,1.0,Western Bluebird (99.97%) | Eastern Bluebird (0.03%) | Prothonotary Warbler (0.00%) | Mexican Jay (0.00%) | Red-headed Woodpecker (Adult) (0.00%)
IMG_2528.JPG,"37.5264065, -122.323374",2024-05-12 08:46:16,1,0.9965840578079224,3.631,Bushtit,Bushtit,Bushtit,1.0,Bushtit (100.00%) | Oak Titmouse (0.00%) | Eastern Phoebe (0.00%) | Ruby-crowned Kinglet (0.00%) | Warbling Vireo (0.00%)
IMG_2530.JPG,"37.5264065, -122.323374",2024-05-12 08:46:34,1,0.998354971408844,4.979,Chestnut-backed Chickadee,Chestnut-backed Chickadee,Chestnut-backed Chickadee,1.0,Chestnut-backed Chickadee (100.00%) | Boreal Chickadee (0.00%) | Song Sparrow (0.00%) | Indigo Bunting (Female/juvenile) (0.00%) | Dark-eyed Junco (Oregon) (0.00%)
IMG_2536.JPG,"37.5264065, -122.323374",2024-05-12 08:47:00,1,0.9984241724014282,3.882,,,Chestnut-backed Chickadee,0.859,Chestnut-backed Chickadee (85.95%) | Yellow-rumped Warbler (Breeding Myrtle) (6.96%) | Song Sparrow (2.63%) | Wilson's Phalarope (Breeding) (1.29%) | Rufous Hummingbird (Adult Male) (0.91%)
IMG_2537.JPG,"37.5264065, -122.323374",2024-05-12 08:47:01,1,0.9965953230857849,3.518,Chestnut-backed Chickadee,Chestnut-backed Chickadee,Chestnut-backed Chickadee,1.0,Chestnut-backed Chickadee (100.00%) | Boreal Chickadee (0.00%) | Yellow-billed Cuckoo (0.00%) | Western Bluebird (0.00%) | Dark-eyed Junco (Oregon) (0.00%)
IMG_2554.JPG,"37.5264065, -122.323374",2024-05-12 09:02:41,1,0.9969848990440369,4.412,Chestnut-backed Chickadee,Chestnut-backed Chickadee,Chestnut-backed Chickadee,1.0,Chestnut-backed Chickadee (100.00%) | House Sparrow (Male) (0.00%) | Western Scrub-Jay (0.00%) | Ruby-throated Hummingbird (Adult Male) (0.00%) | Orchard Oriole (Immature Male) (0.00%)
IMG_2555.JPG,"37.5264065, -122.323374",2024-05-12 09:02:42,1,0.9988307356834412,4.308,Chestnut-backed Chickadee,Chestnut-backed Chickadee,Chestnut-backed Chickadee,1.0,Chestnut-backed Chickadee (100.00%) | Orchard Oriole (Immature Male) (0.00%) | Western Scrub-Jay (0.00%) | House Sparrow (Male) (0.00%) | Song Sparrow (0.00%)
IMG_2556.JPG,"37.5264065, -122.323374",2024-05-12 09:02:43,1,0.9988903403282166,3.495,Chestnut-backed Chickadee,Chestnut-backed Chickadee,Chestnut-backed Chickadee,1.0,Chestnut-backed Chickadee (100.00%) | Brown-headed Nuthatch (0.00%) | Chipping Sparrow (Breeding) (0.00%) | Indigo Bunting (Female/juvenile) (0.00%) | Great Cormorant (Adult) (0.00%)
IMG_2608.JPG,"37.5264065, -122.323374",2024-05-12 09:22:10,1,0.9988681077957153,5.81,European Starling (Breeding Adult),European Starling (Breeding Adult),European Starling (Breeding Adult),1.0,European Starling (Breeding Adult) (100.00%) | Broad-billed Hummingbird (Adult Male) (0.00%) | Fish Crow (0.00%) | Yellow-billed Magpie (0.00%) | Rough-legged Hawk (Dark morph) (0.00%)
IMG_2609.JPG,"37.5264065, -122.323374",2024-05-12 09:22:12,2,0.9990013241767883,7.168,,,,0,
IMG_2611.JPG,"37.5264065, -122.323374",2024-05-12 09:22:15,1,0.9972593784332275,6.039,European Starling (Breeding Adult),European Starling (Breeding Adult),European Starling (Breeding Adult),1.0,European Starling (Breeding Adult) (100.00%) | Broad-billed Hummingbird (Adult Male) (0.00%) | Fish Crow (0.00%) | Yellow-billed Magpie (0.00%) | Yellow-billed Cuckoo (0.00%)
IMG_2614.JPG,"37.5264065, -122.323374",2024-05-12 09:22:19,2,0.8406237363815308,6.222,,,,0,
IMG_2628.JPG,"37.5264065, -122.323374",2024-05-12 10:48:19,1,0.9970728158950806,6.769,Red-tailed Hawk (Light morph adult),Red-tailed Hawk (Light morph adult),Red-tailed Hawk (Light morph adult),0.999,"Red-tailed Hawk (Light morph adult) (99.91%) | Allen's Hummingbird (Female, immature) (0.09%) | Northern Harrier (Female, immature) (0.00%) | Carolina Wren (0.00%) | Common Merganser (Female/immature male) (0.00%)"
IMG_2676.JPG,"37.52864303494204, -122.25615496186735",2024-05-20 09:44:54,1,0.9989715814590454,5.069,,,Eastern Phoebe,0.523,Eastern Phoebe (52.34%) | Eastern Kingbird (25.10%) | Black Phoebe (22.53%) | Least Flycatcher (0.03%) | Fox Sparrow (Thick-billed/Slate-colored) (0.00%)
IMG_2677.JPG,"37.52864303494204, -122.25615496186735",2024-05-20 09:44:58,1,0.9950588941574097,5.918,,,Spotted Sandpiper (Nonbreeding/juvenile),0.571,Spotted Sandpiper (Nonbreeding/juvenile) (57.12%) | Eastern Kingbird (14.42%) | Eastern Meadowlark (8.09%) | Eastern Phoebe (5.07%) | Fox Sparrow (Thick-billed/Slate-colored) (4.76%)
IMG_2678.JPG,"37.52864303494204, -122.25615496186735",2024-05-20 09:47:15,1,0.9968350529670715,8.784,,,Golden Eagle (Immature),0.857,Golden Eagle (Immature) (85.73%) | Herring Gull (Immature) (10.86%) | Snow Goose (White morph) (1.08%) | Common Loon (Nonbreeding/juvenile) (0.60%) | Osprey (0.45%)
IMG_2681.JPG,"37.52864303494204, -122.25615496186735",2024-05-20 09:47:26,1,0.9956026077270508,7.349,,,"Northern Harrier (Female, immature)",0.959,"Northern Harrier (Female, immature) (95.92%) | Allen's Hummingbird (Female, immature) (1.75%) | Double-crested Cormorant (Immature) (0.61%) | California Gull (Adult) (0.55%) | Cordilleran Flycatcher (0.32%)"
IMG_2682.JPG,"37.52864303494204, -122.25615496186735",2024-05-20 09:54:27,1,0.9969083666801453,5.587,,,White-throated Sparrow (Tan-striped/immature),0.655,White-throated Sparrow (Tan-striped/immature) (65.50%) | Swamp Sparrow (27.77%) | Cassin's Finch (Female/immature) (2.90%) | Golden-crowned Sparrow (Immature) (2.76%) | Dark-eyed Junco (Slate-colored) (0.39%)
IMG_2684.JPG,"37.52864303494204, -122.25615496186735",2024-05-20 10:01:59,1,0.9986447691917419,6.744,,,Common Tern,0.623,"Common Tern (62.34%) | Great Egret (28.23%) | Forster's Tern (7.34%) | Bonaparte's Gull (0.44%) | Broad-tailed Hummingbird (Female, immature) (0.39%)"
IMG_2686.JPG,"37.52864303494204, -122.25615496186735",2024-05-20 10:04:30,1,0.9901854991912842,6.315,Northern Harrier,Northern Harrier,Northern Harrier (Adult male),1.0,"Northern Harrier (Adult male) (99.96%) | Northern Harrier (Female, immature) (0.02%) | Red-shouldered Hawk (Immature) (0.01%) | Mississippi Kite (0.00%) | Lark Bunting (Female/Nonbreeding male) (0.00%)"
IMG_2687.JPG,"37.52864303494204, -122.25615496186735",2024-05-20 10:04:31,1,0.998420000076294,7.454,,"Northern Harrier (Female, immature)","Northern Harrier (Female, immature)",0.987,"Northern Harrier (Female, immature) (98.71%) | Black-crowned Night-Heron (Immature) (0.78%) | Eastern Meadowlark (0.20%) | Laughing Gull (Nonbreeding/Immature) (0.11%) | White-throated Sparrow (Tan-striped/immature) (0.07%)"
IMG_2688.JPG,No GPS Data,2024-05-20 10:04:33,0,0,0.0,,,,0,
IMG_2689.JPG,"37.52864303494204, -122.25615496186735",2024-05-20 10:04:35,1,0.9924517273902893,7.476,,,Northern Harrier (Adult male),0.987,"Northern Harrier (Adult male) (98.69%) | Broad-winged Hawk (Adult) (0.76%) | Red-tailed Hawk (Light morph adult) (0.40%) | Northern Harrier (Female, immature) (0.14%) | Red-shouldered Hawk (Immature) (0.00%)"
IMG_2690.JPG,"37.52864303494204, -122.25615496186735",2024-05-20 10:04:37,1,0.9978200197219849,6.103,,,Northern Harrier (Adult male),0.927,Northern Harrier (Adult male) (92.69%) | Broad-winged Hawk (Adult) (7.26%) | Ring-billed Gull (Immature) (0.04%) | Red-shouldered Hawk (Immature) (0.02%) | Red-tailed Hawk (Light morph adult) (0.00%)
IMG_2691.JPG,"37.52864303494204, -122.25615496186735",2024-05-20 10:04:39,1,0.9983867406845093,5.967,,,"Northern Harrier (Female, immature)",0.942,"Northern Harrier (Female, immature) (94.19%) | California Gull (Adult) (3.10%) | Snow Goose (White morph) (0.79%) | Red-shouldered Hawk (Immature) (0.61%) | Red-tailed Hawk (Light morph adult) (0.45%)"
IMG_2694.JPG,"37.52864303494204, -122.25615496186735",2024-05-20 10:04:58,1,0.857610285282135,6.934,Northern Harrier,Northern Harrier,"Northern Harrier (Female, immature)",0.989,"Northern Harrier (Female, immature) (98.95%) | Northern Harrier (Adult male) (1.05%) | Red-tailed Hawk (Light morph adult) (0.00%) | Red-shouldered Hawk (Immature) (0.00%) | Vesper Sparrow (0.00%)"
IMG_2695.JPG,"37.52864303494204, -122.25615496186735",2024-05-20 10:05:03,1,0.8232267498970032,7.546,Northern Harrier,Northern Harrier,"Northern Harrier (Female, immature)",0.741,"Northern Harrier (Female, immature) (74.09%) | Northern Harrier (Adult male) (25.90%) | Cassin's Kingbird (0.01%) | Swainson's Hawk (Dark morph ) (0.00%) | Rough-legged Hawk (Light morph) (0.00%)"
IMG_2698.JPG,"37.52864303494204, -122.25615496186735",2024-05-20 10:06:20,1,0.9984481334686279,9.027,,Manual: Forster's Tern,Black Tern,0.999,Black Tern (99.92%) | Black Rosy-Finch (0.05%) | Laughing Gull (Nonbreeding/Immature) (0.01%) | Heermann's Gull (Immature) (0.00%) | Black Phoebe (0.00%)
IMG_2701.JPG,"37.52864303494204, -122.25615496186735",2024-05-20 10:08:27,1,0.9987761378288269,3.581,Song Sparrow,Song Sparrow,Song Sparrow,1.0,Song Sparrow (100.00%) | White-throated Sparrow (Tan-striped/immature) (0.00%) | Fox Sparrow (Red) (0.00%) | Savannah Sparrow (0.00%) | Northern Pygmy-Owl (0.00%)
IMG_2702.JPG,"37.52864303494204, -122.25615496186735",2024-05-20 10:08:33,1,0.998046875,3.569,Song Sparrow,Song Sparrow,Song Sparrow,1.0,Song Sparrow (100.00%) | Red-winged Blackbird (Female/juvenile) (0.00%) | Northern Pygmy-Owl (0.00%) | White-throated Sparrow (Tan-striped/immature) (0.00%) | Fox Sparrow (Red) (0.00%)
IMG_2704.JPG,"37.52864303494204, -122.25615496186735",2024-05-20 10:08:35,1,0.9965921640396118,4.041,Song Sparrow,Song Sparrow,Song Sparrow,1.0,Song Sparrow (100.00%) | Fox Sparrow (Red) (0.00%) | White-throated Sparrow (Tan-striped/immature) (0.00%) | Savannah Sparrow (0.00%) | Red-winged Blackbird (Female/juvenile) (0.00%)
IMG_2711.JPG,"37.52864303494204, -122.25615496186735",2024-05-20 10:10:15,1,0.9993236064910889,7.497,Forster's Tern,Forster's Tern,Common Tern,0.993,Common Tern (99.33%) | Forster's Tern (0.67%) | Black Skimmer (0.00%) | Swallow-tailed Kite (0.00%) | Ross's Goose (0.00%)
IMG_2716.JPG,"37.52864303494204, -122.25615496186735",2024-05-20 10:13:23,1,0.985090970993042,7.311,Forster's Tern,Forster's Tern,Forster's Tern,1.0,Forster's Tern (99.99%) | Common Tern (0.01%) | Black-legged Kittiwake (Adult) (0.00%) | Black Tern (0.00%) | Black Guillemot (Breeding) (0.00%)
IMG_2719.JPG,"37.52864303494204, -122.25615496186735",2024-05-20 10:20:12,1,0.9952415227890015,6.942,,,White-throated Sparrow (Tan-striped/immature),0.932,White-throated Sparrow (Tan-striped/immature) (93.18%) | Herring Gull (Immature) (3.21%) | Prairie Falcon (2.39%) | Brewer's Sparrow (0.40%) | Ruffed Grouse (0.24%)
IMG_2735.JPG,"37.52864303494204, -122.25615496186735",2024-05-20 17:30:03,1,0.9995115995407104,6.194,Snowy Egret,Snowy Egret,Snowy Egret,1.0,Snowy Egret (100.00%) | Reddish Egret (White morph) (0.00%) | Reddish Egret (Dark morph) (0.00%) | Great Egret (0.00%) | Cassin's Finch (Adult Male) (0.00%)
IMG_2736.JPG,"37.52864303494204, -122.25615496186735",2024-05-20 17:30:10,1,0.999313473701477,5.272,Snowy Egret,Snowy Egret,Snowy Egret,1.0,Snowy Egret (100.00%) | Reddish Egret (White morph) (0.00%) | Great Egret (0.00%) | Cattle Egret (0.00%) | Tundra Swan (0.00%)
IMG_2738.JPG,"37.52864303494204, -122.25615496186735",2024-05-20 17:30:24,1,0.9994295239448547,4.949,Snowy Egret,Snowy Egret,Snowy Egret,1.0,Snowy Egret (99.99%) | Reddish Egret (White morph) (0.01%) | Reddish Egret (Dark morph) (0.00%) | Cattle Egret (0.00%) | Great Egret (0.00%)
IMG_2740.JPG,"37.52864303494204, -122.25615496186735",2024-05-20 17:30:41,1,0.9990696310997009,5.359,Snowy Egret,Snowy Egret,Snowy Egret,1.0,Snowy Egret (100.00%) | Reddish Egret (White morph) (0.00%) | Tundra Swan (0.00%) | Reddish Egret (Dark morph) (0.00%) | Cattle Egret (0.00%)
IMG_2773.JPG,"37.52864303494204, -122.25615496186735",2024-05-20 18:01:55,1,0.9969647526741028,5.046,House Finch,House Finch,House Finch (Adult Male),1.0,House Finch (Adult Male) (100.00%) | House Finch (Female/immature) (0.00%) | Common Redpoll (0.00%) | Fox Sparrow (Red) (0.00%) | Cassin's Finch (Adult Male) (0.00%)
IMG_2787.JPG,"38.0078633, -120.5400932",2024-05-25 19:09:56,1,0.9994218349456787,5.554,Western Kingbird,Western Kingbird,Western Kingbird,0.999,"Western Kingbird (99.93%) | Scissor-tailed Flycatcher (0.06%) | Cassin's Kingbird (0.01%) | Vermilion Flycatcher (Female, immature) (0.00%) | Mourning Warbler (0.00%)"
IMG_2795.JPG,"38.0078633, -120.5400932",2024-05-25 19:11:58,1,0.9978140592575073,5.194,Western Kingbird,Western Kingbird,Western Kingbird,1.0,"Western Kingbird (99.97%) | Scissor-tailed Flycatcher (0.03%) | Vermilion Flycatcher (Female, immature) (0.00%) | Cassin's Kingbird (0.00%) | Laughing Gull (Nonbreeding/Immature) (0.00%)"
IMG_2803.JPG,"38.0078633, -120.5400932",2024-05-26 04:44:30,3,0.8166890144348145,6.601,,,,0,
IMG_2805.JPG,"38.0078633, -120.5400932",2024-05-26 04:50:37,1,0.9865713715553284,7.414,,,"Northern Harrier (Female, immature)",0.681,"Northern Harrier (Female, immature) (68.11%) | Indigo Bunting (Female/juvenile) (25.29%) | Canyon Towhee (4.63%) | Mallard (Female/Eclipse male) (0.88%) | Varied Thrush (0.34%)"
IMG_2811.JPG,"38.0078633, -120.5400932",2024-05-26 04:58:19,1,0.9103807806968689,7.905,,,Black-tailed Gnatcatcher,0.62,Black-tailed Gnatcatcher (61.99%) | Bewick's Wren (13.98%) | Gray Catbird (7.82%) | Chihuahuan Raven (6.85%) | Dark-eyed Junco (Red-backed/Gray-headed) (1.61%)
IMG_2812.JPG,"38.0078633, -120.5400932",2024-05-26 05:04:53,1,0.9995219707489014,5.26,European Starling (Breeding Adult),European Starling (Breeding Adult),European Starling (Breeding Adult),1.0,European Starling (Breeding Adult) (100.00%) | Brewer's Blackbird (Male) (0.00%) | Lesser Scaup (Breeding male) (0.00%) | Northern Flicker (Yellow-shafted) (0.00%) | Brown-headed Cowbird (Male) (0.00%)
IMG_2814.JPG,"38.0078633, -120.5400932",2024-05-26 05:08:43,1,0.998262345790863,5.729,Great Blue Heron,Great Blue Heron,Great Blue Heron,1.0,Great Blue Heron (100.00%) | Yellow-crowned Night-Heron (Adult) (0.00%) | Tricolored Heron (0.00%) | Reddish Egret (Dark morph) (0.00%) | Golden-crowned Sparrow (Adult) (0.00%)
IMG_2818.JPG,"38.0078633, -120.5400932",2024-05-26 05:09:36,1,0.9985195994377136,4.851,Great Blue Heron,Great Blue Heron,Great Blue Heron,1.0,Great Blue Heron (100.00%) | Tricolored Heron (0.00%) | Yellow-crowned Night-Heron (Adult) (0.00%) | Green Heron (0.00%) | Black-crowned Night-Heron (Adult) (0.00%)
IMG_2829.JPG,"38.0078633, -120.5400932",2024-05-26 05:20:05,1,0.998573899269104,5.999,Great Blue Heron,Great Blue Heron,Great Blue Heron,1.0,Great Blue Heron (99.99%) | Black-crowned Night-Heron (Adult) (0.01%) | Yellow-crowned Night-Heron (Adult) (0.00%) | Green Heron (0.00%) | Reddish Egret (Dark morph) (0.00%)
IMG_2839.JPG,"38.0078633, -120.5400932",2024-05-26 05:27:42,1,0.999565064907074,5.689,Western Bluebird,Western Bluebird,Western Bluebird,0.996,"Western Bluebird (99.57%) | Eastern Bluebird (0.42%) | Broad-tailed Hummingbird (Female, immature) (0.00%) | American Redstart (Female/juvenile) (0.00%) | Western Sandpiper (0.00%)"
IMG_2841.JPG,"38.0078633, -120.5400932",2024-05-26 05:28:51,1,0.9987307190895081,5.877,,Manual: California Towhee,Abert's Towhee,1.0,"Abert's Towhee (99.97%) | California Towhee (0.01%) | Allen's Hummingbird (Female, immature) (0.01%) | Common Yellowthroat (Female/immature male) (0.00%) | MacGillivray's Warbler (0.00%)"
IMG_2847.JPG,"38.0078633, -120.5400932",2024-05-26 05:51:52,1,0.9992203712463379,4.691,,Manual: California Scrub-Jay,Eastern Towhee,0.99,Eastern Towhee (98.95%) | Western Scrub-Jay (0.98%) | Florida Scrub-Jay (0.07%) | Rufous Hummingbird (Adult Male) (0.00%) | Black-tailed Gnatcatcher (0.00%)
IMG_2859.JPG,"38.0078633, -120.5400932",2024-05-26 07:03:44,1,0.9916302561759949,6.101,,,Eastern Phoebe,0.873,Eastern Phoebe (87.25%) | Orchard Oriole (Immature Male) (6.83%) | Ash-throated Flycatcher (3.13%) | Eastern Meadowlark (1.93%) | Boat-tailed Grackle (0.56%)
IMG_2869.JPG,"38.0078633, -120.5400932",2024-05-26 08:36:20,1,0.9995606541633606,7.507,Red-tailed Hawk,Red-tailed Hawk,Red-tailed Hawk (Light morph adult),0.98,Red-tailed Hawk (Light morph adult) (97.99%) | Red-tailed Hawk (Dark morph) (1.90%) | Red-tailed Hawk (Light morph immature) (0.06%) | Red-shouldered Hawk (Immature) (0.05%) | Golden Eagle (Adult) (0.00%)
IMG_2870.JPG,No GPS Data,2024-05-26 08:36:31,0,0,0.0,,,,0,
IMG_2921.JPG,"38.0078633, -120.5400932",2024-05-27 05:15:16,1,0.9466875791549683,7.014,,,Ash-throated Flycatcher,0.317,"Ash-throated Flycatcher (31.75%) | Hermit Thrush (31.38%) | Red-tailed Hawk (Light morph adult) (13.20%) | Allen's Hummingbird (Female, immature) (11.61%) | Bohemian Waxwing (5.41%)"
IMG_2922.JPG,"38.0078633, -120.5400932",2024-05-27 05:15:23,1,0.9993429780006409,4.626,Ash-throated Flycatcher,Ash-throated Flycatcher,Ash-throated Flycatcher,1.0,"Ash-throated Flycatcher (100.00%) | Black-chinned Hummingbird (Female, immature) (0.00%) | Yellow-billed Cuckoo (0.00%) | Western Wood-Pewee (0.00%) | Scissor-tailed Flycatcher (0.00%)"
IMG_2928.JPG,"38.0078633, -120.5400932",2024-05-27 05:17:00,1,0.997645914554596,4.116,Ash-throated Flycatcher,Ash-throated Flycatcher,Ash-throated Flycatcher,1.0,Ash-throated Flycatcher (100.00%) | Western Wood-Pewee (0.00%) | Great Crested Flycatcher (0.00%) | Black Phoebe (0.00%) | Scissor-tailed Flycatcher (0.00%)
IMG_2930.JPG,No GPS Data,2024-05-27 05:17:12,0,0,0.0,,,,0,
IMG_2939.JPG,"38.0078633, -120.5400932",2024-05-27 05:26:07,2,0.9942488670349121,3.54,,,,0,
IMG_2940.JPG,"38.0078633, -120.5400932",2024-05-27 05:26:10,1,0.9986653327941895,3.752,Oak Titmouse,Oak Titmouse,Oak Titmouse,1.0,Oak Titmouse (100.00%) | Tufted Titmouse (0.00%) | Bridled Titmouse (0.00%) | Verdin (0.00%) | Northern Cardinal (Female/Juvenile) (0.00%)
IMG_2943.JPG,"38.0078633, -120.5400932",2024-05-27 05:28:07,2,0.7620816826820374,6.093,,,,0,
IMG_2944.JPG,No GPS Data,2024-05-27 05:29:50,0,0,0.0,,,,0,
IMG_2946.JPG,"38.0078633, -120.5400932",2024-05-27 05:30:53,1,0.9887241721153259,4.273,Killdeer,Killdeer,Killdeer,1.0,Killdeer (100.00%) | Western Scrub-Jay (0.00%) | Long-tailed Duck (Female/juvenile) (0.00%) | Solitary Sandpiper (0.00%) | Horned Grebe (Nonbreeding/juvenile) (0.00%)
IMG_2951.JPG,"38.0078633, -120.5400932",2024-05-27 05:42:22,2,0.9278846383094788,5.99,,Manual: Great Blue Heron,,0,
IMG_2954.JPG,"38.0078633, -120.5400932",2024-05-27 05:42:56,1,0.9945465326309204,3.271,,Manual: Great Blue Heron,Cattle Egret,0.97,Cattle Egret (97.05%) | Great Blue Heron (1.81%) | Reddish Egret (Dark morph) (0.50%) | Anhinga (0.48%) | Yellow-crowned Night-Heron (Adult) (0.04%)
IMG_2955.JPG,"38.0078633, -120.5400932",2024-05-27 05:43:16,1,0.9972146153450012,3.184,,Manual: Great Blue Heron,Chihuahuan Raven,0.447,Chihuahuan Raven (44.67%) | Yellow-crowned Night-Heron (Adult) (22.90%) | Reddish Egret (Dark morph) (15.45%) | Cassin's Kingbird (4.80%) | Swainson's Hawk (Dark morph ) (2.72%)
IMG_2957.JPG,"38.0078633, -120.5400932",2024-05-27 05:43:25,2,0.9620032906532288,3.264,,Manual: Great Blue Heron,,0,
IMG_2960.JPG,"38.0078633, -120.5400932",2024-05-27 05:43:31,2,0.98002690076828,3.218,,Manual: Great Blue Heron,,0,
IMG_2961.JPG,"38.0078633, -120.5400932",2024-05-27 05:43:34,3,0.9846299290657043,4.073,,Manual: Great Blue Heron,,0,
IMG_2963.JPG,"38.0078633, -120.5400932",2024-05-27 05:43:40,2,0.9367173314094543,3.978,,Manual: Great Blue Heron,,0,
IMG_2964.JPG,"38.0078633, -120.5400932",2024-05-27 05:43:43,2,0.879591703414917,6.474,,Manual: Great Blue Heron,,0,
IMG_2965.JPG,"38.0078633, -120.5400932",2024-05-27 05:43:46,1,0.9701567888259888,3.0,,Manual: Great Blue Heron,Great Blue Heron,0.736,Great Blue Heron (73.60%) | Yellow-crowned Night-Heron (Adult) (23.60%) | Great Cormorant (Immature) (0.87%) | Chimney Swift (0.68%) | Cattle Egret (0.31%)
IMG_2966.JPG,No GPS Data,2024-05-27 05:43:51,0,0,0.0,,Manual: Great Blue Heron,,0,
IMG_2967.JPG,"38.0078633, -120.5400932",2024-05-27 05:44:31,1,0.9990678429603577,3.833,,,Ash-throated Flycatcher,0.856,"Ash-throated Flycatcher (85.64%) | Black-chinned Hummingbird (Female, immature) (7.69%) | Scissor-tailed Flycatcher (3.45%) | Great Crested Flycatcher (1.40%) | Spotted Sandpiper (Nonbreeding/juvenile) (0.65%)"
IMG_2968.JPG,No GPS Data,2024-05-27 05:47:49,0,0,0.0,,,,0,
IMG_2970.JPG,No GPS Data,2024-05-27 05:47:57,0,0,0.0,,,,0,
IMG_2971.JPG,"38.0078633, -120.5400932",2024-05-27 05:48:31,1,0.9996355772018433,6.071,Acorn Woodpecker,Acorn Woodpecker,Acorn Woodpecker,1.0,Acorn Woodpecker (100.00%) | Horned Grebe (Nonbreeding/juvenile) (0.00%) | Red-naped Sapsucker (0.00%) | Gambel's Quail (Male) (0.00%) | Red-headed Woodpecker (Immature) (0.00%)
IMG_2975.JPG,"38.0078633, -120.5400932",2024-05-27 05:52:42,1,0.9981671571731567,3.539,Great Blue Heron,Great Blue Heron,Great Blue Heron,1.0,Great Blue Heron (100.00%) | Black-crowned Night-Heron (Adult) (0.00%) | Green Heron (0.00%) | Yellow-crowned Night-Heron (Adult) (0.00%) | Tricolored Heron (0.00%)
IMG_2980.JPG,"38.0078633, -120.5400932",2024-05-27 13:53:04,1,0.9526872038841248,5.964,Western Kingbird,,Western Kingbird,1.0,Western Kingbird (99.99%) | Golden-fronted Woodpecker (0.01%) | Mourning Warbler (0.00%) | Great Crested Flycatcher (0.00%) | Cassin's Kingbird (0.00%)
IMG_3052.JPG,"37.52182458381996, -122.24954319487924",2024-06-09 11:01:23,1,0.9993762373924255,5.574,Gull,Manual: California Gull,Great Black-backed Gull (Adult),0.984,"Great Black-backed Gull (Adult) (98.41%) | California Gull (Adult) (1.07%) | Black-chinned Hummingbird (Female, immature) (0.23%) | Glaucous-winged Gull (Adult) (0.14%) | Ring-billed Gull (Immature) (0.07%)"
IMG_3056.JPG,"37.52182458381996, -122.24954319487924",2024-06-09 11:04:02,1,0.9994763731956482,6.297,Forster's Tern,Forster's Tern,Common Tern,0.997,Common Tern (99.69%) | Forster's Tern (0.31%) | Glaucous-winged Gull (Adult) (0.00%) | Black Skimmer (0.00%) | Black-legged Kittiwake (Adult) (0.00%)
IMG_3061.JPG,"37.52182458381996, -122.24954319487924",2024-06-09 11:06:18,1,0.9991057515144348,6.466,,,Snowy Egret,0.967,Snowy Egret (96.73%) | Great Egret (3.10%) | Forster's Tern (0.14%) | Reddish Egret (White morph) (0.03%) | Swamp Sparrow (0.00%)
IMG_3073.JPG,"37.52182458381996, -122.24954319487924",2024-06-09 11:19:06,1,0.9970420002937317,5.2,Green Heron or Young Black-crowned Night-Heron,Manual: Green Heron,Green Heron,1.0,Green Heron (100.00%) | Yellow-crowned Night-Heron (Adult) (0.00%) | Band-tailed Pigeon (0.00%) | Cassin's Kingbird (0.00%) | European Starling (Juvenile) (0.00%)
IMG_3075.JPG,"37.52182458381996, -122.24954319487924",2024-06-09 11:19:35,1,0.9981403350830078,3.331,Green Heron or Young Black-crowned Night-Heron,Manual: Green Heron,Green Heron,1.0,Green Heron (100.00%) | Cassin's Kingbird (0.00%) | Yellow-crowned Night-Heron (Adult) (0.00%) | Black-crowned Night-Heron (Adult) (0.00%) | European Starling (Juvenile) (0.00%)
IMG_3080.JPG,"37.52182458381996, -122.24954319487924",2024-06-09 11:21:23,3,0.9983103275299072,5.907,,,,0,
IMG_3092.JPG,"37.52182458381996, -122.24954319487924",2024-06-09 11:25:10,1,0.9994995594024658,2.762,,,Reddish Egret (Dark morph),0.611,Reddish Egret (Dark morph) (61.13%) | Little Blue Heron (Adult) (22.35%) | Great Blue Heron (14.79%) | Yellow-crowned Night-Heron (Adult) (0.74%) | Glossy Ibis (0.58%)
IMG_3099.JPG,"37.52182458381996, -122.24954319487924",2024-06-09 11:33:26,1,0.9994640946388245,7.541,,,Caspian Tern,0.563,Caspian Tern (56.28%) | Common Tern (43.27%) | Forster's Tern (0.44%) | Royal Tern (0.00%) | Black-crowned Night-Heron (Adult) (0.00%)
IMG_3105.JPG,"37.52182458381996, -122.24954319487924",2024-06-09 11:39:05,1,0.9974879026412964,5.887,House Finch (Female/immature),House Finch (Female/immature),House Finch (Female/immature),1.0,House Finch (Female/immature) (100.00%) | Purple Finch (Female/immature) (0.00%) | Cassin's Finch (Female/immature) (0.00%) | Pine Siskin (0.00%) | Lesser Goldfinch (Female/juvenile) (0.00%)
IMG_3119.JPG,"37.52182458381996, -122.24954319487924",2024-06-09 11:53:40,1,0.9983348250389099,4.233,,,Inca Dove,0.793,Inca Dove (79.30%) | Mourning Dove (19.20%) | Eurasian Collared-Dove (1.37%) | White-winged Dove (0.10%) | Cassin's Kingbird (0.01%)
IMG_3137.JPG,"37.4986248, -122.2212947",2024-06-15 10:54:51,1,0.999333918094635,7.928,Red-tailed Hawk,Red-tailed Hawk,Red-tailed Hawk (Light morph adult),1.0,Red-tailed Hawk (Light morph adult) (100.00%) | Red-tailed Hawk (Light morph immature) (0.00%) | Osprey (0.00%) | Downy Woodpecker (0.00%) | California Gull (Adult) (0.00%)
IMG_3145.JPG,"37.4986248, -122.2212947",2024-06-15 11:17:46,1,0.9971799850463867,6.672,,,Cliff Swallow,0.518,Cliff Swallow (51.77%) | Cave Swallow (36.92%) | Violet-green Swallow (2.58%) | Great Cormorant (Adult) (2.45%) | Varied Thrush (1.92%)
IMG_3147.JPG,No GPS Data,2024-06-15 11:17:49,0,0,0.0,,,,0,
IMG_3148.JPG,No GPS Data,2024-06-15 11:17:50,0,0,0.0,,,,0,
IMG_3149.JPG,No GPS Data,2024-06-15 11:17:51,0,0,0.0,,,,0,
IMG_3150.JPG,"37.4986248, -122.2212947",2024-06-15 11:18:30,1,0.9275628924369812,8.244,Forster's Tern,Forster's Tern,Forster's Tern,0.998,Forster's Tern (99.82%) | Black-legged Kittiwake (Adult) (0.10%) | Glaucous-winged Gull (Adult) (0.05%) | Great Egret (0.02%) | Laughing Gull (Nonbreeding/Immature) (0.01%)
IMG_4577.JPG,"37.58430691178125, -122.31546391724335",2024-07-13 09:44:03,17,0.9974453449249268,8.182,,,,0,
IMG_4578.JPG,"37.58430691178125, -122.31546391724335",2024-07-13 09:44:18,6,0.9988480806350708,7.247,,Manual: California Gull,,0,
IMG_4579.JPG,"37.58430691178125, -122.31546391724335",2024-07-13 09:45:08,2,0.9984442591667175,6.439,,Manual: Western Gull,,0,
IMG_4581.JPG,"37.58430691178125, -122.31546391724335",2024-07-13 09:50:54,2,0.9973432421684265,8.146,,Manual: Western Gull,,0,
IMG_4583.JPG,"37.58430691178125, -122.31546391724335",2024-07-13 10:09:35,4,0.9953206181526184,7.415,,,,0,
IMG_4584.JPG,"37.58430691178125, -122.31546391724335",2024-07-13 10:11:39,1,0.9749132394790649,5.557,,,Lesser Scaup (Breeding male),0.519,Lesser Scaup (Breeding male) (51.88%) | Eastern Bluebird (21.93%) | Black Phoebe (10.11%) | Solitary Sandpiper (3.62%) | Eastern Wood-Pewee (3.52%)
IMG_4585.JPG,"37.58430691178125, -122.31546391724335",2024-07-13 10:11:43,1,0.9907264709472656,6.566,,,Northwestern Crow,0.656,Northwestern Crow (65.58%) | Common Grackle (17.25%) | Red-headed Woodpecker (Immature) (9.08%) | Varied Thrush (3.17%) | White-throated Sparrow (Tan-striped/immature) (1.30%)
IMG_4586.JPG,"37.58430691178125, -122.31546391724335",2024-07-13 10:12:48,1,0.9956323504447937,7.882,,,Great Cormorant (Adult),0.878,"Great Cormorant (Adult) (87.79%) | Black-chinned Hummingbird (Female, immature) (4.09%) | Ash-throated Flycatcher (2.42%) | Eastern Phoebe (2.17%) | Eastern Wood-Pewee (1.12%)"
IMG_4587.JPG,"37.58430691178125, -122.31546391724335",2024-07-13 10:14:02,1,0.9993410706520081,6.036,,,Long-billed Curlew,0.776,Long-billed Curlew (77.56%) | Marbled Godwit (22.43%) | Willet (0.01%) | Ladder-backed Woodpecker (0.00%) | Great Black-backed Gull (Immature) (0.00%)
IMG_4588.JPG,"37.58430691178125, -122.31546391724335",2024-07-13 10:14:06,1,0.9124913811683655,5.873,,,Marbled Godwit,0.974,Marbled Godwit (97.39%) | Long-billed Curlew (1.64%) | Willet (0.50%) | Caspian Tern (0.35%) | Whimbrel (0.08%)
IMG_4592.JPG,"37.58430691178125, -122.31546391724335",2024-07-13 10:17:14,9,0.8553528785705566,10.218,,,,0,
IMG_4593.JPG,"37.58430691178125, -122.31546391724335",2024-07-13 10:17:25,14,0.9949790835380554,11.386,,,,0,
IMG_4594.JPG,"37.58430691178125, -122.31546391724335",2024-07-13 10:18:58,13,0.9439282417297363,9.062,,,,0,
IMG_4595.JPG,"37.58430691178125, -122.31546391724335",2024-07-13 10:18:59,10,0.9528427124023438,9.178,,,,0,
IMG_4596.JPG,"37.58430691178125, -122.31546391724335",2024-07-13 10:19:04,14,0.9719050526618958,10.739,,,,0,
IMG_4597.JPG,"37.58430691178125, -122.31546391724335",2024-07-13 10:19:10,11,0.7500511407852173,10.983,,,,0,
IMG_4599.JPG,"37.58430691178125, -122.31546391724335",2024-07-13 10:19:19,5,0.9957693815231323,9.266,,,,0,
IMG_4617.JPG,"37.58430691178125, -122.31546391724335",2024-07-13 10:28:48,1,0.9984109401702881,6.859,Osprey,Osprey,Osprey,1.0,Osprey (100.00%) | Swainson's Hawk (Light morph ) (0.00%) | Red-tailed Hawk (Light morph immature) (0.00%) | Rough-legged Hawk (Light morph) (0.00%) | Laughing Gull (Nonbreeding/Immature) (0.00%)
IMG_4620.JPG,"37.58430691178125, -122.31546391724335",2024-07-13 10:30:14,8,0.7512453198432922,5.186,,,,0,
IMG_4621.JPG,"37.58430691178125, -122.31546391724335",2024-07-13 10:30:21,1,0.999234676361084,6.36,Brown Pelican,Brown Pelican,Brown Pelican,0.999,"Brown Pelican (99.93%) | Northern Gannet (Immature/Juvenile) (0.04%) | Western Gull (Immature) (0.02%) | Bald Eagle (Immature, juvenile) (0.01%) | Wood Stork (0.00%)"
IMG_4622.JPG,"37.58430691178125, -122.31546391724335",2024-07-13 10:30:32,1,0.9969800114631653,7.783,Brown Pelican,Brown Pelican,Brown Pelican,1.0,Brown Pelican (100.00%) | Costa's Hummingbird (Adult Male) (0.00%) | Common Merganser (Female/immature male) (0.00%) | Northern Gannet (Immature/Juvenile) (0.00%) | Cassin's Kingbird (0.00%)
IMG_4624.JPG,"37.58430691178125, -122.31546391724335",2024-07-13 10:33:58,1,0.9983106851577759,7.717,Turkey Vulture,Turkey Vulture,Turkey Vulture,1.0,Turkey Vulture (100.00%) | Common Raven (0.00%) | Rough-legged Hawk (Dark morph) (0.00%) | Golden Eagle (Adult) (0.00%) | Black Vulture (0.00%)
IMG_4628.JPG,"37.58430691178125, -122.31546391724335",2024-07-13 10:35:28,17,0.9958668947219849,12.032,,,,0,
IMG_4630.JPG,"37.58430691178125, -122.31546391724335",2024-07-13 10:35:34,18,0.9935637712478638,11.339,,,,0,
IMG_4631.JPG,"37.58430691178125, -122.31546391724335",2024-07-13 10:35:41,5,0.9936222434043884,10.842,,,,0,
IMG_4632.JPG,"37.58430691178125, -122.31546391724335",2024-07-13 10:36:29,11,0.9865427017211914,10.311,,,,0,
IMG_4635.JPG,"37.58430691178125, -122.31546391724335",2024-07-13 10:37:54,1,0.9993295669555664,7.523,Turkey Vulture,Turkey Vulture,Turkey Vulture,1.0,Turkey Vulture (100.00%) | Golden Eagle (Adult) (0.00%) | Common Raven (0.00%) | Rough-legged Hawk (Dark morph) (0.00%) | White-winged Scoter (Male) (0.00%)
IMG_4640.JPG,"37.58430691178125, -122.31546391724335",2024-07-13 10:42:56,1,0.9995935559272766,6.548,Long-billed Curlew,Long-billed Curlew,Long-billed Curlew,1.0,Long-billed Curlew (100.00%) | Dunlin (Nonbreeding/juvenile) (0.00%) | Marbled Godwit (0.00%) | Whimbrel (0.00%) | Glossy Ibis (0.00%)
IMG_4656.JPG,"37.58430691178125, -122.31546391724335",2024-07-13 10:50:19,1,0.9991481304168701,6.548,Belted Kingfisher,Belted Kingfisher,Belted Kingfisher,1.0,Belted Kingfisher (100.00%) | Eastern Kingbird (0.00%) | Osprey (0.00%) | Black Tern (0.00%) | Caspian Tern (0.00%)
IMG_4659.JPG,"37.58430691178125, -122.31546391724335",2024-07-13 10:50:58,1,0.9992936849594116,7.271,Belted Kingfisher,Belted Kingfisher,Belted Kingfisher,1.0,Belted Kingfisher (100.00%) | Red-headed Woodpecker (Immature) (0.00%) | Eastern Kingbird (0.00%) | Laughing Gull (Breeding) (0.00%) | Loggerhead Shrike (0.00%)
IMG_4667.JPG,"37.5439272, -122.3069997",2024-07-14 10:36:03,1,0.9982397556304932,6.059,Hairy Woodpecker,Hairy Woodpecker,Hairy Woodpecker,1.0,Hairy Woodpecker (100.00%) | Pileated Woodpecker (0.00%) | Northern Flicker (Yellow-shafted) (0.00%) | Calliope Hummingbird (Adult Male) (0.00%) | Chipping Sparrow (Breeding) (0.00%)
IMG_4674.JPG,"37.5439272, -122.3069997",2024-07-14 10:56:33,1,0.9992243051528931,5.249,California Scrub-Jay,California Scrub-Jay,Western Scrub-Jay,1.0,Western Scrub-Jay (100.00%) | Florida Scrub-Jay (0.00%) | Eastern Phoebe (0.00%) | Boat-tailed Grackle (0.00%) | Northern Mockingbird (0.00%)
IMG_4685.JPG,"37.5870246, -122.3257861",2024-07-20 10:05:52,3,0.997847318649292,7.983,,,,0,
IMG_4689.JPG,"37.5870246, -122.3257861",2024-07-20 10:07:07,1,0.9996410608291626,4.27,Long-billed Curlew,Long-billed Curlew,Long-billed Curlew,1.0,Long-billed Curlew (100.00%) | Marbled Godwit (0.00%) | Whimbrel (0.00%) | Dunlin (Nonbreeding/juvenile) (0.00%) | Brewer's Sparrow (0.00%)
IMG_4690.JPG,"37.5870246, -122.3257861",2024-07-20 10:07:14,1,0.9995930790901184,4.781,Long-billed Curlew,Long-billed Curlew,Long-billed Curlew,1.0,Long-billed Curlew (100.00%) | Whimbrel (0.00%) | Marbled Godwit (0.00%) | Dunlin (Nonbreeding/juvenile) (0.00%) | Willet (0.00%)
IMG_4694.JPG,"37.5870246, -122.3257861",2024-07-20 10:08:15,10,0.9990861415863037,5.286,,,,0,
IMG_4697.JPG,"37.5870246, -122.3257861",2024-07-20 10:09:05,1,0.9993365406990051,6.427,Marbled Godwit,Marbled Godwit,Marbled Godwit,1.0,Marbled Godwit (100.00%) | Glaucous-winged Gull (Immature) (0.00%) | Barn Owl (0.00%) | Reddish Egret (Dark morph) (0.00%) | Willet (0.00%)
IMG_4699.JPG,"37.5870246, -122.3257861",2024-07-20 10:09:09,1,0.9995576739311218,6.207,Marbled Godwit,Marbled Godwit,Marbled Godwit,1.0,Marbled Godwit (100.00%) | Willet (0.00%) | Brewer's Sparrow (0.00%) | Reddish Egret (Dark morph) (0.00%) | American Avocet (0.00%)
IMG_4705.JPG,"37.5870246, -122.3257861",2024-07-20 10:11:24,15,0.9979211688041687,5.278,,,,0,
IMG_4711.JPG,"37.5870246, -122.3257861",2024-07-20 10:12:34,1,0.9994423985481262,6.879,Brown Pelican,Brown Pelican,Brown Pelican,1.0,Brown Pelican (100.00%) | Brandt's Cormorant (0.00%) | Northern Gannet (Immature/Juvenile) (0.00%) | Common Raven (0.00%) | Greater Scaup (Female/Eclipse male) (0.00%)
IMG_4714.JPG,"37.5870246, -122.3257861",2024-07-20 10:14:54,1,0.9996473789215088,4.53,Long-billed Curlew,Long-billed Curlew,Long-billed Curlew,1.0,Long-billed Curlew (100.00%) | Marbled Godwit (0.00%) | Whimbrel (0.00%) | Dunlin (Nonbreeding/juvenile) (0.00%) | White-faced Ibis (0.00%)
IMG_4716.JPG,"37.5870246, -122.3257861",2024-07-20 10:14:58,3,0.9986099004745483,7.611,,,,0,
IMG_4729.JPG,"37.5870246, -122.3257861",2024-07-20 12:24:17,1,0.9995647072792053,4.578,,,Eastern Bluebird,0.845,Eastern Bluebird (84.50%) | Western Bluebird (15.49%) | Red-shouldered Hawk (Adult ) (0.00%) | Bay-breasted Warbler (Breeding male) (0.00%) | Western Gull (Adult) (0.00%)
IMG_4730.JPG,"37.4986248, -122.2212947",2024-07-27 10:11:25,1,0.9994410872459412,4.014,Hudsonian Whimbrel,Manual: Hudsonian Whimbrel,Whimbrel,1.0,Whimbrel (100.00%) | Dunlin (Nonbreeding/juvenile) (0.00%) | Long-billed Curlew (0.00%) | Laughing Gull (Nonbreeding/Immature) (0.00%) | Red-necked Grebe (Breeding) (0.00%)
IMG_4732.JPG,"37.4986248, -122.2212947",2024-07-27 10:12:45,1,0.9995018243789673,4.388,Greater Yellowlegs,Greater Yellowlegs,Greater Yellowlegs,1.0,Greater Yellowlegs (99.99%) | Lesser Yellowlegs (0.01%) | Willet (0.00%) | Short-billed Dowitcher (0.00%) | Red-throated Loon (Nonbreeding/juvenile) (0.00%)
IMG_4733.JPG,"37.4986248, -122.2212947",2024-07-27 10:12:50,1,0.9941450953483582,4.416,Greater Yellowlegs,Greater Yellowlegs,Greater Yellowlegs,0.881,Greater Yellowlegs (88.10%) | Lesser Yellowlegs (11.90%) | Willet (0.00%) | Brewer's Sparrow (0.00%) | Red-throated Loon (Nonbreeding/juvenile) (0.00%)
IMG_4736.JPG,"37.4986248, -122.2212947",2024-07-27 10:22:42,1,0.9979262351989746,5.501,Snowy Egret,Snowy Egret,Snowy Egret,1.0,Snowy Egret (99.98%) | Tundra Swan (0.01%) | Western Sandpiper (0.01%) | Glaucous-winged Gull (Immature) (0.00%) | Great Egret (0.00%)
IMG_4745.JPG,"37.4986248, -122.2212947",2024-07-27 10:57:45,1,0.99951171875,3.602,Black-bellied Plover (Breeding),Black-bellied Plover (Breeding),Black-bellied Plover (Breeding),1.0,Black-bellied Plover (Breeding) (100.00%) | Sanderling (Nonbreeding/juvenile) (0.00%) | Dunlin (Breeding) (0.00%) | California Gull (Immature) (0.00%) | Surfbird (0.00%)
IMG_4746.JPG,"37.4986248, -122.2212947",2024-07-27 10:58:15,2,0.9990501999855042,5.443,,Manual: Black-bellied Plover,,0,
IMG_4754.JPG,"37.44850794580436, -122.10266481248112",2024-07-28 12:03:59,1,0.9996137022972107,4.833,Black Phoebe,Black Phoebe,Black Phoebe,1.0,Black Phoebe (100.00%) | Eastern Phoebe (0.00%) | Vermilion Flycatcher (Adult male) (0.00%) | Great Crested Flycatcher (0.00%) | Western Wood-Pewee (0.00%)
IMG_4766.JPG,"37.44850794580436, -122.10266481248112",2024-07-28 12:05:57,1,0.9995445609092712,3.349,Pied-billed Grebe,Pied-billed Grebe,Pied-billed Grebe,1.0,Pied-billed Grebe (100.00%) | Wood Duck (Female/Eclipse male) (0.00%) | Horned Grebe (Nonbreeding/juvenile) (0.00%) | Horned Grebe (Breeding) (0.00%) | Common Redpoll (0.00%)
IMG_4768.JPG,"37.44850794580436, -122.10266481248112",2024-07-28 12:06:04,1,0.9996134638786316,3.353,Pied-billed Grebe,Pied-billed Grebe,Pied-billed Grebe,1.0,Pied-billed Grebe (100.00%) | Wood Duck (Female/Eclipse male) (0.00%) | Common Redpoll (0.00%) | Horned Grebe (Breeding) (0.00%) | Red Crossbill (Female/juvenile) (0.00%)
IMG_4773.JPG,"37.44850794580436, -122.10266481248112",2024-07-28 12:06:44,1,0.9986538887023926,6.578,Northern Mockingbird,Northern Mockingbird,Northern Mockingbird,1.0,Northern Mockingbird (100.00%) | Oak Titmouse (0.00%) | Clark's Nutcracker (0.00%) | Dark-eyed Junco (Red-backed/Gray-headed) (0.00%) | Hooded Oriole (Female/Immature male) (0.00%)
IMG_4774.JPG,"37.44850794580436, -122.10266481248112",2024-07-28 12:06:47,1,0.9988783001899719,5.876,House Finch (Female/immature),House Finch (Female/immature),House Finch (Female/immature),1.0,House Finch (Female/immature) (100.00%) | Red Crossbill (Female/juvenile) (0.00%) | Cassin's Finch (Female/immature) (0.00%) | Rose-breasted Grosbeak (Female/immature male) (0.00%) | Blue Grosbeak (Female/juvenile) (0.00%)
IMG_4777.JPG,"37.44850794580436, -122.10266481248112",2024-07-28 12:08:20,1,0.9875303506851196,4.355,,,Double-crested Cormorant (Adult),0.957,Double-crested Cormorant (Adult) (95.71%) | Great Cormorant (Adult) (4.15%) | Black Scoter (Male) (0.14%) | Allen's Hummingbird (Adult Male) (0.00%) | Neotropic Cormorant (0.00%)
IMG_4781.JPG,"37.44850794580436, -122.10266481248112",2024-07-28 12:09:13,1,0.9994221925735474,4.679,,,Double-crested Cormorant (Adult),0.673,"Double-crested Cormorant (Adult) (67.30%) | Great Cormorant (Adult) (32.14%) | Bald Eagle (Immature, juvenile) (0.32%) | Anhinga (0.22%) | Common Eider (Immature/Eclipse male) (0.01%)"
IMG_4785.JPG,"37.44850794580436, -122.10266481248112",2024-07-28 12:09:25,1,0.9903584122657776,5.892,,,Great Cormorant (Adult),0.591,Great Cormorant (Adult) (59.05%) | Double-crested Cormorant (Adult) (39.73%) | Double-crested Cormorant (Immature) (0.78%) | Neotropic Cormorant (0.41%) | Pelagic Cormorant (0.01%)
IMG_4790.JPG,"37.44850794580436, -122.10266481248112",2024-07-28 12:26:50,1,0.9808008074760437,4.646,,,Great Blue Heron,0.858,Great Blue Heron (85.80%) | Reddish Egret (Dark morph) (14.20%) | Chihuahuan Raven (0.00%) | White Ibis (Immature) (0.00%) | Hairy Woodpecker (0.00%)
IMG_4791.JPG,"37.44850794580436, -122.10266481248112",2024-07-28 12:26:53,1,0.9992204904556274,4.902,Great Blue Heron,Great Blue Heron,Great Blue Heron,1.0,Great Blue Heron (99.98%) | Reddish Egret (Dark morph) (0.02%) | Chihuahuan Raven (0.00%) | California Gull (Immature) (0.00%) | Yellow-crowned Night-Heron (Adult) (0.00%)
IMG_4793.JPG,"37.44850794580436, -122.10266481248112",2024-07-28 12:27:24,1,0.9989027976989746,5.069,Great Blue Heron,Great Blue Heron,Great Blue Heron,1.0,Great Blue Heron (100.00%) | Reddish Egret (Dark morph) (0.00%) | Eastern Meadowlark (0.00%) | Yellow-crowned Night-Heron (Adult) (0.00%) | Chihuahuan Raven (0.00%)
IMG_4797.JPG,"37.44850794580436, -122.10266481248112",2024-07-28 12:29:10,10,0.7567465305328369,7.482,,,,0,
IMG_4798.JPG,"37.44850794580436, -122.10266481248112",2024-07-28 12:29:15,9,0.9478451609611511,7.919,,,,0,
IMG_4799.JPG,"37.44850794580436, -122.10266481248112",2024-07-28 12:29:44,2,0.9978939890861511,6.361,,,,0,
IMG_4801.JPG,"37.44850794580436, -122.10266481248112",2024-07-28 12:29:51,1,0.9984936714172363,8.478,European Starling (Nonbreeding Adult),European Starling (Nonbreeding Adult),European Starling (Nonbreeding Adult),0.998,European Starling (Nonbreeding Adult) (99.76%) | Black-bellied Plover (Breeding) (0.12%) | Broad-winged Hawk (Adult) (0.09%) | Red-winged Blackbird (Female/juvenile) (0.02%) | Wood Thrush (0.01%)
IMG_4804.JPG,"37.44850794580436, -122.10266481248112",2024-07-28 12:30:08,1,0.7658281922340393,6.233,European Starling (Juvenile),European Starling (Juvenile),European Starling (Juvenile),1.0,"European Starling (Juvenile) (100.00%) | Winter Wren (0.00%) | Cooper's Hawk (Adult) (0.00%) | Black-chinned Hummingbird (Female, immature) (0.00%) | Lesser Yellowlegs (0.00%)"
IMG_4805.JPG,"37.44850794580436, -122.10266481248112",2024-07-28 12:31:43,12,0.995403528213501,7.363,,,,0,
IMG_4811.JPG,"37.44850794580436, -122.10266481248112",2024-07-28 12:32:48,1,0.9989778995513916,5.329,European Starling (Juvenile),European Starling (Juvenile),European Starling (Juvenile),1.0,European Starling (Juvenile) (100.00%) | Gila Woodpecker (0.00%) | Brewer's Blackbird (Female/Juvenile) (0.00%) | Winter Wren (0.00%) | Fox Sparrow (Sooty) (0.00%)
IMG_4812.JPG,"37.44850794580436, -122.10266481248112",2024-07-28 12:32:51,2,0.7502347230911255,7.687,,,,0,
IMG_4813.JPG,"37.44850794580436, -122.10266481248112",2024-07-28 12:40:34,6,0.996651828289032,5.899,,,,0,
IMG_4816.JPG,"37.44850794580436, -122.10266481248112",2024-07-28 12:41:17,3,0.9665424227714539,6.86,,,,0,
IMG_4820.JPG,"37.44850794580436, -122.10266481248112",2024-07-28 12:41:30,2,0.9953274726867676,5.327,,,,0,
IMG_4827.JPG,"37.44850794580436, -122.10266481248112",2024-07-28 12:46:07,1,0.9239749908447266,5.421,,Manual: Cliff Swallow,Cliff Swallow,0.982,Cliff Swallow (98.22%) | Eastern Bluebird (1.70%) | Barn Swallow (0.06%) | Vaux's Swift (0.00%) | Cave Swallow (0.00%)
IMG_4836.JPG,"37.44850794580436, -122.10266481248112",2024-07-28 12:46:49,1,0.9989861845970154,5.045,Cliff Swallow,Cliff Swallow,Cliff Swallow,0.997,"Cliff Swallow (99.74%) | Broad-tailed Hummingbird (Female, immature) (0.14%) | Bank Swallow (0.06%) | Rufous Hummingbird (Adult Male) (0.01%) | Cave Swallow (0.01%)"
IMG_4837.JPG,"37.44850794580436, -122.10266481248112",2024-07-28 12:47:17,1,0.9952682852745056,5.205,Cliff Swallow,Cliff Swallow,Cliff Swallow,1.0,Cliff Swallow (100.00%) | Eastern Bluebird (0.00%) | Tricolored Heron (0.00%) | Pacific-slope Flycatcher (0.00%) | Barn Swallow (0.00%)
IMG_4852.JPG,"37.44850794580436, -122.10266481248112",2024-07-28 12:57:19,1,0.9986633062362671,4.073,,,Golden-crowned Sparrow (Immature),0.437,Golden-crowned Sparrow (Immature) (43.72%) | Brewer's Sparrow (26.24%) | Red Crossbill (Female/juvenile) (19.55%) | House Sparrow (Female/Juvenile) (9.58%) | Harris's Sparrow (Immature) (0.25%)
IMG_4863.JPG,"37.44850794580436, -122.10266481248112",2024-07-28 13:09:31,2,0.9988536834716797,5.852,,,,0,
IMG_4864.JPG,"37.44850794580436, -122.10266481248112",2024-07-28 13:10:35,1,0.9991987347602844,3.463,Cliff Swallow,Cliff Swallow,Cliff Swallow,1.0,Cliff Swallow (99.98%) | Barn Swallow (0.01%) | Rufous Hummingbird (Adult Male) (0.00%) | Eastern Bluebird (0.00%) | Tricolored Heron (0.00%)
IMG_4865.JPG,"37.44850794580436, -122.10266481248112",2024-07-28 13:12:03,2,0.9980514049530029,5.331,,,,0,
IMG_4868.JPG,"37.44850794580436, -122.10266481248112",2024-07-28 13:12:35,1,0.9984146356582642,4.961,Least Sandpiper,Least Sandpiper,Least Sandpiper,1.0,"Least Sandpiper (100.00%) | Semipalmated Sandpiper (0.00%) | Lesser Yellowlegs (0.00%) | Surfbird (0.00%) | Wilson's Phalarope (Nonbreeding, juvenile) (0.00%)"
IMG_4871.JPG,"37.44850794580436, -122.10266481248112",2024-07-28 13:13:45,1,0.999653697013855,5.086,Willet,Willet,Willet,1.0,Willet (99.97%) | Lesser Yellowlegs (0.02%) | Marbled Godwit (0.01%) | Whimbrel (0.00%) | Laughing Gull (Nonbreeding/Immature) (0.00%)
IMG_4875.JPG,"37.44850794580436, -122.10266481248112",2024-07-28 13:13:53,1,0.999521017074585,4.567,,,Willet,0.513,Willet (51.30%) | Dunlin (Nonbreeding/juvenile) (48.68%) | Lesser Yellowlegs (0.02%) | Whimbrel (0.00%) | Black-bellied Plover (Nonbreeding/juvenile) (0.00%)
IMG_4882.JPG,"37.560966, -122.268588",2024-08-04 10:36:36,1,0.9992625117301941,5.932,Red-tailed Hawk (Dark morph),Red-tailed Hawk (Dark morph),Red-tailed Hawk (Dark morph),0.997,"Red-tailed Hawk (Dark morph) (99.70%) | Northern Harrier (Female, immature) (0.26%) | Red-shouldered Hawk (Adult ) (0.01%) | Rough-legged Hawk (Dark morph) (0.01%) | Broad-winged Hawk (Adult) (0.01%)"
IMG_4885.JPG,"37.560966, -122.268588",2024-08-04 10:36:52,1,0.9404305815696716,6.556,,,Red-tailed Hawk (Light morph adult),0.968,"Red-tailed Hawk (Light morph adult) (96.80%) | Northern Harrier (Female, immature) (1.45%) | California Gull (Immature) (1.10%) | Red-tailed Hawk (Dark morph) (0.44%) | Red-shouldered Hawk (Immature) (0.11%)"
IMG_4886.JPG,"37.560966, -122.268588",2024-08-04 10:36:53,1,0.9986627101898193,7.085,Red-tailed Hawk (Light morph adult),,Red-tailed Hawk (Light morph adult),1.0,Red-tailed Hawk (Light morph adult) (99.99%) | Red-shouldered Hawk (Immature) (0.01%) | Red-tailed Hawk (Dark morph) (0.00%) | Northern Harrier (Adult male) (0.00%) | Swainson's Hawk (Dark morph ) (0.00%)
IMG_4887.JPG,"37.560966, -122.268588",2024-08-04 10:36:57,1,0.9994485974311829,5.377,Red-tailed Hawk,Red-tailed Hawk,Red-tailed Hawk (Light morph adult),0.998,Red-tailed Hawk (Light morph adult) (99.75%) | Red-tailed Hawk (Dark morph) (0.25%) | Swainson's Hawk (Dark morph ) (0.00%) | Golden Eagle (Immature) (0.00%) | Cooper's Hawk (Adult) (0.00%)
IMG_4889.JPG,"37.560966, -122.268588",2024-08-04 10:37:03,1,0.99949049949646,4.566,,,Red-tailed Hawk (Light morph adult),0.846,Red-tailed Hawk (Light morph adult) (84.60%) | Swainson's Hawk (Dark morph ) (11.98%) | Red-tailed Hawk (Dark morph) (0.95%) | Broad-winged Hawk (Immature) (0.94%) | Rough-legged Hawk (Light morph) (0.49%)
IMG_4890.JPG,"37.560966, -122.268588",2024-08-04 10:37:07,1,0.9994279742240906,4.664,,,Red-tailed Hawk (Light morph adult),0.876,Red-tailed Hawk (Light morph adult) (87.58%) | Red-tailed Hawk (Dark morph) (7.45%) | Broad-winged Hawk (Immature) (4.07%) | Cooper's Hawk (Adult) (0.53%) | Swainson's Hawk (Dark morph ) (0.25%)
IMG_4891.JPG,"37.5305145, -122.2623181",2024-08-10 10:09:31,1,0.9994169473648071,4.865,Great Blue Heron,Great Blue Heron,Great Blue Heron,1.0,Great Blue Heron (100.00%) | Reddish Egret (Dark morph) (0.00%) | Little Blue Heron (Immature) (0.00%) | Eastern Meadowlark (0.00%) | Cooper's Hawk (Adult) (0.00%)
IMG_4893.JPG,"37.5305145, -122.2623181",2024-08-10 10:13:12,1,0.9995006322860718,6.003,,,Western Wood-Pewee,0.503,Western Wood-Pewee (50.30%) | Mountain Bluebird (49.54%) | Yellow-rumped Warbler (Winter/juvenile Audubon's) (0.10%) | European Starling (Juvenile) (0.05%) | Eastern Bluebird (0.00%)
IMG_4898.JPG,"37.5305145, -122.2623181",2024-08-10 10:35:49,1,0.9992477893829346,4.174,Black-necked Stilt,Black-necked Stilt,Black-necked Stilt,1.0,Black-necked Stilt (100.00%) | Greater Yellowlegs (0.00%) | Gambel's Quail (Female/juvenile) (0.00%) | Western Grebe (0.00%) | Black-tailed Gnatcatcher (0.00%)
IMG_4902.JPG,"37.5305145, -122.2623181",2024-08-10 10:36:26,1,0.9994100332260132,4.719,Black-necked Stilt,Black-necked Stilt,Black-necked Stilt,1.0,"Black-necked Stilt (100.00%) | Greater Yellowlegs (0.00%) | Black-chinned Hummingbird (Female, immature) (0.00%) | Western Grebe (0.00%) | Wilson's Phalarope (Nonbreeding, juvenile) (0.00%)"
IMG_4906.JPG,"37.5305145, -122.2623181",2024-08-10 10:36:57,1,0.9997103810310364,4.495,Black-necked Stilt,Black-necked Stilt,Black-necked Stilt,1.0,Black-necked Stilt (99.98%) | American Avocet (0.02%) | Western Grebe (0.00%) | Wilson's Phalarope (Breeding) (0.00%) | Western Sandpiper (0.00%)
IMG_4909.JPG,"37.5305145, -122.2623181",2024-08-10 10:37:06,1,0.9995455145835876,5.556,Black-necked Stilt,Black-necked Stilt,Black-necked Stilt,1.0,Black-necked Stilt (100.00%) | American Avocet (0.00%) | Western Grebe (0.00%) | Bonaparte's Gull (0.00%) | Black Skimmer (0.00%)
IMG_4911.JPG,"37.5305145, -122.2623181",2024-08-10 10:39:24,1,0.9996781349182129,3.971,Willet,Willet,Willet,0.999,Willet (99.93%) | Whimbrel (0.07%) | Laughing Gull (Nonbreeding/Immature) (0.00%) | Short-billed Dowitcher (0.00%) | Marbled Godwit (0.00%)
IMG_4919.JPG,"37.5305145, -122.2623181",2024-08-10 10:40:55,1,0.9992064833641052,3.745,Long-billed Curlew,Long-billed Curlew,Long-billed Curlew,1.0,Long-billed Curlew (100.00%) | Whimbrel (0.00%) | Ladder-backed Woodpecker (0.00%) | Osprey (0.00%) | Reddish Egret (Dark morph) (0.00%)
IMG_4923.JPG,"37.5305145, -122.2623181",2024-08-10 10:41:40,1,0.999401330947876,4.932,Marbled Godwit,Marbled Godwit,Marbled Godwit,1.0,Marbled Godwit (100.00%) | Willet (0.00%) | American Avocet (0.00%) | Long-billed Curlew (0.00%) | Short-billed Dowitcher (0.00%)
IMG_4934.JPG,"37.5305145, -122.2623181",2024-08-10 10:46:03,6,0.998730480670929,6.091,,,,0,
IMG_4945.JPG,"37.5305145, -122.2623181",2024-08-10 10:50:06,1,0.9996589422225952,4.917,Greater Yellowlegs,Greater Yellowlegs,Lesser Yellowlegs,0.51,Lesser Yellowlegs (51.03%) | Greater Yellowlegs (48.97%) | Solitary Sandpiper (0.00%) | Black-necked Stilt (0.00%) | Clark's Grebe (0.00%)
IMG_4946.JPG,"37.5305145, -122.2623181",2024-08-10 10:51:09,1,0.9994847774505615,4.625,Marbled Godwit,Marbled Godwit,Marbled Godwit,1.0,Marbled Godwit (100.00%) | Short-billed Dowitcher (0.00%) | Willet (0.00%) | Red-tailed Hawk (Light morph adult) (0.00%) | Long-billed Curlew (0.00%)
IMG_4947.JPG,"37.5305145, -122.2623181",2024-08-10 10:51:20,1,0.9994341731071472,4.465,Long-billed Curlew,Long-billed Curlew,Long-billed Curlew,1.0,Long-billed Curlew (99.99%) | Marbled Godwit (0.01%) | Whimbrel (0.00%) | Willet (0.00%) | Ladder-backed Woodpecker (0.00%)
IMG_4949.JPG,"37.5305145, -122.2623181",2024-08-10 10:51:50,1,0.9981990456581116,4.689,Hudsonian Whimbrel,Manual: Hudsonian Whimbrel,Whimbrel,1.0,Whimbrel (100.00%) | Laughing Gull (Nonbreeding/Immature) (0.00%) | Short-billed Dowitcher (0.00%) | Ladder-backed Woodpecker (0.00%) | Solitary Sandpiper (0.00%)
IMG_4951.JPG,"37.5305145, -122.2623181",2024-08-10 10:53:20,1,0.9995021820068359,5.672,,,Willet,0.963,"Willet (96.31%) | Lesser Yellowlegs (1.60%) | Laughing Gull (Nonbreeding/Immature) (1.21%) | Whimbrel (0.71%) | Black-chinned Hummingbird (Female, immature) (0.16%)"
IMG_4953.JPG,"37.5305145, -122.2623181",2024-08-10 10:55:29,1,0.9995318651199341,5.442,Black-necked Stilt,Black-necked Stilt,Black-necked Stilt,0.999,Black-necked Stilt (99.87%) | American Avocet (0.13%) | Western Grebe (0.00%) | Black Skimmer (0.00%) | Western Sandpiper (0.00%)
IMG_4957.JPG,"37.5305145, -122.2623181",2024-08-10 10:56:29,1,0.9448654651641846,3.702,Black-necked Stilt,Black-necked Stilt,Black-necked Stilt,1.0,"Black-necked Stilt (100.00%) | Greater Yellowlegs (0.00%) | Forster's Tern (0.00%) | Wilson's Phalarope (Nonbreeding, juvenile) (0.00%) | Gambel's Quail (Female/juvenile) (0.00%)"
IMG_4973.JPG,"37.46634778302571, -122.44715967970927",2024-08-11 10:49:05,3,0.9738730192184448,6.836,,,,0,
IMG_4976.JPG,"37.46634778302571, -122.44715967970927",2024-08-11 11:01:20,1,0.9994383454322815,5.796,Gull,Manual: Western Gull,Western Gull (Adult),0.986,Western Gull (Adult) (98.64%) | Herring Gull (Adult) (0.86%) | Great Black-backed Gull (Adult) (0.44%) | California Gull (Adult) (0.05%) | Western Gull (Immature) (0.00%)
IMG_4988.JPG,"37.46634778302571, -122.44715967970927",2024-08-11 11:03:16,3,0.998406708240509,5.381,,,,0,
IMG_4992.JPG,"37.46634778302571, -122.44715967970927",2024-08-11 11:04:10,3,0.9279115200042725,8.63,,Manual: Brown Pelican,,0,
IMG_4993.JPG,"37.46634778302571, -122.44715967970927",2024-08-11 11:04:43,5,0.9990065693855286,6.874,,Manual: Heermann's Gull,,0,
IMG_4995.JPG,"37.46634778302571, -122.44715967970927",2024-08-11 11:05:03,1,0.9992875456809998,4.686,Heermann's Gull,Manual: Heermann's Gull,Heermann's Gull (Adult),1.0,Heermann's Gull (Adult) (100.00%) | Heermann's Gull (Immature) (0.00%) | Mountain Bluebird (0.00%) | Western Gull (Immature) (0.00%) | Mew Gull (0.00%)
IMG_5004.JPG,"37.46634778302571, -122.44715967970927",2024-08-11 11:06:54,13,0.9968764781951904,8.996,,,,0,
IMG_5005.JPG,"37.46634778302571, -122.44715967970927",2024-08-11 11:12:10,1,0.9994004964828491,7.797,Peregrine Falcon,Peregrine Falcon,Peregrine Falcon (Immature),1.0,"Peregrine Falcon (Immature) (99.98%) | Peregrine Falcon (Adult) (0.02%) | American Kestrel (Female, immature) (0.00%) | Prairie Falcon (0.00%) | Orchard Oriole (Immature Male) (0.00%)"
IMG_5031.JPG,"37.46634778302571, -122.44715967970927",2024-08-11 12:43:10,1,0.9991834759712219,6.078,Gull,Manual: California Gull,Herring Gull (Immature),0.939,Herring Gull (Immature) (93.94%) | California Gull (Immature) (6.00%) | Mew Gull (0.03%) | Ring-billed Gull (Immature) (0.01%) | Mottled Duck (0.00%)
IMG_5034.JPG,"37.46634778302571, -122.44715967970927",2024-08-11 12:44:16,1,0.9995552897453308,4.897,Great Blue Heron,Great Blue Heron,Great Blue Heron,1.0,Great Blue Heron (100.00%) | Tricolored Heron (0.00%) | Reddish Egret (Dark morph) (0.00%) | Yellow-crowned Night-Heron (Adult) (0.00%) | Little Blue Heron (Adult) (0.00%)
IMG_5037.JPG,"37.46634778302571, -122.44715967970927",2024-08-11 12:46:46,1,0.9938462376594543,5.958,Gull,Manual: Ring-billed Gull,California Gull (Immature),0.998,California Gull (Immature) (99.79%) | Glaucous-winged Gull (Immature) (0.15%) | California Gull (Adult) (0.03%) | Ring-billed Gull (Immature) (0.01%) | White-winged Scoter (Female/juvenile) (0.01%)
IMG_5043.JPG,"37.46634778302571, -122.44715967970927",2024-08-11 12:50:15,1,0.9415133595466614,7.502,Caspian Tern,Caspian Tern,Caspian Tern,1.0,Caspian Tern (100.00%) | Common Tern (0.00%) | Royal Tern (0.00%) | Black Skimmer (0.00%) | Common Gallinule (Adult) (0.00%)
IMG_5049.JPG,"37.46634778302571, -122.44715967970927",2024-08-11 12:58:00,1,0.9989014863967896,6.509,Caspian Tern,Caspian Tern,Caspian Tern,0.995,Caspian Tern (99.49%) | Common Tern (0.49%) | Royal Tern (0.01%) | Forster's Tern (0.00%) | Common Merganser (Breeding male) (0.00%)
IMG_5053.JPG,"37.46634778302571, -122.44715967970927",2024-08-11 13:01:24,1,0.9994763731956482,4.126,Great Blue Heron,Great Blue Heron,Great Blue Heron,1.0,Great Blue Heron (100.00%) | Tricolored Heron (0.00%) | Black-crowned Night-Heron (Adult) (0.00%) | Reddish Egret (Dark morph) (0.00%) | Golden-crowned Sparrow (Adult) (0.00%)
IMG_5055.JPG,"37.5562551, -122.2451359",2024-08-17 10:53:08,4,0.9965546131134033,5.323,,,,0,
IMG_5065.JPG,"37.5562551, -122.2451359",2024-08-17 10:56:09,1,0.9989566802978516,6.817,,,Laughing Gull (Nonbreeding/Immature),0.908,"Laughing Gull (Nonbreeding/Immature) (90.82%) | Brown Pelican (3.19%) | Black-chinned Hummingbird (Female, immature) (2.60%) | Golden Eagle (Immature) (2.46%) | Northern Gannet (Immature/Juvenile) (0.50%)"
IMG_5072.JPG,"37.5562551, -122.2451359",2024-08-17 10:58:01,1,0.998889148235321,6.261,,Manual: California Gull,California Gull (Adult),0.477,California Gull (Adult) (47.70%) | Great Black-backed Gull (Adult) (24.31%) | Herring Gull (Immature) (19.11%) | Herring Gull (Adult) (7.97%) | Western Gull (Adult) (0.75%)
IMG_5096.JPG,"39.0102091, -120.8452274",2024-08-31 14:26:38,1,0.9988375306129456,7.274,Turkey Vulture,Turkey Vulture,Turkey Vulture,1.0,Turkey Vulture (100.00%) | Golden Eagle (Adult) (0.00%) | Common Raven (0.00%) | Surf Scoter (Male) (0.00%) | Chihuahuan Raven (0.00%)
IMG_5097.JPG,"39.0102091, -120.8452274",2024-08-31 14:26:40,1,0.9992368221282959,7.516,Turkey Vulture,Turkey Vulture,Turkey Vulture,1.0,Turkey Vulture (100.00%) | Golden Eagle (Adult) (0.00%) | Common Raven (0.00%) | Surf Scoter (Male) (0.00%) | Chihuahuan Raven (0.00%)
IMG_5101.JPG,"39.0102091, -120.8452274",2024-08-31 14:46:14,1,0.9984233379364014,6.155,,Manual: Anna's Hummingbird,Ruby-throated Hummingbird (Adult Male),0.632,Ruby-throated Hummingbird (Adult Male) (63.23%) | Costa's Hummingbird (Adult Male) (29.39%) | Broad-tailed Hummingbird (Adult Male) (3.27%) | Black-chinned Hummingbird (Adult Male) (1.90%) | Anna's Hummingbird (Adult Male) (0.62%)
IMG_5102.JPG,"39.0102091, -120.8452274",2024-08-31 14:46:30,1,0.9961504936218262,5.749,Hummingbird,Manual: Anna's Hummingbird,"Anna's Hummingbird (Female, immature)",0.995,"Anna's Hummingbird (Female, immature) (99.47%) | Costa's Hummingbird (Adult Male) (0.35%) | Broad-billed Hummingbird (Female, immature) (0.12%) | Allen's Hummingbird (Female, immature) (0.03%) | Broad-billed Hummingbird (Adult Male) (0.01%)"
IMG_5103.JPG,"39.0102091, -120.8452274",2024-08-31 14:46:31,1,0.9975256323814392,7.821,Hummingbird,Manual: Anna's Hummingbird,"Anna's Hummingbird (Female, immature)",1.0,"Anna's Hummingbird (Female, immature) (100.00%) | Allen's Hummingbird (Female, immature) (0.00%) | Bohemian Waxwing (0.00%) | Broad-billed Hummingbird (Female, immature) (0.00%) | Black-chinned Hummingbird (Adult Male) (0.00%)"
IMG_5155.JPG,"39.0102091, -120.8452274",2024-09-01 09:10:00,1,0.9994595646858215,4.71,Killdeer,Killdeer,Killdeer,1.0,Killdeer (100.00%) | Semipalmated Plover (0.00%) | Yellow-rumped Warbler (Winter/juvenile Myrtle) (0.00%) | Spotted Sandpiper (Nonbreeding/juvenile) (0.00%) | Common Tern (0.00%)
IMG_5159.JPG,"39.0102091, -120.8452274",2024-09-01 09:10:40,1,0.9992050528526306,4.716,Least Sandpiper,Least Sandpiper,Least Sandpiper,1.0,"Least Sandpiper (100.00%) | Semipalmated Sandpiper (0.00%) | Wilson's Phalarope (Nonbreeding, juvenile) (0.00%) | Cave Swallow (0.00%) | Ring-billed Gull (Immature) (0.00%)"
IMG_5160.JPG,"39.0102091, -120.8452274",2024-09-01 09:11:37,1,0.9993727803230286,6.904,Snowy Egret,Snowy Egret,Snowy Egret,1.0,Snowy Egret (100.00%) | Cattle Egret (0.00%) | Great Egret (0.00%) | Little Blue Heron (Immature) (0.00%) | Reddish Egret (White morph) (0.00%)
IMG_5165.JPG,"39.0102091, -120.8452274",2024-09-01 09:14:48,3,0.9966078996658325,5.834,,,,0,
IMG_5174.JPG,"39.0102091, -120.8452274",2024-09-01 09:47:38,3,0.8946983814239502,7.263,,,,0,
IMG_5178.JPG,"39.0102091, -120.8452274",2024-09-01 09:51:47,1,0.7196548581123352,5.486,White-breasted Nuthatch,Manual: White-breasted Nuthatch,White-breasted Nuthatch,0.994,White-breasted Nuthatch (99.39%) | Pygmy Nuthatch (0.58%) | Blue-gray Gnatcatcher (0.04%) | Plumbeous Vireo (0.00%) | Brown-headed Nuthatch (0.00%)
IMG_5179.JPG,No GPS Data,2024-09-01 09:51:48,0,0,0.0,,Manual: White-breasted Nuthatch,,0,
IMG_5192.JPG,"39.0102091, -120.8452274",2024-09-01 10:00:47,1,0.9982940554618835,6.398,Bewick's Wren,Bewick's Wren,Bewick's Wren,1.0,Bewick's Wren (100.00%) | Pacific Wren (0.00%) | California Thrasher (0.00%) | Marsh Wren (0.00%) | Black-tailed Gnatcatcher (0.00%)
IMG_5193.JPG,"39.0102091, -120.8452274",2024-09-01 10:01:29,1,0.9995551705360413,5.375,Oak Titmouse,Oak Titmouse,Oak Titmouse,0.999,"Oak Titmouse (99.86%) | Juniper Titmouse (0.12%) | Black-crested Titmouse (0.02%) | Broad-tailed Hummingbird (Female, immature) (0.00%) | Tufted Titmouse (0.00%)"
IMG_5198.JPG,"39.0102091, -120.8452274",2024-09-01 10:01:36,1,0.9995816349983215,5.685,Oak Titmouse,Oak Titmouse,Oak Titmouse,0.992,"Oak Titmouse (99.18%) | Juniper Titmouse (0.61%) | Black-tailed Gnatcatcher (0.19%) | Tufted Titmouse (0.01%) | Broad-tailed Hummingbird (Female, immature) (0.00%)"
IMG_5204.JPG,"39.0102091, -120.8452274",2024-09-01 11:44:08,1,0.9993621706962585,4.879,,,Eastern Bluebird,0.577,Eastern Bluebird (57.68%) | Western Bluebird (37.81%) | Indigo Bunting (Female/juvenile) (1.78%) | Pacific-slope Flycatcher (1.69%) | Mountain Bluebird (0.95%)
IMG_5207.JPG,"39.0102091, -120.8452274",2024-09-01 11:44:18,1,0.9990655779838562,5.603,,,Indigo Bunting (Female/juvenile),0.717,Indigo Bunting (Female/juvenile) (71.74%) | Eastern Bluebird (11.12%) | Mew Gull (7.45%) | Brown-capped Rosy-Finch (5.91%) | Herring Gull (Immature) (0.93%)
IMG_5208.JPG,"39.0102091, -120.8452274",2024-09-01 11:44:24,1,0.9994400143623352,5.282,,,Indigo Bunting (Female/juvenile),0.693,Indigo Bunting (Female/juvenile) (69.35%) | Western Bluebird (18.97%) | Mew Gull (3.57%) | American Robin (Juvenile) (3.15%) | Rusty Blackbird (1.13%)
IMG_5209.JPG,"39.0102091, -120.8452274",2024-09-01 15:28:25,1,0.9979279041290283,5.853,Red-breasted Nuthatch,Red-breasted Nuthatch,Red-breasted Nuthatch,1.0,Red-breasted Nuthatch (100.00%) | White-breasted Nuthatch (0.00%) | Brown-headed Nuthatch (0.00%) | Magnolia Warbler (Female/immature male) (0.00%) | Carolina Wren (0.00%)
IMG_5211.JPG,"39.0102091, -120.8452274",2024-09-01 15:28:27,1,0.9975404739379883,5.572,Red-breasted Nuthatch,Red-breasted Nuthatch,Red-breasted Nuthatch,1.0,Red-breasted Nuthatch (100.00%) | White-breasted Nuthatch (0.00%) | Carolina Wren (0.00%) | Magnolia Warbler (Breeding male) (0.00%) | Black-tailed Gnatcatcher (0.00%)
IMG_5214.JPG,"39.0102091, -120.8452274",2024-09-01 15:37:53,1,0.9995662569999695,7.1,Osprey,Osprey,Osprey,1.0,"Osprey (100.00%) | Golden Eagle (Adult) (0.00%) | Mississippi Kite (0.00%) | Northern Harrier (Female, immature) (0.00%) | Swainson's Hawk (Light morph ) (0.00%)"
IMG_5225.JPG,"39.0102091, -120.8452274",2024-09-02 07:27:17,1,0.9984790682792664,5.394,Black Phoebe,Black Phoebe,Black Phoebe,1.0,Black Phoebe (99.99%) | Eastern Phoebe (0.00%) | Cassin's Kingbird (0.00%) | Fox Sparrow (Thick-billed/Slate-colored) (0.00%) | Mountain Bluebird (0.00%)
IMG_5226.JPG,"39.0102091, -120.8452274",2024-09-02 07:27:30,1,0.99885094165802,5.292,Black Phoebe,Black Phoebe,Black Phoebe,0.999,Black Phoebe (99.94%) | Eastern Phoebe (0.04%) | Black Rosy-Finch (0.01%) | Lesser Scaup (Breeding male) (0.00%) | Tricolored Heron (0.00%)
IMG_5229.JPG,"39.0102091, -120.8452274",2024-09-02 08:36:33,2,0.8344427347183228,4.565,,,,0,
IMG_5235.JPG,"39.0102091, -120.8452274",2024-09-02 08:36:51,1,0.9971093535423279,4.735,,,Red-shouldered Hawk (Immature),0.54,Red-shouldered Hawk (Immature) (54.00%) | Cooper's Hawk (Immature) (41.97%) | Sharp-shinned Hawk (Immature) (3.11%) | Calliope Hummingbird (Adult Male) (0.29%) | Cape May Warbler (0.23%)
IMG_5236.JPG,"39.0102091, -120.8452274",2024-09-02 08:36:55,1,0.9985038042068481,4.822,,,Cooper's Hawk (Immature),0.972,Cooper's Hawk (Immature) (97.18%) | Red-shouldered Hawk (Immature) (2.76%) | Sharp-shinned Hawk (Immature) (0.02%) | Merlin (0.02%) | Eastern Bluebird (0.01%)
IMG_5238.JPG,"39.0102091, -120.8452274",2024-09-02 08:48:35,1,0.9993323683738708,7.053,Osprey,Osprey,Osprey,1.0,"Osprey (100.00%) | Red-tailed Hawk (Light morph immature) (0.00%) | Bald Eagle (Immature, juvenile) (0.00%) | Western Gull (Immature) (0.00%) | Canada Goose (0.00%)"
IMG_5258.JPG,"37.5305145, -122.2623181",2024-09-07 10:22:48,1,0.9995635151863098,5.082,Greater Yellowlegs,Greater Yellowlegs,Greater Yellowlegs,0.998,"Greater Yellowlegs (99.80%) | Lesser Yellowlegs (0.20%) | Willet (0.00%) | Solitary Sandpiper (0.00%) | Wilson's Phalarope (Nonbreeding, juvenile) (0.00%)"
IMG_5259.JPG,"37.5305145, -122.2623181",2024-09-07 10:29:52,1,0.9995576739311218,5.504,Snowy Egret,Snowy Egret,Snowy Egret,1.0,Snowy Egret (100.00%) | Great Egret (0.00%) | Reddish Egret (White morph) (0.00%) | Cattle Egret (0.00%) | Little Blue Heron (Immature) (0.00%)
IMG_5261.JPG,"37.5305145, -122.2623181",2024-09-07 10:30:13,1,0.9996050000190735,4.681,Snowy Egret,Snowy Egret,Snowy Egret,1.0,Snowy Egret (100.00%) | Reddish Egret (White morph) (0.00%) | Great Egret (0.00%) | Cattle Egret (0.00%) | Little Blue Heron (Immature) (0.00%)
IMG_5263.JPG,"37.5305145, -122.2623181",2024-09-07 10:37:05,1,0.9987105131149292,5.407,Brown Pelican,Brown Pelican,Brown Pelican,1.0,Brown Pelican (100.00%) | American White Pelican (0.00%) | Dunlin (Nonbreeding/juvenile) (0.00%) | Common Loon (Nonbreeding/juvenile) (0.00%) | Red-necked Grebe (Breeding) (0.00%)
IMG_5266.JPG,"37.5305145, -122.2623181",2024-09-07 10:37:13,1,0.9991968274116516,5.859,Brown Pelican,Brown Pelican,Brown Pelican,1.0,Brown Pelican (100.00%) | Red-necked Grebe (Breeding) (0.00%) | California Quail (Male) (0.00%) | Common Loon (Nonbreeding/juvenile) (0.00%) | California Gull (Adult) (0.00%)
IMG_5267.JPG,"37.5305145, -122.2623181",2024-09-07 10:37:13,1,0.9993438124656677,5.248,Brown Pelican,Brown Pelican,Brown Pelican,1.0,"Brown Pelican (100.00%) | Red-necked Grebe (Breeding) (0.00%) | American White Pelican (0.00%) | Bald Eagle (Immature, juvenile) (0.00%) | Dunlin (Nonbreeding/juvenile) (0.00%)"
IMG_5274.JPG,"37.5305145, -122.2623181",2024-09-07 10:39:06,1,0.9995703101158142,6.308,Brown Pelican,Brown Pelican,Brown Pelican,1.0,"Brown Pelican (100.00%) | American White Pelican (0.00%) | Bald Eagle (Immature, juvenile) (0.00%) | Common Loon (Nonbreeding/juvenile) (0.00%) | White Ibis (Immature) (0.00%)"
IMG_5287.JPG,"37.5305145, -122.2623181",2024-09-07 10:41:49,3,0.9954994320869446,7.802,,,,0,
IMG_5291.JPG,"37.5305145, -122.2623181",2024-09-07 10:43:37,12,0.9972869157791138,6.419,,,,0,
IMG_5297.JPG,"37.5305145, -122.2623181",2024-09-07 10:45:19,3,0.9802268743515015,6.591,,,,0,
IMG_5320.JPG,"37.531593, -122.073349",2024-10-05 10:04:30,2,0.9247429966926575,5.132,,,,0,
IMG_5323.JPG,"37.531593, -122.073349",2024-10-05 10:04:37,1,0.9995506405830383,5.477,Black-necked Stilt,Black-necked Stilt,Black-necked Stilt,1.0,Black-necked Stilt (100.00%) | American Avocet (0.00%) | Western Grebe (0.00%) | Western Sandpiper (0.00%) | Greater Yellowlegs (0.00%)
IMG_5324.JPG,"37.531593, -122.073349",2024-10-05 10:05:39,1,0.9995542168617249,4.617,Killdeer,Killdeer,Killdeer,0.999,Killdeer (99.85%) | Ruddy Turnstone (0.15%) | Semipalmated Plover (0.00%) | Black-legged Kittiwake (Immature) (0.00%) | Red-tailed Hawk (Light morph immature) (0.00%)
IMG_5325.JPG,"37.531593, -122.073349",2024-10-05 10:06:15,4,0.9945882558822632,6.603,,,,0,
IMG_5327.JPG,"37.531593, -122.073349",2024-10-05 10:06:20,2,0.9983856678009033,5.321,,,,0,
IMG_5343.JPG,"37.531593, -122.073349",2024-10-05 10:20:28,5,0.9969587326049805,6.406,,,,0,
IMG_5356.JPG,"37.531593, -122.073349",2024-10-05 10:25:00,3,0.9734790325164795,5.387,,,,0,
IMG_5362.JPG,"37.531593, -122.073349",2024-10-05 10:26:56,1,0.9991735816001892,7.372,Willet,Willet,Willet,1.0,Willet (100.00%) | Bonaparte's Gull (0.00%) | Ring-billed Gull (Adult) (0.00%) | American Avocet (0.00%) | Killdeer (0.00%)
IMG_5364.JPG,"37.531593, -122.073349",2024-10-05 10:28:03,1,0.9991821646690369,5.613,Black-necked Stilt,Black-necked Stilt,Black-necked Stilt,1.0,"Black-necked Stilt (99.99%) | American Avocet (0.01%) | Wilson's Phalarope (Nonbreeding, juvenile) (0.00%) | Western Sandpiper (0.00%) | Western Grebe (0.00%)"
IMG_5370.JPG,"37.531593, -122.073349",2024-10-05 10:29:28,2,0.9087296724319458,6.075,,,,0,
IMG_5375.JPG,"37.531593, -122.073349",2024-10-05 10:30:29,12,0.996819019317627,12.277,,,,0,
IMG_5378.JPG,"37.531593, -122.073349",2024-10-05 10:32:14,6,0.9788867235183716,7.237,,,,0,
IMG_5384.JPG,"37.531593, -122.073349",2024-10-05 10:37:12,9,0.9456723928451538,9.109,,,,0,
IMG_5388.JPG,"37.531593, -122.073349",2024-10-05 10:38:03,21,0.8215227127075195,12.043,,,,0,
IMG_5409.JPG,"37.531593, -122.073349",2024-10-05 10:45:53,1,0.9988852143287659,6.172,Western Meadowlark,Western Meadowlark,Western Meadowlark,1.0,Western Meadowlark (100.00%) | Eastern Meadowlark (0.00%) | Yellow-throated Warbler (0.00%) | Least Sandpiper (0.00%) | Nuttall's Woodpecker (0.00%)
IMG_5411.JPG,"37.531593, -122.073349",2024-10-05 10:45:59,1,0.9981284737586975,6.491,Western Meadowlark,Western Meadowlark,Western Meadowlark,1.0,Western Meadowlark (100.00%) | Least Sandpiper (0.00%) | Savannah Sparrow (0.00%) | Western Kingbird (0.00%) | Yellow-headed Blackbird (Female/Immature Male) (0.00%)
IMG_5417.JPG,"37.531593, -122.073349",2024-10-05 10:50:32,1,0.9995075464248657,5.346,Snowy Egret,Snowy Egret,Snowy Egret,1.0,Snowy Egret (100.00%) | Great Egret (0.00%) | Little Blue Heron (Immature) (0.00%) | Reddish Egret (White morph) (0.00%) | Cattle Egret (0.00%)
IMG_5420.JPG,"37.531593, -122.073349",2024-10-05 10:54:15,1,0.9982670545578003,7.026,Great Blue Heron,Great Blue Heron,Great Blue Heron,0.994,Great Blue Heron (99.42%) | Reddish Egret (Dark morph) (0.57%) | Red-necked Grebe (Breeding) (0.01%) | Little Blue Heron (Adult) (0.00%) | Tricolored Heron (0.00%)
IMG_5423.JPG,"37.531593, -122.073349",2024-10-05 11:06:37,1,0.9991477727890015,5.469,Black-necked Stilt,Black-necked Stilt,Black-necked Stilt,1.0,"Black-necked Stilt (99.99%) | American Avocet (0.01%) | Wilson's Phalarope (Nonbreeding, juvenile) (0.00%) | Western Sandpiper (0.00%) | Western Grebe (0.00%)"
IMG_5522.JPG,"37.5333794, -122.2421716",2024-10-26 11:02:22,1,0.999047577381134,6.833,Clark's Grebe,Clark's Grebe,Clark's Grebe,1.0,Clark's Grebe (99.99%) | Horned Grebe (Nonbreeding/juvenile) (0.01%) | Western Grebe (0.00%) | Eared Grebe (Nonbreeding/juvenile) (0.00%) | Greater Yellowlegs (0.00%)
IMG_5536.JPG,"37.5593003, -122.2638586",2024-11-01 16:40:38,3,0.9983658194541931,6.255,,,,0,
IMG_5539.JPG,"37.5562551, -122.2451359",2024-11-01 16:42:10,2,0.9989523887634277,6.837,,,,0,
IMG_5550.JPG,"37.5593003, -122.2638586",2024-11-01 16:47:05,3,0.9982775449752808,6.856,,,,0,
IMG_5562.JPG,"37.5562551, -122.2451359",2024-11-01 17:02:37,1,0.999796450138092,6.179,Semipalmated Plover,Semipalmated Plover,Semipalmated Plover,1.0,Semipalmated Plover (100.00%) | Common Tern (0.00%) | Yellow-rumped Warbler (Winter/juvenile Myrtle) (0.00%) | Spotted Sandpiper (Nonbreeding/juvenile) (0.00%) | Killdeer (0.00%)
IMG_5570.JPG,"38.1234544, -122.9353702",2024-11-28 12:08:38,1,0.9993407130241394,7.318,Red-tailed Hawk,Red-tailed Hawk,Red-tailed Hawk (Light morph adult),1.0,Red-tailed Hawk (Light morph adult) (99.97%) | Red-tailed Hawk (Dark morph) (0.02%) | Red-tailed Hawk (Light morph immature) (0.01%) | Northern Harrier (Adult male) (0.00%) | Red-shouldered Hawk (Immature) (0.00%)
IMG_5571.JPG,"38.1234544, -122.9353702",2024-11-28 12:21:34,1,0.999201238155365,5.926,,,Yellow-rumped Warbler (Winter/juvenile Myrtle),0.923,Yellow-rumped Warbler (Winter/juvenile Myrtle) (92.35%) | Mountain Bluebird (4.26%) | Eastern Meadowlark (2.79%) | Yellow-rumped Warbler (Winter/juvenile Audubon's) (0.23%) | Bullock's Oriole (Female/Immature male) (0.18%)
IMG_5572.JPG,"38.1234544, -122.9353702",2024-11-28 12:21:40,1,0.9971693158149719,6.164,,Manual: Yellow-rumped Warbler,Yellow-rumped Warbler (Winter/juvenile Myrtle),0.585,Yellow-rumped Warbler (Winter/juvenile Myrtle) (58.54%) | Yellow-rumped Warbler (Winter/juvenile Audubon's) (37.76%) | Yellow-rumped Warbler (Breeding Audubon's) (2.77%) | Western Kingbird (0.34%) | Eastern Meadowlark (0.26%)
IMG_5577.JPG,"38.1234544, -122.9353702",2024-11-28 12:38:10,1,0.9989228844642639,7.294,,,Eastern Phoebe,0.986,Eastern Phoebe (98.59%) | Say's Phoebe (1.38%) | Black Phoebe (0.02%) | Ruby-throated Hummingbird (Adult Male) (0.00%) | Orchard Oriole (Immature Male) (0.00%)
IMG_5583.JPG,"38.1234544, -122.9353702",2024-11-28 12:56:18,1,0.99845290184021,5.864,Double-crested Cormorant,Double-crested Cormorant,Double-crested Cormorant (Immature),1.0,Double-crested Cormorant (Immature) (100.00%) | Double-crested Cormorant (Adult) (0.00%) | Great Cormorant (Immature) (0.00%) | Clark's Grebe (0.00%) | Golden-crowned Sparrow (Adult) (0.00%)
IMG_5589.JPG,"38.1234544, -122.9353702",2024-11-28 13:00:28,2,0.9966782331466675,5.841,,,,0,
IMG_5590.JPG,"38.1234544, -122.9353702",2024-11-28 13:00:31,1,0.9980467557907104,4.682,Yellow-rumped Warbler,Yellow-rumped Warbler,Yellow-rumped Warbler (Winter/juvenile Audubon's),1.0,Yellow-rumped Warbler (Winter/juvenile Audubon's) (100.00%) | Yellow-rumped Warbler (Winter/juvenile Myrtle) (0.00%) | Yellow-rumped Warbler (Breeding Audubon's) (0.00%) | Eastern Meadowlark (0.00%) | Prairie Warbler (0.00%)
IMG_5594.JPG,"38.1234544, -122.9353702",2024-11-28 13:02:22,3,0.996941864490509,6.431,,,,0,
IMG_5596.JPG,"38.1234544, -122.9353702",2024-11-28 13:03:50,1,0.9995988011360168,5.018,,,Great Blue Heron,0.956,Great Blue Heron (95.63%) | Tricolored Heron (4.27%) | Clark's Grebe (0.03%) | Black-crowned Night-Heron (Adult) (0.03%) | Hairy Woodpecker (0.02%)
IMG_5604.JPG,"38.1234544, -122.9353702",2024-11-28 13:33:17,1,0.9984830021858215,7.277,Eared Grebe (Nonbreeding/juvenile),,Eared Grebe (Nonbreeding/juvenile),1.0,Eared Grebe (Nonbreeding/juvenile) (100.00%) | Horned Grebe (Nonbreeding/juvenile) (0.00%) | Western Grebe (0.00%) | Red-necked Grebe (Nonbreeding/juvenile) (0.00%) | Eared Grebe (Breeding) (0.00%)
IMG_5605.JPG,"38.1234544, -122.9353702",2024-11-28 13:33:32,1,0.9992297887802124,6.144,Pied-billed Grebe,Pied-billed Grebe,Pied-billed Grebe,1.0,Pied-billed Grebe (100.00%) | Eared Grebe (Nonbreeding/juvenile) (0.00%) | Black Scoter (Female/juvenile) (0.00%) | Red-necked Grebe (Nonbreeding/juvenile) (0.00%) | Horned Grebe (Nonbreeding/juvenile) (0.00%)
IMG_5608.JPG,"38.1234544, -122.9353702",2024-11-28 13:34:54,1,0.9994458556175232,5.435,Eared Grebe (Nonbreeding/juvenile),Eared Grebe (Nonbreeding/juvenile),Eared Grebe (Nonbreeding/juvenile),1.0,Eared Grebe (Nonbreeding/juvenile) (100.00%) | Horned Grebe (Nonbreeding/juvenile) (0.00%) | Western Grebe (0.00%) | Red-necked Grebe (Nonbreeding/juvenile) (0.00%) | Eared Grebe (Breeding) (0.00%)
IMG_5609.JPG,"38.1234544, -122.9353702",2024-11-28 13:35:23,1,0.9950438737869263,6.477,Eared Grebe (Nonbreeding/juvenile),Eared Grebe (Nonbreeding/juvenile),Eared Grebe (Nonbreeding/juvenile),1.0,Eared Grebe (Nonbreeding/juvenile) (99.99%) | Western Grebe (0.00%) | Horned Grebe (Nonbreeding/juvenile) (0.00%) | Pied-billed Grebe (0.00%) | Red-necked Grebe (Nonbreeding/juvenile) (0.00%)
IMG_5611.JPG,"38.1234544, -122.9353702",2024-11-28 13:35:40,1,0.999160885810852,6.455,Common Loon,Common Loon,Common Loon (Nonbreeding/juvenile),0.978,"Common Loon (Nonbreeding/juvenile) (97.76%) | Pacific Loon (Nonbreeding/juvenile) (1.98%) | Red-throated Loon (Nonbreeding/juvenile) (0.26%) | Cooper's Hawk (Adult) (0.00%) | Black-chinned Hummingbird (Female, immature) (0.00%)"
IMG_5618.JPG,"38.1234544, -122.9353702",2024-11-28 14:29:07,2,0.7986419200897217,5.227,,,,0,
IMG_5623.JPG,"38.1234544, -122.9353702",2024-11-28 14:38:24,2,0.9959926009178162,5.407,,,,0,
IMG_5624.JPG,"38.1234544, -122.9353702",2024-11-28 14:42:07,6,0.9981663823127747,7.86,,,,0,
IMG_5629.JPG,"38.1234544, -122.9353702",2024-11-28 14:49:58,3,0.9986408352851868,7.938,,,,0,
IMG_5630.JPG,"38.1234544, -122.9353702",2024-11-28 14:50:14,2,0.9982606768608093,7.479,,,,0,
IMG_5631.JPG,"38.1234544, -122.9353702",2024-11-28 14:50:18,1,0.9995430707931519,6.469,Sanderling (Nonbreeding/juvenile),Sanderling (Nonbreeding/juvenile),Sanderling (Nonbreeding/juvenile),1.0,Sanderling (Nonbreeding/juvenile) (100.00%) | Western Sandpiper (0.00%) | Black-legged Kittiwake (Immature) (0.00%) | Mew Gull (0.00%) | Dunlin (Breeding) (0.00%)
IMG_5632.JPG,"38.1234544, -122.9353702",2024-11-28 14:55:48,1,0.9995999932289124,6.502,,Manual: Sanderling,Sanderling (Nonbreeding/juvenile),0.722,Sanderling (Nonbreeding/juvenile) (72.19%) | Western Sandpiper (27.81%) | Dunlin (Nonbreeding/juvenile) (0.00%) | Snowy Egret (0.00%) | Broad-winged Hawk (Adult) (0.00%)
IMG_5637.JPG,"38.1234544, -122.9353702",2024-11-28 15:07:09,5,0.9848678708076477,5.389,,,,0,
IMG_5641.JPG,"38.1234544, -122.9353702",2024-11-28 15:14:31,1,0.9994932413101196,5.303,Common Merganser (Female/immature male),Common Merganser (Female/immature male),Common Merganser (Female/immature male),1.0,Common Merganser (Female/immature male) (100.00%) | Red-breasted Merganser (Breeding male) (0.00%) | Clark's Grebe (0.00%) | Red-breasted Merganser (Female/immature male) (0.00%) | Scaled Quail (0.00%)
IMG_5642.JPG,No GPS Data,2024-11-28 15:14:33,0,0,0.0,,Manual: Common Merganser,,0,
IMG_5643.JPG,"38.1234544, -122.9353702",2024-11-28 15:16:18,1,0.9996947050094604,5.605,Great Blue Heron,Great Blue Heron,Great Blue Heron,1.0,Great Blue Heron (99.99%) | Tricolored Heron (0.01%) | Yellow-crowned Night-Heron (Adult) (0.00%) | Black-crowned Night-Heron (Adult) (0.00%) | Little Blue Heron (Adult) (0.00%)
IMG_5646.JPG,"38.1234544, -122.9353702",2024-11-28 15:26:15,2,0.9984574317932129,7.005,,,,0,
IMG_5647.JPG,"38.1234544, -122.9353702",2024-11-28 15:27:19,1,0.997063934803009,4.826,Common Yellowthroat (Female/immature male),Common Yellowthroat (Female/immature male),Common Yellowthroat (Female/immature male),1.0,Common Yellowthroat (Female/immature male) (100.00%) | Yellow-breasted Chat (0.00%) | Common Grackle (0.00%) | Orchard Oriole (Immature Male) (0.00%) | Nashville Warbler (0.00%)
IMG_5651.JPG,"38.1234544, -122.9353702",2024-11-28 15:50:26,1,0.9938818216323853,5.454,Northern Flicker,Northern Flicker,Northern Flicker (Red-shafted),0.997,Northern Flicker (Red-shafted) (99.65%) | Northern Flicker (Yellow-shafted) (0.33%) | Gila Woodpecker (0.01%) | Canyon Wren (0.00%) | Bullock's Oriole (Female/Immature male) (0.00%)
IMG_5652.JPG,No GPS Data,2024-11-28 15:51:37,0,0,0.0,,,,0,
IMG_5663.JPG,"37.2295083, -122.1205902",2024-11-30 14:15:03,1,0.99752277135849,6.239,,Manual: Hermit Thrush,Hermit Thrush,0.894,Hermit Thrush (89.36%) | Swainson's Thrush (9.00%) | Wood Thrush (1.05%) | Broad-winged Hawk (Adult) (0.27%) | Calliope Hummingbird (Adult Male) (0.26%)
IMG_5664.JPG,"37.2295083, -122.1205902",2024-11-30 14:15:07,1,0.9985679388046265,4.106,,Manual: Hermit Thrush,Hermit Thrush,0.982,Hermit Thrush (98.23%) | Swainson's Thrush (1.72%) | Sharp-shinned Hawk (Immature) (0.03%) | Fox Sparrow (Thick-billed/Slate-colored) (0.01%) | Broad-winged Hawk (Adult) (0.00%)
IMG_5669.JPG,"37.4768891, -122.1410373",2024-12-04 15:11:09,1,0.9991921782493591,6.155,Townsend's Warbler,Townsend's Warbler,Townsend's Warbler,1.0,Townsend's Warbler (100.00%) | Yellow-throated Warbler (0.00%) | Yellow-rumped Warbler (Winter/juvenile Myrtle) (0.00%) | Black-throated Green Warbler (0.00%) | Blackburnian Warbler (0.00%)
IMG_5670.JPG,"37.4768891, -122.1410373",2024-12-06 14:24:02,2,0.9757013320922852,4.92,,Manual: Townsend's Warbler,,0,
IMG_5674.JPG,"37.52244102794778, -122.2500111350493",2024-12-08 15:39:59,11,0.988154411315918,6.176,,,,0,
IMG_5677.JPG,"37.52244102794778, -122.2500111350493",2024-12-08 15:41:05,3,0.9911684989929199,4.202,,,,0,
IMG_5682.JPG,"37.52244102794778, -122.2500111350493",2024-12-08 15:41:57,1,0.9980871677398682,5.11,Killdeer,Killdeer,Killdeer,1.0,Killdeer (99.99%) | Semipalmated Plover (0.01%) | Horned Lark (0.00%) | Black-legged Kittiwake (Immature) (0.00%) | Solitary Sandpiper (0.00%)
IMG_5687.JPG,"37.52244102794778, -122.2500111350493",2024-12-08 15:44:51,1,0.9995731711387634,5.168,Northern Shoveler (Breeding male),Northern Shoveler (Breeding male),Northern Shoveler (Breeding male),1.0,Northern Shoveler (Breeding male) (100.00%) | Common Eider (Immature/Eclipse male) (0.00%) | Black-chinned Hummingbird (Adult Male) (0.00%) | Gadwall (Female/Eclipse male) (0.00%) | Mallard (Breeding male) (0.00%)
IMG_5689.JPG,"37.52244102794778, -122.2500111350493",2024-12-08 15:45:45,24,0.8348870873451233,6.756,,,,0,
IMG_5692.JPG,"37.52244102794778, -122.2500111350493",2024-12-08 15:46:18,21,0.9345257878303528,6.301,,,,0,
IMG_5698.JPG,"37.52244102794778, -122.2500111350493",2024-12-08 15:50:15,12,0.9976149797439575,8.183,,,,0,
IMG_5702.JPG,"37.52244102794778, -122.2500111350493",2024-12-08 15:51:35,3,0.7263363003730774,5.87,,,,0,
IMG_5705.JPG,"37.52244102794778, -122.2500111350493",2024-12-08 15:52:40,9,0.7907723784446716,8.289,,,,0,
IMG_5708.JPG,"37.52244102794778, -122.2500111350493",2024-12-08 15:53:41,7,0.997192919254303,5.483,,,,0,
IMG_5712.JPG,"37.52244102794778, -122.2500111350493",2024-12-08 15:57:57,1,0.9989331364631653,4.137,American Wigeon (Breeding male),American Wigeon (Breeding male),American Wigeon (Breeding male),1.0,American Wigeon (Breeding male) (100.00%) | Green-winged Teal (Male) (0.00%) | Northern Shoveler (Breeding male) (0.00%) | Green-winged Teal (Female/juvenile) (0.00%) | Gadwall (Breeding male) (0.00%)
IMG_5713.JPG,"37.52244102794778, -122.2500111350493",2024-12-08 15:59:18,5,0.9983136653900146,6.79,,,,0,
IMG_5720.JPG,"37.52244102794778, -122.2500111350493",2024-12-08 16:02:33,3,0.9166016578674316,4.801,,,,0,
IMG_5731.JPG,"37.52244102794778, -122.2500111350493",2024-12-08 16:14:13,1,0.9976287484169006,6.118,Bufflehead (Breeding male),Bufflehead (Breeding male),Bufflehead (Breeding male),0.998,Bufflehead (Breeding male) (99.85%) | Common Goldeneye (Breeding male) (0.15%) | Harlequin Duck (Male) (0.00%) | Hooded Merganser (Breeding male) (0.00%) | Laughing Gull (Breeding) (0.00%)
IMG_5732.JPG,"37.52244102794778, -122.2500111350493",2024-12-08 16:14:27,1,0.9989379048347473,5.605,,,Herring Gull (Immature),0.549,Herring Gull (Immature) (54.90%) | Great Cormorant (Adult) (16.43%) | Snow Goose (White morph) (12.12%) | Double-crested Cormorant (Immature) (9.56%) | Common Loon (Nonbreeding/juvenile) (4.76%)
IMG_5733.JPG,"37.52244102794778, -122.2500111350493",2024-12-08 16:17:50,1,0.9967271089553833,4.863,,,Yellow-rumped Warbler (Winter/juvenile Myrtle),0.838,"Yellow-rumped Warbler (Winter/juvenile Myrtle) (83.75%) | Yellow-rumped Warbler (Winter/juvenile Audubon's) (10.50%) | Blackpoll Warbler (Female/juvenile) (3.08%) | Eastern Meadowlark (2.22%) | Anna's Hummingbird (Female, immature) (0.18%)"
IMG_5798.JPG,"27.6278702, -97.2204165",2024-12-22 05:46:29,1,0.9987592697143555,5.921,Northern Mockingbird,Northern Mockingbird,Northern Mockingbird,1.0,Northern Mockingbird (100.00%) | Townsend's Solitaire (0.00%) | Black-throated Blue Warbler (Female/Immature male) (0.00%) | Great-tailed Grackle (0.00%) | Eastern Phoebe (0.00%)
IMG_5799.JPG,"27.6278702, -97.2204165",2024-12-22 05:46:34,1,0.9982799291610718,5.865,Northern Mockingbird,Northern Mockingbird,Northern Mockingbird,1.0,Northern Mockingbird (100.00%) | Townsend's Solitaire (0.00%) | Hermit Thrush (0.00%) | Curve-billed Thrasher (0.00%) | Great-tailed Grackle (0.00%)
IMG_5800.JPG,"27.6278702, -97.2204165",2024-12-22 05:47:40,1,0.9984778761863708,6.062,Northern Mockingbird,Northern Mockingbird,Northern Mockingbird,1.0,"Northern Mockingbird (100.00%) | Townsend's Solitaire (0.00%) | Black-chinned Hummingbird (Female, immature) (0.00%) | Phainopepla (Female/juvenile) (0.00%) | Hooded Oriole (Female/Immature male) (0.00%)"
IMG_5801.JPG,"27.6278702, -97.2204165",2024-12-22 05:53:59,1,0.9993903636932373,6.066,Northern Mockingbird,Northern Mockingbird,Northern Mockingbird,1.0,"Northern Mockingbird (100.00%) | Black-chinned Hummingbird (Female, immature) (0.00%) | Golden-fronted Woodpecker (0.00%) | Curve-billed Thrasher (0.00%) | Townsend's Solitaire (0.00%)"
IMG_5802.JPG,"27.6278702, -97.2204165",2024-12-22 05:54:01,1,0.9992795586585999,5.621,Northern Mockingbird,Northern Mockingbird,Northern Mockingbird,1.0,"Northern Mockingbird (100.00%) | Townsend's Solitaire (0.00%) | Black-chinned Hummingbird (Female, immature) (0.00%) | Phainopepla (Female/juvenile) (0.00%) | Curve-billed Thrasher (0.00%)"
IMG_5803.JPG,"27.6278702, -97.2204165",2024-12-22 05:56:38,24,0.9831268787384033,6.46,,,,0,
IMG_5804.JPG,"27.6278702, -97.2204165",2024-12-22 05:56:41,24,0.8281915187835693,6.481,,,,0,
IMG_5805.JPG,"27.6278702, -97.2204165",2024-12-22 05:56:44,20,0.8680583834648132,5.408,,,,0,
IMG_5806.JPG,"27.6278702, -97.2204165",2024-12-22 05:56:51,6,0.9980706572532654,7.945,,,,0,
IMG_5807.JPG,"27.6278702, -97.2204165",2024-12-22 05:57:58,3,0.9994522929191589,7.344,,,,0,
IMG_5808.JPG,"27.6278702, -97.2204165",2024-12-22 05:58:15,1,0.9991587400436401,5.824,Laughing Gull,Laughing Gull,Laughing Gull (Breeding),0.997,Laughing Gull (Breeding) (99.71%) | Laughing Gull (Nonbreeding/Immature) (0.29%) | Heermann's Gull (Adult) (0.00%) | Long-tailed Duck (Winter male) (0.00%) | Violet-green Swallow (0.00%)
IMG_5811.JPG,"27.6278702, -97.2204165",2024-12-22 05:59:04,2,0.9987240433692932,5.638,,,,0,
IMG_5812.JPG,"27.6278702, -97.2204165",2024-12-22 05:59:06,2,0.9982490539550781,4.928,,,,0,
IMG_5814.JPG,"27.6278702, -97.2204165",2024-12-22 06:01:36,1,0.9975347518920898,5.413,Great-tailed Grackle,Great-tailed Grackle,Great-tailed Grackle,0.998,"Great-tailed Grackle (99.81%) | Boat-tailed Grackle (0.07%) | American Crow (0.07%) | Brewer's Blackbird (Male) (0.03%) | Black-chinned Hummingbird (Female, immature) (0.01%)"
IMG_5818.JPG,"27.6278702, -97.2204165",2024-12-22 06:03:35,2,0.9988431930541992,5.969,,,,0,
IMG_5819.JPG,"27.6278702, -97.2204165",2024-12-22 06:04:06,5,0.9962349534034729,6.759,,,,0,
IMG_5820.JPG,"27.6278702, -97.2204165",2024-12-22 06:04:09,5,0.9964392781257629,7.012,,,,0,
IMG_5821.JPG,"27.6278702, -97.2204165",2024-12-22 06:04:19,5,0.9967945218086243,7.075,,,,0,
IMG_5822.JPG,"27.6278702, -97.2204165",2024-12-22 06:05:29,3,0.9986359477043152,5.999,,,,0,
IMG_5823.JPG,"27.6278702, -97.2204165",2024-12-22 06:05:35,4,0.9981963038444519,6.322,,,,0,
IMG_5824.JPG,"27.6278702, -97.2204165",2024-12-22 06:05:47,5,0.9969882369041443,6.802,,,,0,
IMG_5825.JPG,"27.6278702, -97.2204165",2024-12-22 06:05:48,4,0.9944513440132141,6.864,,,,0,
IMG_5826.JPG,"27.6278702, -97.2204165",2024-12-22 06:07:14,29,0.9900408387184143,9.331,,,,0,
IMG_5827.JPG,"27.6278702, -97.2204165",2024-12-22 06:07:16,24,0.9967352747917175,8.643,,,,0,
IMG_5837.JPG,"27.6278702, -97.2204165",2024-12-22 06:09:49,2,0.998832643032074,5.98,,,,0,
IMG_5838.JPG,"27.6278702, -97.2204165",2024-12-22 06:09:51,2,0.997793436050415,5.99,,,,0,
IMG_5839.JPG,"27.6278702, -97.2204165",2024-12-22 06:09:52,2,0.9952943921089172,6.454,,,,0,
IMG_5840.JPG,"27.6278702, -97.2204165",2024-12-22 06:09:54,2,0.9990719556808472,6.514,,,,0,
IMG_5841.JPG,"27.6278702, -97.2204165",2024-12-22 06:10:53,4,0.9988804459571838,5.407,,,,0,
IMG_5843.JPG,"27.6278702, -97.2204165",2024-12-22 06:11:38,1,0.999426007270813,5.866,Great Blue Heron,Great Blue Heron,Great Blue Heron,0.993,Great Blue Heron (99.27%) | Yellow-crowned Night-Heron (Adult) (0.70%) | Reddish Egret (Dark morph) (0.02%) | Black-crowned Night-Heron (Adult) (0.00%) | Reddish Egret (White morph) (0.00%)
IMG_5844.JPG,"27.6278702, -97.2204165",2024-12-22 06:12:53,2,0.9989210367202759,5.062,,,,0,
IMG_5851.JPG,"27.6278702, -97.2204165",2024-12-22 06:16:25,1,0.9996271133422852,5.518,Willet,Willet,Willet,1.0,"Willet (100.00%) | Black-chinned Hummingbird (Female, immature) (0.00%) | Dunlin (Nonbreeding/juvenile) (0.00%) | Laughing Gull (Nonbreeding/Immature) (0.00%) | Killdeer (0.00%)"
IMG_5852.JPG,"27.6278702, -97.2204165",2024-12-22 06:16:27,1,0.9996010661125183,6.223,Willet,Willet,Willet,1.0,"Willet (100.00%) | Whimbrel (0.00%) | Laughing Gull (Nonbreeding/Immature) (0.00%) | Dunlin (Nonbreeding/juvenile) (0.00%) | Wilson's Phalarope (Nonbreeding, juvenile) (0.00%)"
IMG_5859.JPG,"27.6278702, -97.2204165",2024-12-22 06:18:20,4,0.9956299066543579,10.043,,,,0,
IMG_5861.JPG,"27.6278702, -97.2204165",2024-12-22 06:18:48,1,0.9995866417884827,5.274,Laughing Gull,Laughing Gull,Laughing Gull (Breeding),0.967,Laughing Gull (Breeding) (96.72%) | Laughing Gull (Nonbreeding/Immature) (3.23%) | Heermann's Gull (Adult) (0.02%) | Mew Gull (0.01%) | California Gull (Adult) (0.01%)
IMG_5862.JPG,"27.6278702, -97.2204165",2024-12-22 06:18:50,1,0.9996683597564697,5.559,Laughing Gull,Laughing Gull,Laughing Gull (Breeding),1.0,Laughing Gull (Breeding) (99.99%) | Laughing Gull (Nonbreeding/Immature) (0.01%) | Ring-billed Gull (Adult) (0.00%) | Mew Gull (0.00%) | Bonaparte's Gull (0.00%)
IMG_5863.JPG,"27.6278702, -97.2204165",2024-12-22 06:19:18,1,0.9992756247520447,6.815,Reddish Egret (Dark morph),Reddish Egret (Dark morph),Reddish Egret (Dark morph),1.0,Reddish Egret (Dark morph) (100.00%) | Willet (0.00%) | Allen's Hummingbird (Adult Male) (0.00%) | Black-crowned Night-Heron (Immature) (0.00%) | Reddish Egret (White morph) (0.00%)
IMG_5865.JPG,"27.6278702, -97.2204165",2024-12-22 06:19:27,1,0.9984179735183716,5.416,Reddish Egret,Reddish Egret,Reddish Egret (Dark morph),0.999,Reddish Egret (Dark morph) (99.86%) | Reddish Egret (White morph) (0.14%) | Green-winged Teal (Male) (0.00%) | Great Egret (0.00%) | Wood Stork (0.00%)
IMG_5866.JPG,"27.6278702, -97.2204165",2024-12-22 06:19:28,3,0.9991459846496582,7.878,,,,0,
IMG_5867.JPG,"27.6278702, -97.2204165",2024-12-22 06:19:29,3,0.8261618614196777,5.318,,,,0,
IMG_5868.JPG,"27.6278702, -97.2204165",2024-12-22 06:19:31,1,0.9984859824180603,5.04,Reddish Egret,Reddish Egret,Reddish Egret (Dark morph),1.0,Reddish Egret (Dark morph) (100.00%) | Reddish Egret (White morph) (0.00%) | Glaucous-winged Gull (Immature) (0.00%) | Allen's Hummingbird (Adult Male) (0.00%) | Redhead (Breeding male) (0.00%)
IMG_5869.JPG,"27.6278702, -97.2204165",2024-12-22 06:19:32,1,0.9995936751365662,4.982,Reddish Egret,Reddish Egret,Reddish Egret (Dark morph),1.0,Reddish Egret (Dark morph) (100.00%) | Reddish Egret (White morph) (0.00%) | Sandhill Crane (0.00%) | Harris's Hawk (0.00%) | Pileated Woodpecker (0.00%)
IMG_5870.JPG,"27.6278702, -97.2204165",2024-12-22 06:19:33,2,0.998867392539978,5.628,,,,0,
IMG_5871.JPG,"27.6278702, -97.2204165",2024-12-22 06:19:34,3,0.997229278087616,6.07,,,,0,
IMG_5872.JPG,"27.6278702, -97.2204165",2024-12-22 06:19:36,4,0.8163487315177917,6.653,,,,0,
IMG_5873.JPG,"27.6278702, -97.2204165",2024-12-22 06:19:37,2,0.980246365070343,5.971,,,,0,
IMG_5874.JPG,"27.6278702, -97.2204165",2024-12-22 06:19:38,6,0.9969906806945801,8.556,,,,0,
IMG_5875.JPG,"27.6278702, -97.2204165",2024-12-22 06:19:39,5,0.9982168078422546,9.174,,,,0,
IMG_5876.JPG,"27.6278702, -97.2204165",2024-12-22 06:19:40,5,0.9985660910606384,8.882,,,,0,
IMG_5877.JPG,"27.6278702, -97.2204165",2024-12-22 06:19:41,3,0.7829347252845764,5.604,,,,0,
IMG_5878.JPG,"27.6278702, -97.2204165",2024-12-22 06:19:42,3,0.997657299041748,7.518,,,,0,
IMG_5879.JPG,"27.6278702, -97.2204165",2024-12-22 06:19:44,3,0.9986529350280762,7.708,,,,0,
IMG_5880.JPG,"27.6278702, -97.2204165",2024-12-22 06:19:46,1,0.9990720748901367,5.246,Reddish Egret,Reddish Egret,Reddish Egret (White morph),0.983,Reddish Egret (White morph) (98.32%) | Reddish Egret (Dark morph) (1.39%) | Glossy Ibis (0.15%) | Glaucous-winged Gull (Immature) (0.08%) | Glaucous-winged Gull (Adult) (0.04%)
IMG_5881.JPG,"27.6278702, -97.2204165",2024-12-22 06:19:56,16,0.9718680381774902,8.755,,,,0,
IMG_5882.JPG,"27.6278702, -97.2204165",2024-12-22 06:19:59,10,0.9973936080932617,6.551,,,,0,
IMG_5884.JPG,"27.6278702, -97.2204165",2024-12-22 06:21:36,2,0.9990070462226868,5.383,,,,0,
IMG_5889.JPG,"27.6278702, -97.2204165",2024-12-22 06:22:13,1,0.9990676045417786,7.183,Dunlin (Nonbreeding/juvenile),Dunlin (Nonbreeding/juvenile),Dunlin (Nonbreeding/juvenile),1.0,"Dunlin (Nonbreeding/juvenile) (100.00%) | Western Sandpiper (0.00%) | Wilson's Phalarope (Nonbreeding, juvenile) (0.00%) | Broad-winged Hawk (Adult) (0.00%) | Costa's Hummingbird (Female, immature) (0.00%)"
IMG_5890.JPG,"27.6278702, -97.2204165",2024-12-22 06:23:08,4,0.9985968470573425,7.918,,,,0,
IMG_5900.JPG,"27.6278702, -97.2204165",2024-12-22 06:24:16,1,0.9996417760848999,5.446,Reddish Egret,Reddish Egret,Reddish Egret (Dark morph),1.0,Reddish Egret (Dark morph) (100.00%) | Reddish Egret (White morph) (0.00%) | Great Blue Heron (0.00%) | Willet (0.00%) | Laughing Gull (Nonbreeding/Immature) (0.00%)
IMG_5901.JPG,"27.6278702, -97.2204165",2024-12-22 06:24:48,1,0.9995332956314087,6.005,Black-bellied Plover (Nonbreeding/juvenile),Black-bellied Plover (Nonbreeding/juvenile),Black-bellied Plover (Nonbreeding/juvenile),1.0,Black-bellied Plover (Nonbreeding/juvenile) (100.00%) | Willet (0.00%) | Lesser Yellowlegs (0.00%) | Whimbrel (0.00%) | Dunlin (Nonbreeding/juvenile) (0.00%)
IMG_5902.JPG,"27.6278702, -97.2204165",2024-12-22 06:24:58,2,0.9993745684623718,5.996,,Manual: Ruddy Turnstone,,0,
IMG_5907.JPG,"27.6278702, -97.2204165",2024-12-22 06:28:27,2,0.9993422627449036,6.128,,,,0,
IMG_5908.JPG,"27.6278702, -97.2204165",2024-12-22 06:29:03,1,0.9994408488273621,6.663,Roseate Spoonbill,Roseate Spoonbill,Roseate Spoonbill,1.0,Roseate Spoonbill (100.00%) | Glaucous-winged Gull (Immature) (0.00%) | White Ibis (Adult) (0.00%) | Reddish Egret (White morph) (0.00%) | Glossy Ibis (0.00%)
IMG_5911.JPG,"27.6278702, -97.2204165",2024-12-22 06:33:46,4,0.9993903636932373,8.366,,,,0,
IMG_5912.JPG,"27.6278702, -97.2204165",2024-12-22 06:33:48,5,0.9990678429603577,9.501,,,,0,
IMG_5915.JPG,"27.6278702, -97.2204165",2024-12-22 06:37:31,1,0.9995673298835754,6.756,White Ibis (Adult),White Ibis (Adult),White Ibis (Adult),1.0,White Ibis (Adult) (100.00%) | Herring Gull (Adult) (0.00%) | American White Pelican (0.00%) | Reddish Egret (White morph) (0.00%) | Caspian Tern (0.00%)
IMG_5918.JPG,"27.6278702, -97.2204165",2024-12-22 06:38:54,13,0.9182804822921753,5.928,,,,0,
IMG_5920.JPG,"27.6278702, -97.2204165",2024-12-22 06:40:32,1,0.9988825917243958,5.708,Snowy Egret,Snowy Egret,Snowy Egret,0.999,Snowy Egret (99.92%) | Little Blue Heron (Immature) (0.07%) | Cattle Egret (0.00%) | Great Egret (0.00%) | Tundra Swan (0.00%)
IMG_5921.JPG,"27.6278702, -97.2204165",2024-12-22 06:41:07,24,0.9354254007339478,7.518,,,,0,
IMG_5923.JPG,"27.6278702, -97.2204165",2024-12-22 06:41:14,18,0.9901065230369568,8.797,,,,0,
IMG_5924.JPG,"27.6278702, -97.2204165",2024-12-22 06:42:53,2,0.9974220991134644,6.395,,,,0,
IMG_5925.JPG,"27.6278702, -97.2204165",2024-12-22 06:42:56,1,0.9994810223579407,4.967,Mourning Dove,Mourning Dove,Mourning Dove,0.997,Mourning Dove (99.71%) | Black-billed Cuckoo (0.18%) | Eurasian Collared-Dove (0.08%) | White-winged Dove (0.02%) | Inca Dove (0.01%)
IMG_5926.JPG,"27.6278702, -97.2204165",2024-12-22 06:42:58,1,0.9992450475692749,4.93,,,Mourning Dove,0.842,Mourning Dove (84.22%) | Eurasian Collared-Dove (5.05%) | Common Ground-Dove (4.18%) | White-winged Dove (2.51%) | Swainson's Hawk (Light morph ) (2.19%)
IMG_5927.JPG,"27.6278702, -97.2204165",2024-12-22 06:45:31,1,0.9991621971130371,6.566,Mourning Dove,Mourning Dove,Mourning Dove,1.0,Mourning Dove (100.00%) | Eurasian Collared-Dove (0.00%) | Common Ground-Dove (0.00%) | Common Tern (0.00%) | White-winged Dove (0.00%)
IMG_5933.JPG,"27.6278702, -97.2204165",2024-12-22 06:49:58,1,0.9992399215698242,5.793,Yellow-rumped Warbler,Yellow-rumped Warbler,Yellow-rumped Warbler (Winter/juvenile Myrtle),1.0,Yellow-rumped Warbler (Winter/juvenile Myrtle) (100.00%) | Yellow-rumped Warbler (Breeding Myrtle) (0.00%) | Yellow-rumped Warbler (Winter/juvenile Audubon's) (0.00%) | Eastern Meadowlark (0.00%) | Yellow-rumped Warbler (Breeding Audubon's) (0.00%)
IMG_5942.JPG,"27.6278702, -97.2204165",2024-12-22 06:54:06,1,0.999559223651886,6.401,,Manual: Great Kiskadee,Loggerhead Shrike,0.97,Loggerhead Shrike (96.98%) | Western Kingbird (1.85%) | Eastern Kingbird (0.92%) | Blue-headed Vireo (0.22%) | Red-breasted Nuthatch (0.01%)
IMG_5951.JPG,"27.6278702, -97.2204165",2024-12-22 07:10:57,2,0.7211813926696777,6.618,,,,0,
IMG_5952.JPG,"27.6278702, -97.2204165",2024-12-22 07:11:01,2,0.8147784471511841,6.158,,,,0,
IMG_5953.JPG,No GPS Data,2024-12-22 07:11:06,0,0,0.0,,,,0,
IMG_5954.JPG,"27.6278702, -97.2204165",2024-12-22 07:11:30,3,0.939350962638855,6.309,,,,0,
IMG_5955.JPG,"27.6278702, -97.2204165",2024-12-22 07:11:32,2,0.9968224763870239,6.352,,,,0,
IMG_5959.JPG,No GPS Data,2024-12-22 11:10:26,0,0,0.0,,Manual: Common Gallinule,,0,
IMG_5960.JPG,"28.2263887, -96.8638211",2024-12-22 11:10:27,2,0.8300423622131348,5.262,,Manual: Common Gallinule,,0,
IMG_5961.JPG,"28.2263887, -96.8638211",2024-12-22 11:11:30,1,0.9979404807090759,5.869,Yellow-rumped Warbler (Winter/juvenile Myrtle),Yellow-rumped Warbler (Winter/juvenile Myrtle),Yellow-rumped Warbler (Winter/juvenile Myrtle),0.992,Yellow-rumped Warbler (Winter/juvenile Myrtle) (99.23%) | Bell's Vireo (0.30%) | White-crowned Sparrow (Immature) (0.21%) | Yellow-rumped Warbler (Winter/juvenile Audubon's) (0.13%) | Yellow-rumped Warbler (Breeding Audubon's) (0.05%)
IMG_5962.JPG,"28.2263887, -96.8638211",2024-12-22 11:11:32,1,0.9984788298606873,7.17,Yellow-rumped Warbler,Yellow-rumped Warbler,Yellow-rumped Warbler (Winter/juvenile Myrtle),0.998,Yellow-rumped Warbler (Winter/juvenile Myrtle) (99.80%) | Yellow-rumped Warbler (Breeding Audubon's) (0.09%) | White-crowned Sparrow (Immature) (0.07%) | Mountain Bluebird (0.01%) | Eastern Meadowlark (0.01%)
IMG_5963.JPG,"28.2263887, -96.8638211",2024-12-22 11:11:33,1,0.997334361076355,7.261,,,Yellow-rumped Warbler (Winter/juvenile Myrtle),0.827,Yellow-rumped Warbler (Winter/juvenile Myrtle) (82.68%) | White-crowned Sparrow (Immature) (15.39%) | Bell's Vireo (1.28%) | Eastern Phoebe (0.30%) | Yellow-rumped Warbler (Winter/juvenile Audubon's) (0.13%)
IMG_5964.JPG,"28.2263887, -96.8638211",2024-12-22 12:04:53,24,0.9781696796417236,8.864,,,,0,
IMG_5965.JPG,"28.2263887, -96.8638211",2024-12-22 12:04:55,21,0.8816314935684204,8.837,,,,0,
IMG_5976.JPG,"28.2263887, -96.8638211",2024-12-22 12:06:32,22,0.9910624027252197,7.918,,,,0,
IMG_5981.JPG,"28.2263887, -96.8638211",2024-12-22 12:09:00,1,0.9990535378456116,6.342,Tricolored Heron,Tricolored Heron,Tricolored Heron,1.0,Tricolored Heron (99.99%) | Great Cormorant (Immature) (0.01%) | Anhinga (0.00%) | Hairy Woodpecker (0.00%) | Little Blue Heron (Immature) (0.00%)
IMG_5982.JPG,"28.2263887, -96.8638211",2024-12-22 12:09:09,20,0.9820912480354309,7.836,,,,0,
IMG_5996.JPG,No GPS Data,2024-12-22 12:17:05,0,0,0.0,,,,0,
IMG_5997.JPG,"28.2263887, -96.8638211",2024-12-22 12:17:12,1,0.9274767637252808,9.248,,,Rough-legged Hawk (Dark morph),0.931,Rough-legged Hawk (Dark morph) (93.05%) | Vaux's Swift (3.59%) | Common Tern (1.66%) | Chihuahuan Raven (1.20%) | Turkey Vulture (0.27%)
IMG_6002.JPG,"28.2263887, -96.8638211",2024-12-22 12:21:09,1,0.9722227454185486,5.593,,,Neotropic Cormorant,0.969,Neotropic Cormorant (96.94%) | Solitary Sandpiper (1.06%) | Allen's Hummingbird (Adult Male) (0.54%) | Gadwall (Breeding male) (0.34%) | Least Flycatcher (0.32%)
IMG_6011.JPG,"28.2263887, -96.8638211",2024-12-22 12:29:59,11,0.9933422207832336,7.464,,Manual: Sandhill Crane,,0,
IMG_6013.JPG,"28.2263887, -96.8638211",2024-12-22 12:31:46,2,0.9993225336074829,8.165,,Manual: Sandhill Crane,,0,
IMG_6032.JPG,"28.2263887, -96.8638211",2024-12-22 12:45:53,1,0.9996416568756104,7.064,,Manual: Whooping Crane,Sandhill Crane,0.879,"Sandhill Crane (87.91%) | Western Grebe (10.29%) | Reddish Egret (White morph) (1.80%) | Black-chinned Hummingbird (Female, immature) (0.00%) | Tundra Swan (0.00%)"
IMG_6040.JPG,"28.2263887, -96.8638211",2024-12-22 12:46:26,1,0.9995132684707642,6.302,,Manual: Whooping Crane,Sandhill Crane,0.828,"Sandhill Crane (82.78%) | Western Grebe (11.39%) | Reddish Egret (White morph) (5.83%) | Black-chinned Hummingbird (Female, immature) (0.00%) | Tundra Swan (0.00%)"
IMG_6042.JPG,"28.2263887, -96.8638211",2024-12-22 12:46:48,1,0.9994621872901917,4.516,Great Blue Heron,Great Blue Heron,Great Blue Heron,1.0,Great Blue Heron (99.99%) | Reddish Egret (Dark morph) (0.01%) | Willet (0.00%) | Tricolored Heron (0.00%) | Pileated Woodpecker (0.00%)
IMG_6043.JPG,"28.2263887, -96.8638211",2024-12-22 12:47:14,1,0.9995318651199341,5.182,Pied-billed Grebe,Pied-billed Grebe,Pied-billed Grebe,1.0,Pied-billed Grebe (100.00%) | Western Grebe (0.00%) | Eared Grebe (Nonbreeding/juvenile) (0.00%) | Red-necked Grebe (Nonbreeding/juvenile) (0.00%) | Red-necked Grebe (Breeding) (0.00%)
IMG_6044.JPG,"28.2263887, -96.8638211",2024-12-22 12:47:15,1,0.9995187520980835,4.136,Pied-billed Grebe,Pied-billed Grebe,Pied-billed Grebe,1.0,Pied-billed Grebe (100.00%) | Eared Grebe (Nonbreeding/juvenile) (0.00%) | Red-necked Grebe (Nonbreeding/juvenile) (0.00%) | Horned Grebe (Breeding) (0.00%) | Greater Yellowlegs (0.00%)
IMG_6047.JPG,"28.2263887, -96.8638211",2024-12-22 13:05:45,1,0.998849630355835,5.468,Black Vulture,Black Vulture,Black Vulture,1.0,Black Vulture (100.00%) | Turkey Vulture (0.00%) | Black Guillemot (Breeding) (0.00%) | Chihuahuan Raven (0.00%) | Common Raven (0.00%)
IMG_6050.JPG,"28.2263887, -96.8638211",2024-12-22 13:10:45,1,0.9877854585647583,7.873,,,Great Egret,0.51,Great Egret (51.04%) | Snowy Egret (38.49%) | Clark's Grebe (9.17%) | Caspian Tern (0.69%) | American White Pelican (0.51%)
IMG_6051.JPG,"28.2263887, -96.8638211",2024-12-22 13:10:48,1,0.9992997646331787,7.546,,,Snowy Egret,0.634,Snowy Egret (63.39%) | Clark's Grebe (30.28%) | Great Egret (4.77%) | Laughing Gull (Nonbreeding/Immature) (0.41%) | Scissor-tailed Flycatcher (0.31%)
IMG_6052.JPG,"28.2263887, -96.8638211",2024-12-22 13:10:50,2,0.870073676109314,10.601,,,,0,
IMG_6053.JPG,"28.2263887, -96.8638211",2024-12-22 13:10:53,2,0.875048816204071,9.152,,,,0,
IMG_6054.JPG,"28.2263887, -96.8638211",2024-12-22 13:10:54,1,0.9994818568229675,7.011,Caspian Tern,Caspian Tern,Caspian Tern,0.999,Caspian Tern (99.91%) | Common Tern (0.04%) | Broad-billed Hummingbird (Adult Male) (0.03%) | Laughing Gull (Nonbreeding/Immature) (0.01%) | Bonaparte's Gull (0.00%)
IMG_6055.JPG,"28.2263887, -96.8638211",2024-12-22 13:19:24,1,0.9970148801803589,7.256,Osprey,Osprey,Osprey,0.994,Osprey (99.39%) | Sharp-shinned Hawk (Immature) (0.54%) | Violet-green Swallow (0.04%) | Fish Crow (0.01%) | Great Cormorant (Adult) (0.00%)
IMG_6056.JPG,"28.2263887, -96.8638211",2024-12-22 14:46:36,1,0.9988296627998352,5.614,Laughing Gull,Laughing Gull,Laughing Gull (Nonbreeding/Immature),0.982,Laughing Gull (Nonbreeding/Immature) (98.24%) | Laughing Gull (Breeding) (1.15%) | Black-legged Kittiwake (Immature) (0.33%) | California Gull (Adult) (0.21%) | Heermann's Gull (Adult) (0.03%)
IMG_6057.JPG,"28.2263887, -96.8638211",2024-12-22 14:47:01,1,0.9983880519866943,5.514,Laughing Gull,Laughing Gull,Laughing Gull (Breeding),0.995,Laughing Gull (Breeding) (99.45%) | Laughing Gull (Nonbreeding/Immature) (0.55%) | Heermann's Gull (Adult) (0.00%) | Purple Finch (Female/immature) (0.00%) | Blue-headed Vireo (0.00%)
IMG_6058.JPG,"28.2263887, -96.8638211",2024-12-22 15:25:07,4,0.998776376247406,6.34,,,,0,
IMG_6059.JPG,"27.827191, -97.077962",2024-12-23 05:41:34,3,0.9987618923187256,5.974,,,,0,
IMG_6060.JPG,"27.827191, -97.077962",2024-12-23 05:41:39,11,0.9421031475067139,6.212,,,,0,
IMG_6061.JPG,"27.827191, -97.077962",2024-12-23 05:41:42,8,0.9613587856292725,5.573,,,,0,
IMG_6062.JPG,"27.827191, -97.077962",2024-12-23 05:41:54,10,0.8369420170783997,5.826,,,,0,
IMG_6063.JPG,"27.827191, -97.077962",2024-12-23 05:41:56,9,0.9910311698913574,6.36,,,,0,
IMG_6065.JPG,"27.827191, -97.077962",2024-12-23 05:43:19,5,0.9171330332756042,5.276,,,,0,
IMG_6069.JPG,"27.827191, -97.077962",2024-12-23 05:45:51,12,0.9988332390785217,5.752,,,,0,
IMG_6070.JPG,"27.827191, -97.077962",2024-12-23 05:45:59,4,0.9962790608406067,6.764,,,,0,
IMG_6072.JPG,"27.827191, -97.077962",2024-12-23 05:47:01,1,0.9863059520721436,3.819,Blue-winged Teal (Male),Manual: Blue-winged Teal,Blue-winged Teal (Male),1.0,Blue-winged Teal (Male) (100.00%) | Green-winged Teal (Male) (0.00%) | Northern Pintail (Breeding male) (0.00%) | Blue-winged Teal (Female/juvenile) (0.00%) | Northern Pintail (Female/Eclipse male) (0.00%)
IMG_6075.JPG,"27.827191, -97.077962",2024-12-23 05:47:19,8,0.99564528465271,5.289,,,,0,
IMG_6076.JPG,"27.827191, -97.077962",2024-12-23 05:47:37,1,0.9955032467842102,6.187,Common Gallinule,Common Gallinule,Common Gallinule (Immature),1.0,Common Gallinule (Immature) (99.99%) | Common Gallinule (Adult) (0.00%) | Gadwall (Breeding male) (0.00%) | Harris's Hawk (0.00%) | Bewick's Wren (0.00%)
IMG_6077.JPG,"27.827191, -97.077962",2024-12-23 05:47:52,1,0.9983512163162231,4.895,Common Gallinule,Common Gallinule,Common Gallinule (Immature),0.754,Common Gallinule (Immature) (75.44%) | Common Gallinule (Adult) (24.45%) | Pigeon Guillemot (Breeding) (0.09%) | Gadwall (Breeding male) (0.01%) | Bewick's Wren (0.01%)
IMG_6078.JPG,"27.827191, -97.077962",2024-12-23 05:48:14,8,0.7664475440979004,8.59,,,,0,
IMG_6079.JPG,"27.827191, -97.077962",2024-12-23 05:48:23,5,0.9972587823867798,7.015,,,,0,
IMG_6080.JPG,"27.827191, -97.077962",2024-12-23 05:48:28,4,0.998083233833313,7.097,,,,0,
IMG_6081.JPG,"27.827191, -97.077962",2024-12-23 05:48:35,2,0.9990881681442261,3.732,,,,0,
IMG_6085.JPG,"27.827191, -97.077962",2024-12-23 05:53:46,1,0.9785124063491821,5.932,Black-necked Stilt,Black-necked Stilt,Black-necked Stilt,1.0,Black-necked Stilt (100.00%) | American Avocet (0.00%) | Western Grebe (0.00%) | Ring-necked Duck (Breeding male) (0.00%) | Bonaparte's Gull (0.00%)
IMG_6087.JPG,"27.827191, -97.077962",2024-12-23 05:54:19,1,0.9994581341743469,5.373,American White Pelican,American White Pelican,American White Pelican,1.0,American White Pelican (100.00%) | Mute Swan (0.00%) | Red-necked Grebe (Breeding) (0.00%) | Clark's Grebe (0.00%) | Herring Gull (Adult) (0.00%)
IMG_6092.JPG,"27.827191, -97.077962",2024-12-23 05:57:00,9,0.9943554401397705,6.108,,,,0,
IMG_6093.JPG,"27.827191, -97.077962",2024-12-23 05:57:02,11,0.9974368810653687,6.002,,,,0,
IMG_6094.JPG,"27.827191, -97.077962",2024-12-23 05:58:39,1,0.9996463060379028,5.401,,,Green-winged Teal (Female/juvenile),0.957,Green-winged Teal (Female/juvenile) (95.71%) | Cinnamon Teal (Female/juvenile) (3.36%) | Blue-winged Teal (Female/juvenile) (0.93%) | Ruddy Duck (Female/juvenile) (0.00%) | Mallard (Female/Eclipse male) (0.00%)
IMG_6096.JPG,"27.827191, -97.077962",2024-12-23 06:03:17,27,0.9879986047744751,9.105,,,,0,
IMG_6097.JPG,"27.827191, -97.077962",2024-12-23 06:03:26,2,0.9995850920677185,5.625,,,,0,
IMG_6101.JPG,"27.827191, -97.077962",2024-12-23 06:06:40,2,0.9975130558013916,6.516,,,,0,
IMG_6103.JPG,"27.827191, -97.077962",2024-12-23 06:06:44,1,0.9996015429496765,4.235,,Manual: Mottled Duck,American Black Duck,0.994,American Black Duck (99.38%) | Mottled Duck (0.62%) | Blue-winged Teal (Female/juvenile) (0.00%) | Tundra Swan (0.00%) | Mallard (Breeding male) (0.00%)
IMG_6105.JPG,"27.827191, -97.077962",2024-12-23 06:07:37,4,0.9993152618408203,5.791,,,,0,
IMG_6106.JPG,"27.827191, -97.077962",2024-12-23 06:08:05,1,0.9991742968559265,5.671,Great Egret,Great Egret,Great Egret,1.0,Great Egret (100.00%) | Cattle Egret (0.00%) | Snowy Egret (0.00%) | Clark's Grebe (0.00%) | American White Pelican (0.00%)
IMG_6107.JPG,"27.827191, -97.077962",2024-12-23 06:08:46,6,0.7286590933799744,5.779,,,,0,
IMG_6108.JPG,"27.827191, -97.077962",2024-12-23 06:08:49,8,0.9957648515701294,5.608,,,,0,
IMG_6109.JPG,"27.827191, -97.077962",2024-12-23 06:08:52,5,0.9971495270729065,5.035,,,,0,
IMG_6110.JPG,"27.827191, -97.077962",2024-12-23 06:10:01,15,0.984167754650116,4.836,,,,0,
IMG_6113.JPG,"27.827191, -97.077962",2024-12-23 06:12:32,1,0.998076319694519,6.51,Reddish Egret (White morph),Reddish Egret (White morph),Reddish Egret (White morph),1.0,Reddish Egret (White morph) (100.00%) | Snowy Egret (0.00%) | Reddish Egret (Dark morph) (0.00%) | Little Blue Heron (Immature) (0.00%) | Willet (0.00%)
IMG_6119.JPG,"27.827191, -97.077962",2024-12-23 06:15:02,9,0.9944378137588501,7.014,,,,0,
IMG_6120.JPG,"27.827191, -97.077962",2024-12-23 06:15:26,1,0.9992960691452026,5.174,Willet,Willet,Willet,1.0,"Willet (100.00%) | Wilson's Phalarope (Nonbreeding, juvenile) (0.00%) | Dunlin (Nonbreeding/juvenile) (0.00%) | Black-chinned Hummingbird (Female, immature) (0.00%) | Whimbrel (0.00%)"
IMG_6121.JPG,"27.827191, -97.077962",2024-12-23 06:15:59,1,0.9985541701316833,6.594,,,Lesser Yellowlegs,0.627,"Lesser Yellowlegs (62.69%) | Spotted Sandpiper (Nonbreeding/juvenile) (30.33%) | Greater Yellowlegs (6.80%) | Black-chinned Hummingbird (Female, immature) (0.09%) | Red-throated Loon (Nonbreeding/juvenile) (0.08%)"
IMG_6122.JPG,"27.827191, -97.077962",2024-12-23 06:16:04,2,0.9953516721725464,5.725,,,,0,
IMG_6123.JPG,"27.827191, -97.077962",2024-12-23 06:16:34,2,0.9923334121704102,6.094,,,,0,
IMG_6124.JPG,"27.827191, -97.077962",2024-12-23 06:16:37,3,0.9818763136863708,6.79,,,,0,
IMG_6126.JPG,"27.827191, -97.077962",2024-12-23 06:18:45,1,0.998945415019989,7.405,White Ibis (Adult),White Ibis (Adult),White Ibis (Adult),1.0,White Ibis (Adult) (100.00%) | American White Pelican (0.00%) | Great Egret (0.00%) | White Ibis (Immature) (0.00%) | Roseate Spoonbill (0.00%)
IMG_6138.JPG,"27.827191, -97.077962",2024-12-23 06:22:33,1,0.9990953207015991,5.035,Tricolored Heron,Tricolored Heron,Tricolored Heron,1.0,Tricolored Heron (100.00%) | Great Blue Heron (0.00%) | Little Blue Heron (Immature) (0.00%) | Black-crowned Night-Heron (Immature) (0.00%) | Willet (0.00%)
IMG_6140.JPG,"27.827191, -97.077962",2024-12-23 06:23:00,3,0.9989145994186401,6.783,,,,0,
IMG_6146.JPG,"27.827191, -97.077962",2024-12-23 06:24:05,6,0.995975911617279,5.235,,,,0,
IMG_6146~2.JPG,"27.827191, -97.077962",2024-12-23 04:24:05,3,0.9983637928962708,4.678,,,,0,
IMG_6150.JPG,"27.827191, -97.077962",2024-12-23 06:24:32,1,0.9993727803230286,4.798,Northern Mockingbird,Northern Mockingbird,Northern Mockingbird,1.0,"Northern Mockingbird (100.00%) | Black-chinned Hummingbird (Female, immature) (0.00%) | Townsend's Solitaire (0.00%) | Laughing Gull (Nonbreeding/Immature) (0.00%) | Northern Flicker (Red-shafted) (0.00%)"
IMG_6159.JPG,"27.827191, -97.077962",2024-12-23 06:27:10,10,0.9883164763450623,5.766,,,,0,
IMG_6162.JPG,"27.827191, -97.077962",2024-12-23 06:30:43,1,0.9995224475860596,3.814,,Manual: Greater Yellowlegs,"Wilson's Phalarope (Nonbreeding, juvenile)",0.898,"Wilson's Phalarope (Nonbreeding, juvenile) (89.83%) | Brewer's Sparrow (4.05%) | Spotted Sandpiper (Nonbreeding/juvenile) (2.75%) | Whimbrel (1.87%) | Least Sandpiper (0.79%)"
IMG_6163.JPG,"27.827191, -97.077962",2024-12-23 06:31:21,1,0.9994460940361023,3.838,,,Boat-tailed Grackle,0.989,Boat-tailed Grackle (98.94%) | Brewer's Blackbird (Female/Juvenile) (0.71%) | Great-tailed Grackle (0.26%) | Cooper's Hawk (Adult) (0.09%) | Painted Bunting (Female/juvenile) (0.00%)
IMG_6164.JPG,"27.827191, -97.077962",2024-12-23 06:31:24,1,0.9995773434638977,4.33,,,Great-tailed Grackle,0.856,Great-tailed Grackle (85.58%) | Boat-tailed Grackle (14.39%) | Common Grackle (0.03%) | Whimbrel (0.00%) | Brewer's Blackbird (Female/Juvenile) (0.00%)
IMG_6170.JPG,"27.827191, -97.077962",2024-12-23 06:36:49,1,0.9988164901733398,4.738,Eastern Phoebe,Eastern Phoebe,Eastern Phoebe,1.0,"Eastern Phoebe (100.00%) | Hutton's Vireo (0.00%) | Vermilion Flycatcher (Female, immature) (0.00%) | Say's Phoebe (0.00%) | Black-chinned Hummingbird (Female, immature) (0.00%)"
IMG_6171.JPG,"27.827191, -97.077962",2024-12-23 06:36:50,2,0.9914610385894775,8.089,,Manual: Eastern Phoebe,,0,
IMG_6172.JPG,"27.827191, -97.077962",2024-12-23 06:36:51,1,0.9985342025756836,6.495,Eastern Phoebe,Eastern Phoebe,Eastern Phoebe,1.0,"Eastern Phoebe (100.00%) | Vermilion Flycatcher (Female, immature) (0.00%) | Pigeon Guillemot (Nonbreeding, juvenile) (0.00%) | Gray Jay (0.00%) | Bank Swallow (0.00%)"
IMG_6174.JPG,"27.827191, -97.077962",2024-12-23 06:42:16,3,0.9865418672561646,5.345,,,,0,
IMG_6175.JPG,"27.827191, -97.077962",2024-12-23 06:42:18,1,0.99293053150177,5.231,Green-winged Teal (Female/juvenile),Green-winged Teal (Female/juvenile),Green-winged Teal (Female/juvenile),1.0,Green-winged Teal (Female/juvenile) (99.99%) | Cinnamon Teal (Female/juvenile) (0.00%) | Mallard (Female/Eclipse male) (0.00%) | Northern Pintail (Female/Eclipse male) (0.00%) | Blue-winged Teal (Female/juvenile) (0.00%)
IMG_6187.JPG,"26.118742, -97.169901",2024-12-23 13:24:53,30,0.8453429937362671,9.175,,,,0,
IMG_6188.JPG,"26.118742, -97.169901",2024-12-23 13:24:55,33,0.7442288398742676,10.254,,,,0,
IMG_6192.JPG,"26.118742, -97.169901",2024-12-23 13:30:15,1,0.9993085861206055,6.078,,Manual: Laughing Gull,Laughing Gull (Breeding),0.866,"Laughing Gull (Breeding) (86.63%) | Mew Gull (9.87%) | Bonaparte's Gull (1.26%) | Pigeon Guillemot (Nonbreeding, juvenile) (1.20%) | Laughing Gull (Nonbreeding/Immature) (0.50%)"
IMG_6199.JPG,"26.118742, -97.169901",2024-12-23 13:38:30,1,0.9983888864517212,6.0,Roseate Spoonbill,Roseate Spoonbill,Roseate Spoonbill,1.0,Roseate Spoonbill (100.00%) | White Ibis (Adult) (0.00%) | Glaucous-winged Gull (Immature) (0.00%) | Glaucous-winged Gull (Adult) (0.00%) | Rufous Hummingbird (Adult Male) (0.00%)
IMG_6200.JPG,"26.118742, -97.169901",2024-12-23 13:38:34,1,0.9990202188491821,5.343,Roseate Spoonbill,Roseate Spoonbill,Roseate Spoonbill,1.0,Roseate Spoonbill (99.95%) | Reddish Egret (White morph) (0.02%) | White Ibis (Adult) (0.02%) | Glaucous-winged Gull (Adult) (0.00%) | Osprey (0.00%)
IMG_6201.JPG,"26.118742, -97.169901",2024-12-23 13:40:24,5,0.8274715542793274,6.758,,,,0,
IMG_6202.JPG,No GPS Data,2024-12-23 13:40:32,0,0,0.0,,,,0,
IMG_6203.JPG,No GPS Data,2024-12-23 13:40:35,0,0,0.0,,,,0,
IMG_6204.JPG,"26.118742, -97.169901",2024-12-23 13:40:39,9,0.9073778986930847,8.313,,,,0,
IMG_6205.JPG,"26.118742, -97.169901",2024-12-23 13:41:19,2,0.9992055296897888,8.506,,,,0,
IMG_6206.JPG,"26.118742, -97.169901",2024-12-23 13:49:41,8,0.9983313679695129,9.265,,,,0,
IMG_6209.JPG,"26.118742, -97.169901",2024-12-23 13:51:43,1,0.992119550704956,7.505,Belted Kingfisher,Belted Kingfisher,Belted Kingfisher,1.0,Belted Kingfisher (100.00%) | Boat-tailed Grackle (0.00%) | Loggerhead Shrike (0.00%) | Red-headed Woodpecker (Immature) (0.00%) | Ruby-throated Hummingbird (Adult Male) (0.00%)
IMG_6211.JPG,"26.118742, -97.169901",2024-12-23 13:54:52,1,0.9995306730270386,6.778,Mottled Duck,Mottled Duck,Mottled Duck,0.996,Mottled Duck (99.56%) | Mallard (Female/Eclipse male) (0.44%) | Red-throated Loon (Nonbreeding/juvenile) (0.00%) | Greater Yellowlegs (0.00%) | Gadwall (Female/Eclipse male) (0.00%)
IMG_6212.JPG,"26.118742, -97.169901",2024-12-23 13:54:54,2,0.9878766536712646,8.236,,,,0,
IMG_6213.JPG,"26.118742, -97.169901",2024-12-23 13:54:56,2,0.9978607296943665,7.599,,,,0,
IMG_6214.JPG,"26.118742, -97.169901",2024-12-23 13:54:58,2,0.9984519481658936,7.38,,,,0,
IMG_6217.JPG,"26.118742, -97.169901",2024-12-23 13:59:05,2,0.9960874319076538,7.7,,,,0,
IMG_6218.JPG,"26.118742, -97.169901",2024-12-23 13:59:22,1,0.9992121458053589,6.669,,Manual: Laughing Gull,California Gull (Adult),0.873,"California Gull (Adult) (87.31%) | Mew Gull (7.06%) | Laughing Gull (Breeding) (2.24%) | Pigeon Guillemot (Nonbreeding, juvenile) (1.79%) | Laughing Gull (Nonbreeding/Immature) (1.21%)"
IMG_6219.JPG,"26.118742, -97.169901",2024-12-23 13:59:57,1,0.9984858632087708,6.779,,,Black-legged Kittiwake (Immature),0.777,Black-legged Kittiwake (Immature) (77.69%) | Tundra Swan (14.88%) | Ring-billed Gull (Immature) (6.38%) | Laughing Gull (Breeding) (0.66%) | Western Sandpiper (0.11%)
IMG_6220.JPG,"26.118742, -97.169901",2024-12-23 14:03:55,1,0.9908566474914551,6.411,Redhead (Breeding male),Redhead (Breeding male),Redhead (Breeding male),1.0,Redhead (Breeding male) (100.00%) | Canvasback (Breeding male) (0.00%) | Lesser Scaup (Breeding male) (0.00%) | Redhead (Female/Eclipse male) (0.00%) | Rufous Hummingbird (Adult Male) (0.00%)
IMG_6223.JPG,"26.118742, -97.169901",2024-12-23 14:14:23,1,0.999306321144104,6.57,Neotropic Cormorant,Neotropic Cormorant,Neotropic Cormorant,1.0,Neotropic Cormorant (99.99%) | Double-crested Cormorant (Adult) (0.01%) | Great Cormorant (Immature) (0.00%) | Brandt's Cormorant (0.00%) | Golden-crowned Sparrow (Adult) (0.00%)
IMG_6227.JPG,"26.118742, -97.169901",2024-12-23 14:14:35,7,0.9846466183662415,8.141,,,,0,
IMG_6228.JPG,"26.118742, -97.169901",2024-12-23 14:15:24,1,0.9990830421447754,7.318,Black-bellied Whistling-Duck,Black-bellied Whistling-Duck,Black-bellied Whistling-Duck,1.0,"Black-bellied Whistling-Duck (100.00%) | Greater Scaup (Breeding male) (0.00%) | White-faced Ibis (0.00%) | Ruddy Duck (Breeding male) (0.00%) | Broad-tailed Hummingbird (Female, immature) (0.00%)"
IMG_6235.JPG,"26.118742, -97.169901",2024-12-23 14:20:25,13,0.8636309504508972,7.02,,,,0,
IMG_6243.JPG,"26.118742, -97.169901",2024-12-23 14:25:22,1,0.9996260404586792,8.606,,,Neotropic Cormorant,0.743,"Neotropic Cormorant (74.28%) | Double-crested Cormorant (Immature) (25.72%) | Cooper's Hawk (Adult) (0.00%) | Black-chinned Hummingbird (Female, immature) (0.00%) | Great Cormorant (Adult) (0.00%)"
IMG_6246.JPG,"26.118742, -97.169901",2024-12-23 14:30:30,1,0.9993688464164734,5.631,Pied-billed Grebe,Pied-billed Grebe,Pied-billed Grebe,1.0,Pied-billed Grebe (100.00%) | Horned Grebe (Breeding) (0.00%) | Red-necked Grebe (Nonbreeding/juvenile) (0.00%) | Cinnamon Teal (Female/juvenile) (0.00%) | Mallard (Female/Eclipse male) (0.00%)
IMG_6265.JPG,"26.118742, -97.169901",2024-12-24 05:57:43,4,0.9982840418815613,6.257,,,,0,
IMG_6266.JPG,"26.118742, -97.169901",2024-12-24 05:57:48,4,0.9990755319595337,6.016,,,,0,
IMG_6272.JPG,"26.077308, -97.208698",2024-12-24 05:59:37,9,0.9953278303146362,10.08,,,,0,
IMG_6273.JPG,"26.077308, -97.208698",2024-12-24 05:59:43,31,0.8909996151924133,9.894,,,,0,
IMG_6277.JPG,"26.077308, -97.208698",2024-12-24 06:00:44,4,0.9980416297912598,6.541,,,,0,
IMG_6286.JPG,"26.077308, -97.208698",2024-12-24 09:27:13,1,0.9990205764770508,9.172,Forster's Tern,,Forster's Tern,0.973,Forster's Tern (97.25%) | Common Tern (2.25%) | Black-legged Kittiwake (Adult) (0.29%) | Western Sandpiper (0.12%) | Semipalmated Plover (0.07%)
IMG_6288.JPG,"26.077308, -97.208698",2024-12-24 09:27:17,1,0.9961463212966919,9.707,,,Sanderling (Nonbreeding/juvenile),0.727,Sanderling (Nonbreeding/juvenile) (72.68%) | Forster's Tern (26.99%) | Western Sandpiper (0.19%) | Common Tern (0.09%) | Black-legged Kittiwake (Adult) (0.04%)
IMG_6291.JPG,"26.077308, -97.208698",2024-12-24 09:40:02,3,0.9990230798721313,7.458,,,,0,
IMG_6295.JPG,"26.077308, -97.208698",2024-12-24 09:40:38,2,0.9988858103752136,7.777,,,,0,
IMG_6296.JPG,"26.077308, -97.208698",2024-12-24 09:46:49,2,0.9990670084953308,5.495,,,,0,
IMG_6297.JPG,"26.077308, -97.208698",2024-12-24 09:46:51,2,0.9985191226005554,6.115,,,,0,
IMG_6301.JPG,"26.077308, -97.208698",2024-12-24 09:48:31,1,0.9992462396621704,7.235,Laughing Gull (Breeding),Laughing Gull (Breeding),Laughing Gull (Breeding),1.0,"Laughing Gull (Breeding) (100.00%) | Black-legged Kittiwake (Adult) (0.00%) | California Gull (Adult) (0.00%) | Ruby-throated Hummingbird (Female, immature) (0.00%) | Bonaparte's Gull (0.00%)"
IMG_6337.JPG,"26.077308, -97.208698",2024-12-24 12:05:57,1,0.9979133009910583,5.364,,Manual: Golden-fronted Woodpecker,Gila Woodpecker,0.987,Gila Woodpecker (98.71%) | Golden-fronted Woodpecker (1.29%) | Pygmy Nuthatch (0.00%) | Red-bellied Woodpecker (0.00%) | Black-billed Magpie (0.00%)
IMG_6345.JPG,No GPS Data,2024-12-24 15:06:16,0,0,0.0,,Manual: Green Jay,,0,
IMG_6351.JPG,"25.94425917804108, -97.48140519728048",2024-12-24 15:25:14,1,0.997444748878479,6.015,Yellow-bellied Sapsucker,Yellow-bellied Sapsucker,Yellow-bellied Sapsucker,1.0,Yellow-bellied Sapsucker (99.99%) | Ladder-backed Woodpecker (0.01%) | Red-breasted Sapsucker (0.00%) | Brown Creeper (0.00%) | Red-bellied Woodpecker (0.00%)
IMG_6352.JPG,No GPS Data,2024-12-24 15:28:25,0,0,0.0,,Manual: Yellow-bellied Sapsucker,,0,
IMG_6355.JPG,"29.42416787558906, -98.48808903677961",2024-12-25 07:27:16,1,0.9976409673690796,5.054,,,House Finch (Adult Male),0.866,House Finch (Adult Male) (86.62%) | Blue Grosbeak (Female/juvenile) (10.41%) | Red-breasted Sapsucker (1.40%) | Gray-crowned Rosy-Finch (1.38%) | Orchard Oriole (Adult Male) (0.13%)
IMG_6364.JPG,No GPS Data,2024-12-25 08:21:35,0,0,0.0,,Manual: Northern Cardinal,,0,
IMG_6371.JPG,"29.42416787558906, -98.48808903677961",2024-12-25 08:39:31,1,0.9968194961547852,5.385,White-winged Dove,White-winged Dove,White-winged Dove,1.0,White-winged Dove (100.00%) | Common Ground-Dove (0.00%) | Band-tailed Pigeon (0.00%) | Mourning Dove (0.00%) | Greater White-fronted Goose (0.00%)
IMG_6382.JPG,"29.42416787558906, -98.48808903677961",2024-12-25 08:46:25,1,0.9874413013458252,5.24,White-winged Dove,White-winged Dove,White-winged Dove,0.998,White-winged Dove (99.81%) | Common Ground-Dove (0.12%) | Mourning Dove (0.04%) | Northern Flicker (Yellow-shafted) (0.02%) | European Starling (Juvenile) (0.01%)
IMG_6397.JPG,"29.387921845727366, -98.49898769007014",2024-12-25 13:36:50,1,0.9872887134552002,6.423,Yellow-rumped Warbler (Winter/juvenile Myrtle),Yellow-rumped Warbler (Winter/juvenile Myrtle),Yellow-rumped Warbler (Winter/juvenile Myrtle),0.995,Yellow-rumped Warbler (Winter/juvenile Myrtle) (99.49%) | Blackpoll Warbler (Female/juvenile) (0.49%) | Black-throated Gray Warbler (0.01%) | Black-throated Green Warbler (0.00%) | Cassin's Vireo (0.00%)
IMG_6398.JPG,"29.42416787558906, -98.48808903677961",2024-12-25 13:36:51,1,0.9934681057929993,7.884,,,Blackpoll Warbler (Female/juvenile),0.651,Blackpoll Warbler (Female/juvenile) (65.10%) | Black-throated Green Warbler (17.01%) | Cordilleran Flycatcher (8.51%) | Northern Pygmy-Owl (4.87%) | Yellow-rumped Warbler (Winter/juvenile Myrtle) (3.07%)
IMG_6400.JPG,"37.48568187442092, -122.14513382568396",2024-12-28 11:14:29,1,0.9912624359130859,5.973,Sharp-shinned Hawk (Adult ),Sharp-shinned Hawk (Adult ),Sharp-shinned Hawk (Adult ),0.999,Sharp-shinned Hawk (Adult ) (99.92%) | Cooper's Hawk (Adult) (0.08%) | Gila Woodpecker (0.00%) | Swainson's Hawk (Dark morph ) (0.00%) | Townsend's Solitaire (0.00%)
IMG_6401.JPG,"37.48568187442092, -122.14513382568396",2024-12-28 11:14:32,1,0.9985001087188721,5.982,,,Sharp-shinned Hawk (Adult ),0.981,Sharp-shinned Hawk (Adult ) (98.12%) | Cooper's Hawk (Adult) (1.88%) | Swainson's Hawk (Dark morph ) (0.00%) | Gila Woodpecker (0.00%) | Broad-winged Hawk (Adult) (0.00%)
IMG_6402.JPG,"37.48568187442092, -122.14513382568396",2024-12-28 11:14:34,1,0.9947085380554199,5.821,,,Sharp-shinned Hawk (Adult ),0.962,Sharp-shinned Hawk (Adult ) (96.23%) | Cooper's Hawk (Adult) (3.77%) | Swainson's Hawk (Dark morph ) (0.00%) | Gila Woodpecker (0.00%) | Townsend's Solitaire (0.00%)
IMG_6403.JPG,"37.48568187442092, -122.14513382568396",2024-12-28 11:14:36,1,0.9903401732444763,5.617,Sharp-shinned Hawk (Adult ),Sharp-shinned Hawk (Adult ),Sharp-shinned Hawk (Adult ),0.998,Sharp-shinned Hawk (Adult ) (99.76%) | Cooper's Hawk (Adult) (0.24%) | Gila Woodpecker (0.00%) | Townsend's Solitaire (0.00%) | Swainson's Hawk (Dark morph ) (0.00%)
IMG_6404.JPG,"37.48568187442092, -122.14513382568396",2024-12-28 11:14:39,1,0.996084451675415,5.586,Cooper's Hawk (Adult),Cooper's Hawk (Adult),Cooper's Hawk (Adult),1.0,"Cooper's Hawk (Adult) (100.00%) | Sharp-shinned Hawk (Adult ) (0.00%) | Swainson's Hawk (Dark morph ) (0.00%) | Calliope Hummingbird (Female, immature) (0.00%) | Gila Woodpecker (0.00%)"
IMG_6405.JPG,"37.48568187442092, -122.14513382568396",2024-12-28 11:14:43,1,0.99489426612854,5.79,,,Sharp-shinned Hawk (Adult ),0.934,Sharp-shinned Hawk (Adult ) (93.38%) | Cooper's Hawk (Adult) (6.62%) | Gila Woodpecker (0.00%) | Swainson's Hawk (Dark morph ) (0.00%) | Townsend's Solitaire (0.00%)
IMG_6406.JPG,"37.48568187442092, -122.14513382568396",2024-12-28 11:14:46,1,0.9968580007553101,6.109,,,Cooper's Hawk (Adult),0.977,Cooper's Hawk (Adult) (97.73%) | Sharp-shinned Hawk (Adult ) (2.27%) | Swainson's Hawk (Dark morph ) (0.00%) | Gila Woodpecker (0.00%) | Broad-winged Hawk (Adult) (0.00%)
IMG_6407.JPG,"37.48568187442092, -122.14513382568396",2024-12-28 11:14:49,1,0.9937693476676941,6.342,Sharp-shinned Hawk (Adult ),Sharp-shinned Hawk (Adult ),Sharp-shinned Hawk (Adult ),1.0,Sharp-shinned Hawk (Adult ) (100.00%) | Cooper's Hawk (Adult) (0.00%) | Gila Woodpecker (0.00%) | Broad-winged Hawk (Adult) (0.00%) | Swainson's Hawk (Dark morph ) (0.00%)
IMG_6408.JPG,"37.48568187442092, -122.14513382568396",2024-12-28 11:14:51,1,0.9963440299034119,6.122,,,Sharp-shinned Hawk (Adult ),0.899,Sharp-shinned Hawk (Adult ) (89.90%) | Cooper's Hawk (Adult) (10.10%) | Swainson's Hawk (Dark morph ) (0.00%) | Gila Woodpecker (0.00%) | Broad-winged Hawk (Adult) (0.00%)
IMG_6410.JPG,"37.48568187442092, -122.14513382568396",2024-12-28 11:14:56,1,0.9984024167060852,5.839,Sharp-shinned Hawk (Adult ),Sharp-shinned Hawk (Adult ),Sharp-shinned Hawk (Adult ),0.999,Sharp-shinned Hawk (Adult ) (99.90%) | Cooper's Hawk (Adult) (0.10%) | Gila Woodpecker (0.00%) | Swainson's Hawk (Dark morph ) (0.00%) | Mexican Jay (0.00%)
IMG_6412.JPG,"37.48568187442092, -122.14513382568396",2024-12-28 11:21:49,1,0.9995610117912292,6.077,"Northern Harrier (Female, immature)","Northern Harrier (Female, immature)","Northern Harrier (Female, immature)",1.0,"Northern Harrier (Female, immature) (100.00%) | Sharp-shinned Hawk (Immature) (0.00%) | Red-shouldered Hawk (Immature) (0.00%) | Allen's Hummingbird (Female, immature) (0.00%) | Hutton's Vireo (0.00%)"
IMG_6413.JPG,"37.48568187442092, -122.14513382568396",2024-12-28 11:21:53,1,0.999483585357666,5.816,"Northern Harrier (Female, immature)","Northern Harrier (Female, immature)","Northern Harrier (Female, immature)",1.0,"Northern Harrier (Female, immature) (100.00%) | American Kestrel (Female, immature) (0.00%) | Sharp-shinned Hawk (Immature) (0.00%) | Western Meadowlark (0.00%) | Red-shouldered Hawk (Immature) (0.00%)"
IMG_6415.JPG,"37.48568187442092, -122.14513382568396",2024-12-28 11:30:13,23,0.853579580783844,7.025,,,,0,
IMG_6416.JPG,"37.48568187442092, -122.14513382568396",2024-12-28 11:30:35,12,0.9557920098304749,7.46,,,,0,
IMG_6418.JPG,"37.48568187442092, -122.14513382568396",2024-12-28 11:51:06,1,0.9986587762832642,5.677,American Wigeon (Breeding male),American Wigeon (Breeding male),American Wigeon (Breeding male),1.0,American Wigeon (Breeding male) (100.00%) | Gadwall (Breeding male) (0.00%) | American Wigeon (Female/Eclipse male) (0.00%) | Swainson's Hawk (Light morph ) (0.00%) | Black-bellied Whistling-Duck (0.00%)
IMG_6419.JPG,"37.48568187442092, -122.14513382568396",2024-12-28 11:51:11,2,0.9950127005577087,7.193,,Manual: American Wigeon,,0,
IMG_6422.JPG,"37.48568187442092, -122.14513382568396",2024-12-28 12:06:57,1,0.8496654629707336,3.806,Canvasback (Breeding male),Manual: Canvasback,Canvasback (Breeding male),1.0,Canvasback (Breeding male) (100.00%) | Greater Scaup (Breeding male) (0.00%) | Redhead (Breeding male) (0.00%) | Rufous Hummingbird (Adult Male) (0.00%) | Laughing Gull (Breeding) (0.00%)
IMG_6423.JPG,"37.531593, -122.073349",2025-01-01 15:42:35,2,0.9989336133003235,6.027,,,,0,
IMG_6425.JPG,"37.531593, -122.073349",2025-01-01 15:42:39,4,0.9990248680114746,6.348,,,,0,
IMG_6426.JPG,"37.531593, -122.073349",2025-01-01 15:42:41,3,0.9983890056610107,6.495,,,,0,
IMG_6427.JPG,"37.531593, -122.073349",2025-01-01 15:42:46,3,0.9990980625152588,6.75,,,,0,
IMG_6428.JPG,"37.531593, -122.073349",2025-01-01 15:42:48,6,0.9875394105911255,6.735,,,,0,
IMG_6429.JPG,"37.531593, -122.073349",2025-01-01 15:42:52,4,0.9930363297462463,6.941,,,,0,
IMG_6430.JPG,"37.531593, -122.073349",2025-01-01 15:42:57,2,0.9858677983283997,7.485,,,,0,
IMG_6431.JPG,"37.531593, -122.073349",2025-01-01 15:43:00,3,0.9982776641845703,6.375,,,,0,
IMG_6432.JPG,"37.531593, -122.073349",2025-01-01 15:43:01,3,0.9955776929855347,6.217,,,,0,
IMG_6433.JPG,"37.531593, -122.073349",2025-01-01 15:44:27,2,0.9618626236915588,7.574,,,,0,
IMG_6434.JPG,"37.531593, -122.073349",2025-01-01 15:44:29,2,0.9994956254959106,6.548,,,,0,
IMG_6435.JPG,"37.531593, -122.073349",2025-01-01 15:44:30,2,0.9911443591117859,7.698,,,,0,
IMG_6436.JPG,"37.531593, -122.073349",2025-01-01 15:44:31,1,0.9991051554679871,5.429,Bonaparte's Gull,Bonaparte's Gull,Bonaparte's Gull,1.0,"Bonaparte's Gull (100.00%) | Wilson's Phalarope (Nonbreeding, juvenile) (0.00%) | Pigeon Guillemot (Nonbreeding, juvenile) (0.00%) | Black-legged Kittiwake (Immature) (0.00%) | Laughing Gull (Breeding) (0.00%)"
IMG_6437.JPG,"37.531593, -122.073349",2025-01-01 15:44:33,1,0.9995446801185608,6.097,Bonaparte's Gull,Bonaparte's Gull,Bonaparte's Gull,1.0,Bonaparte's Gull (100.00%) | Black-legged Kittiwake (Immature) (0.00%) | Laughing Gull (Breeding) (0.00%) | Ross's Goose (0.00%) | Black-legged Kittiwake (Adult) (0.00%)
IMG_6438.JPG,"37.531593, -122.073349",2025-01-01 15:44:34,2,0.9991093277931213,7.585,,,,0,
IMG_6439.JPG,"37.531593, -122.073349",2025-01-01 15:44:35,2,0.9975698590278625,7.544,,,,0,
IMG_6440.JPG,"37.531593, -122.073349",2025-01-01 15:44:37,2,0.9977710247039795,8.175,,,,0,
IMG_6441.JPG,"37.531593, -122.073349",2025-01-01 15:44:43,2,0.9995610117912292,7.304,,,,0,
IMG_6442.JPG,"37.531593, -122.073349",2025-01-01 15:45:30,1,0.9942505359649658,5.941,Least Sandpiper,Least Sandpiper,Least Sandpiper,1.0,Least Sandpiper (99.99%) | Mew Gull (0.01%) | Sanderling (Breeding) (0.00%) | Semipalmated Sandpiper (0.00%) | Bonaparte's Gull (0.00%)
IMG_6443.JPG,"37.531593, -122.073349",2025-01-01 15:45:32,1,0.9990718364715576,5.721,Least Sandpiper,Least Sandpiper,Least Sandpiper,1.0,Least Sandpiper (100.00%) | Semipalmated Sandpiper (0.00%) | Vesper Sparrow (0.00%) | American Pipit (0.00%) | Western Sandpiper (0.00%)
IMG_6444.JPG,"37.531593, -122.073349",2025-01-01 15:45:34,1,0.9991129040718079,4.616,Least Sandpiper,Least Sandpiper,Least Sandpiper,1.0,"Least Sandpiper (100.00%) | Vesper Sparrow (0.00%) | Harris's Sparrow (Immature) (0.00%) | Wilson's Phalarope (Nonbreeding, juvenile) (0.00%) | Brown-capped Rosy-Finch (0.00%)"
IMG_6445.JPG,"37.531593, -122.073349",2025-01-01 15:45:36,1,0.9993962049484253,4.882,Least Sandpiper,Least Sandpiper,Least Sandpiper,0.991,Least Sandpiper (99.10%) | Dunlin (Nonbreeding/juvenile) (0.69%) | Semipalmated Sandpiper (0.20%) | Cinnamon Teal (Female/juvenile) (0.00%) | Lesser Yellowlegs (0.00%)
IMG_6446.JPG,"37.531593, -122.073349",2025-01-01 15:45:37,1,0.9994621872901917,4.406,Least Sandpiper,Least Sandpiper,Least Sandpiper,1.0,Least Sandpiper (100.00%) | Semipalmated Sandpiper (0.00%) | Vesper Sparrow (0.00%) | Surfbird (0.00%) | Harris's Sparrow (Immature) (0.00%)
IMG_6447.JPG,"37.531593, -122.073349",2025-01-01 15:45:39,1,0.9993966817855835,6.027,Least Sandpiper,Least Sandpiper,Least Sandpiper,1.0,Least Sandpiper (100.00%) | Semipalmated Sandpiper (0.00%) | Vesper Sparrow (0.00%) | Solitary Sandpiper (0.00%) | Harris's Sparrow (Immature) (0.00%)
IMG_6448.JPG,"37.531593, -122.073349",2025-01-01 15:45:41,1,0.9993563294410706,6.118,Least Sandpiper,Least Sandpiper,Least Sandpiper,1.0,Least Sandpiper (100.00%) | Dark-eyed Junco (Slate-colored) (0.00%) | Harris's Sparrow (Immature) (0.00%) | Ruddy Turnstone (0.00%) | Blackpoll Warbler (Female/juvenile) (0.00%)
IMG_6449.JPG,"37.531593, -122.073349",2025-01-01 15:45:48,1,0.9996764659881592,4.947,Least Sandpiper,Least Sandpiper,Least Sandpiper,1.0,Least Sandpiper (100.00%) | Lesser Yellowlegs (0.00%) | Semipalmated Sandpiper (0.00%) | Western Sandpiper (0.00%) | Harris's Sparrow (Immature) (0.00%)
IMG_6450.JPG,"37.531593, -122.073349",2025-01-01 15:46:49,1,0.9995748400688171,5.166,Gull,Manual: California Gull,California Gull (Adult),0.999,California Gull (Adult) (99.94%) | Mew Gull (0.05%) | Black-legged Kittiwake (Immature) (0.01%) | Western Gull (Adult) (0.00%) | Glaucous-winged Gull (Adult) (0.00%)
IMG_6451.JPG,"37.531593, -122.073349",2025-01-01 15:47:15,1,0.9995999932289124,5.918,Bonaparte's Gull,Bonaparte's Gull,Bonaparte's Gull,1.0,Bonaparte's Gull (100.00%) | Black-legged Kittiwake (Immature) (0.00%) | Ross's Goose (0.00%) | Laughing Gull (Breeding) (0.00%) | Black-legged Kittiwake (Adult) (0.00%)
IMG_6453.JPG,"37.50453, -122.26231",2025-01-31 14:02:02,1,0.8267841935157776,4.051,Townsend's Warbler,Townsend's Warbler,Townsend's Warbler,1.0,Townsend's Warbler (100.00%) | Black-throated Green Warbler (0.00%) | Cape May Warbler (0.00%) | Blackburnian Warbler (0.00%) | Yellow-throated Warbler (0.00%)
IMG_6455.JPG,"37.50453, -122.26231",2025-01-31 14:02:14,1,0.9992903470993042,3.741,Townsend's Warbler,Townsend's Warbler,Townsend's Warbler,0.997,Townsend's Warbler (99.67%) | Cape May Warbler (0.31%) | Sanderling (Breeding) (0.00%) | Pacific-slope Flycatcher (0.00%) | Swainson's Hawk (Immature) (0.00%)
IMG_6456.JPG,"37.50453, -122.26231",2025-01-31 14:09:23,1,0.9982386827468872,4.433,,Manual: Nuttall's Woodpecker,Nuttall's Woodpecker,0.983,Nuttall's Woodpecker (98.32%) | Ladder-backed Woodpecker (1.68%) | Red-bellied Woodpecker (0.00%) | Northern Flicker (Yellow-shafted) (0.00%) | Calliope Hummingbird (Adult Male) (0.00%)
IMG_6457.JPG,"37.50453, -122.26231",2025-01-31 14:09:26,1,0.9939066767692566,3.668,,Manual: Nuttall's Woodpecker,Red-bellied Woodpecker,0.928,Red-bellied Woodpecker (92.84%) | Nuttall's Woodpecker (7.16%) | Ladder-backed Woodpecker (0.00%) | Black-legged Kittiwake (Immature) (0.00%) | Red-headed Woodpecker (Adult) (0.00%)
IMG_6459.JPG,"37.50453, -122.26231",2025-01-31 14:09:30,1,0.9210994243621826,4.08,,Nuttall's Woodpecker,Nuttall's Woodpecker,0.901,Nuttall's Woodpecker (90.08%) | Ladder-backed Woodpecker (9.90%) | Red-bellied Woodpecker (0.02%) | Northern Flicker (Yellow-shafted) (0.00%) | Prairie Falcon (0.00%)
IMG_6462.JPG,"37.5305145, -122.2623181",2025-02-08 10:12:03,1,0.9993212223052979,5.193,Common Goldeneye (Breeding male),Common Goldeneye (Breeding male),Common Goldeneye (Breeding male),1.0,Common Goldeneye (Breeding male) (100.00%) | Barrow's Goldeneye (Breeding male) (0.00%) | Hooded Merganser (Breeding male) (0.00%) | Bufflehead (Breeding male) (0.00%) | Harlequin Duck (Male) (0.00%)
IMG_6463.JPG,"37.5305145, -122.2623181",2025-02-08 10:15:35,7,0.7808632254600525,5.465,,,,0,
IMG_6464.JPG,No GPS Data,2025-02-08 10:15:49,0,0,0.0,,,,0,
IMG_6467.JPG,"37.5305145, -122.2623181",2025-02-08 10:19:19,2,0.8992609977722168,7.546,,,,0,
IMG_6468.JPG,"37.5305145, -122.2623181",2025-02-08 10:20:31,1,0.9996329545974731,4.932,,Greater Scaup (Breeding male),Greater Scaup (Breeding male),0.982,Greater Scaup (Breeding male) (98.16%) | Lesser Scaup (Breeding male) (1.84%) | Ring-necked Duck (Breeding male) (0.00%) | Canvasback (Breeding male) (0.00%) | Redhead (Breeding male) (0.00%)
IMG_6469.JPG,"37.5305145, -122.2623181",2025-02-08 10:21:13,1,0.9990004897117615,6.432,Greater Scaup (Breeding male),Greater Scaup (Breeding male),Greater Scaup (Breeding male),1.0,Greater Scaup (Breeding male) (100.00%) | Lesser Scaup (Breeding male) (0.00%) | Mallard (Breeding male) (0.00%) | Bufflehead (Breeding male) (0.00%) | Common Goldeneye (Breeding male) (0.00%)
IMG_6470.JPG,"37.5305145, -122.2623181",2025-02-08 10:21:15,1,0.9992077946662903,6.445,Greater Scaup (Breeding male),Greater Scaup (Breeding male),Greater Scaup (Breeding male),1.0,Greater Scaup (Breeding male) (100.00%) | Lesser Scaup (Breeding male) (0.00%) | Ring-necked Duck (Breeding male) (0.00%) | Canvasback (Breeding male) (0.00%) | Wood Duck (Breeding male) (0.00%)
IMG_6471.JPG,"37.5305145, -122.2623181",2025-02-08 10:21:16,1,0.9994602799415588,3.879,Greater Scaup (Breeding male),Greater Scaup (Breeding male),Greater Scaup (Breeding male),1.0,Greater Scaup (Breeding male) (100.00%) | Ring-necked Duck (Breeding male) (0.00%) | Canvasback (Breeding male) (0.00%) | Lesser Scaup (Breeding male) (0.00%) | Greater Scaup (Female/Eclipse male) (0.00%)
IMG_6473.JPG,"37.5305145, -122.2623181",2025-02-08 10:22:27,1,0.9993458390235901,5.172,,,Greater Scaup (Breeding male),0.977,Greater Scaup (Breeding male) (97.68%) | Lesser Scaup (Breeding male) (2.31%) | Canvasback (Breeding male) (0.00%) | Red-headed Woodpecker (Adult) (0.00%) | Gadwall (Breeding male) (0.00%)
IMG_6474.JPG,No GPS Data,2025-02-08 10:23:10,0,0,0.0,,,,0,
IMG_6476.JPG,"37.5305145, -122.2623181",2025-02-08 10:24:52,1,0.9983564019203186,6.161,Bufflehead (Breeding male),Bufflehead (Breeding male),Bufflehead (Breeding male),1.0,Bufflehead (Breeding male) (100.00%) | Common Goldeneye (Breeding male) (0.00%) | Hooded Merganser (Breeding male) (0.00%) | Long-tailed Duck (Winter male) (0.00%) | Greater Scaup (Breeding male) (0.00%)
IMG_6477.JPG,"37.5305145, -122.2623181",2025-02-08 10:25:29,2,0.7969975471496582,6.067,,,,0,
IMG_6478.JPG,"37.5305145, -122.2623181",2025-02-08 10:25:43,1,0.9980595707893372,7.251,Bufflehead (Female/immature male),Bufflehead (Female/immature male),Bufflehead (Female/immature male),1.0,Bufflehead (Female/immature male) (100.00%) | Hooded Merganser (Breeding male) (0.00%) | Bufflehead (Breeding male) (0.00%) | Long-tailed Duck (Female/juvenile) (0.00%) | Common Merganser (Female/immature male) (0.00%)
IMG_6479.JPG,"37.5305145, -122.2623181",2025-02-08 10:26:58,1,0.9993464350700378,5.318,Bufflehead (Breeding male),Bufflehead (Breeding male),Bufflehead (Breeding male),0.999,Bufflehead (Breeding male) (99.89%) | Northern Pintail (Breeding male) (0.10%) | Hooded Merganser (Breeding male) (0.00%) | Common Goldeneye (Breeding male) (0.00%) | Blue-winged Teal (Male) (0.00%)
IMG_6480.JPG,"37.5305145, -122.2623181",2025-02-08 10:27:01,1,0.9994168281555176,5.794,Bufflehead (Breeding male),Bufflehead (Breeding male),Bufflehead (Breeding male),1.0,Bufflehead (Breeding male) (100.00%) | Hooded Merganser (Breeding male) (0.00%) | Ruddy Duck (Winter male) (0.00%) | Common Goldeneye (Breeding male) (0.00%) | Ring-necked Duck (Breeding male) (0.00%)
IMG_6481.JPG,"37.5305145, -122.2623181",2025-02-08 10:27:06,1,0.9994897842407227,6.318,Bufflehead (Breeding male),Bufflehead (Breeding male),Bufflehead (Breeding male),1.0,Bufflehead (Breeding male) (100.00%) | Hooded Merganser (Breeding male) (0.00%) | Ring-necked Duck (Breeding male) (0.00%) | Common Goldeneye (Breeding male) (0.00%) | Ruddy Duck (Winter male) (0.00%)
IMG_6483.JPG,"37.5305145, -122.2623181",2025-02-08 10:28:26,1,0.9989145994186401,5.789,Common Goldeneye (Breeding male),Common Goldeneye (Breeding male),Common Goldeneye (Breeding male),1.0,Common Goldeneye (Breeding male) (100.00%) | Greater Scaup (Breeding male) (0.00%) | Ring-necked Duck (Breeding male) (0.00%) | Common Merganser (Breeding male) (0.00%) | Bufflehead (Breeding male) (0.00%)
IMG_6484.JPG,"37.5305145, -122.2623181",2025-02-08 10:28:30,1,0.9994327425956726,5.15,Common Goldeneye (Breeding male),Common Goldeneye (Breeding male),Common Goldeneye (Breeding male),1.0,Common Goldeneye (Breeding male) (100.00%) | Barrow's Goldeneye (Breeding male) (0.00%) | Hooded Merganser (Breeding male) (0.00%) | Bufflehead (Breeding male) (0.00%) | Harlequin Duck (Male) (0.00%)
IMG_6485.JPG,"37.5305145, -122.2623181",2025-02-08 10:28:31,2,0.9784623384475708,4.857,,,,0,
IMG_6486.JPG,"37.5305145, -122.2623181",2025-02-08 10:28:31,1,0.9993587136268616,5.173,Common Goldeneye (Breeding male),Common Goldeneye (Breeding male),Common Goldeneye (Breeding male),1.0,Common Goldeneye (Breeding male) (100.00%) | Common Merganser (Breeding male) (0.00%) | Hooded Merganser (Breeding male) (0.00%) | Bufflehead (Breeding male) (0.00%) | Laughing Gull (Breeding) (0.00%)
IMG_6487.JPG,"37.5305145, -122.2623181",2025-02-08 10:28:43,1,0.9976693987846375,5.202,,,Common Goldeneye (Breeding male),0.784,Common Goldeneye (Breeding male) (78.37%) | Common Eider (Adult male) (21.30%) | Long-tailed Duck (Winter male) (0.32%) | Harlequin Duck (Male) (0.01%) | Great Black-backed Gull (Adult) (0.00%)
IMG_6488.JPG,"37.5305145, -122.2623181",2025-02-08 10:28:44,1,0.9871834516525269,5.169,Common Goldeneye (Breeding male),Common Goldeneye (Breeding male),Common Goldeneye (Breeding male),1.0,Common Goldeneye (Breeding male) (100.00%) | Common Eider (Adult male) (0.00%) | Harlequin Duck (Male) (0.00%) | Greater Scaup (Breeding male) (0.00%) | Long-tailed Duck (Winter male) (0.00%)
IMG_6489.JPG,"37.5305145, -122.2623181",2025-02-08 10:28:45,1,0.9906519651412964,6.069,Common Goldeneye (Breeding male),Common Goldeneye (Breeding male),Common Goldeneye (Breeding male),0.995,Common Goldeneye (Breeding male) (99.55%) | Greater Scaup (Breeding male) (0.44%) | Canvasback (Breeding male) (0.01%) | Common Eider (Adult male) (0.01%) | Ring-necked Duck (Breeding male) (0.00%)
IMG_6490.JPG,"37.5305145, -122.2623181",2025-02-08 10:28:45,1,0.9995079040527344,4.779,,,Common Goldeneye (Breeding male),0.987,Common Goldeneye (Breeding male) (98.75%) | Greater Scaup (Breeding male) (1.23%) | Common Eider (Adult male) (0.02%) | Harlequin Duck (Male) (0.01%) | Great Black-backed Gull (Adult) (0.00%)
IMG_6491.JPG,"37.5305145, -122.2623181",2025-02-08 10:29:37,1,0.9957262277603149,3.951,Common Goldeneye (Female/Eclipse male),Common Goldeneye (Female/Eclipse male),Common Goldeneye (Female/Eclipse male),0.998,Common Goldeneye (Female/Eclipse male) (99.83%) | Bufflehead (Female/immature male) (0.16%) | Common Merganser (Female/immature male) (0.01%) | Common Goldeneye (Breeding male) (0.00%) | Northern Pintail (Breeding male) (0.00%)
IMG_6492.JPG,"37.5305145, -122.2623181",2025-02-08 10:29:44,1,0.9948720335960388,4.377,Pigeon Guillemot,Pigeon Guillemot,Pigeon Guillemot (Breeding),0.993,"Pigeon Guillemot (Breeding) (99.31%) | Pigeon Guillemot (Nonbreeding, juvenile) (0.29%) | Barrow's Goldeneye (Female/Eclipse male) (0.15%) | Gadwall (Breeding male) (0.14%) | Redhead (Breeding male) (0.03%)"
IMG_6493.JPG,"37.5305145, -122.2623181",2025-02-08 10:29:48,1,0.9955940842628479,6.162,,,Clark's Grebe,0.631,"Clark's Grebe (63.11%) | Pacific Loon (Breeding) (21.50%) | Pigeon Guillemot (Nonbreeding, juvenile) (6.88%) | Common Merganser (Female/immature male) (1.63%) | Common Eider (Immature/Eclipse male) (1.31%)"
IMG_6494.JPG,"37.5305145, -122.2623181",2025-02-08 10:29:49,3,0.7862170934677124,5.416,,,,0,
IMG_6495.JPG,"37.5305145, -122.2623181",2025-02-08 10:30:20,1,0.9984995126724243,5.831,Pied-billed Grebe,Pied-billed Grebe,Pied-billed Grebe,1.0,Pied-billed Grebe (100.00%) | Wood Duck (Female/Eclipse male) (0.00%) | Pacific Loon (Breeding) (0.00%) | Red-headed Woodpecker (Immature) (0.00%) | Common Goldeneye (Breeding male) (0.00%)
IMG_6496.JPG,"37.5305145, -122.2623181",2025-02-08 10:30:23,1,0.9838197827339172,5.203,Pied-billed Grebe,,Pied-billed Grebe,1.0,Pied-billed Grebe (100.00%) | Wood Duck (Female/Eclipse male) (0.00%) | Ruddy Duck (Winter male) (0.00%) | Brewer's Blackbird (Male) (0.00%) | Common Goldeneye (Breeding male) (0.00%)
IMG_6497.JPG,"37.5305145, -122.2623181",2025-02-08 10:34:11,1,0.9990205764770508,3.589,Tufted Duck,Tufted Duck,Ring-necked Duck (Breeding male),1.0,Ring-necked Duck (Breeding male) (99.99%) | Greater Scaup (Breeding male) (0.01%) | Lesser Scaup (Female/Eclipse male) (0.00%) | Lesser Scaup (Breeding male) (0.00%) | Greater Scaup (Female/Eclipse male) (0.00%)
IMG_6499.JPG,"37.5305145, -122.2623181",2025-02-08 10:34:16,1,0.9995071887969971,4.35,Tufted Duck,Tufted Duck,Ring-necked Duck (Breeding male),1.0,Ring-necked Duck (Breeding male) (100.00%) | Greater Scaup (Breeding male) (0.00%) | Lesser Scaup (Female/Eclipse male) (0.00%) | Lesser Scaup (Breeding male) (0.00%) | Canvasback (Breeding male) (0.00%)
IMG_6500.JPG,"37.5305145, -122.2623181",2025-02-08 10:34:19,1,0.9993904829025269,3.988,Tufted Duck,Tufted Duck,Ring-necked Duck (Breeding male),1.0,Ring-necked Duck (Breeding male) (99.99%) | Lesser Scaup (Breeding male) (0.01%) | Greater Scaup (Breeding male) (0.00%) | Ruddy Duck (Breeding male) (0.00%) | Bullock's Oriole (Female/Immature male) (0.00%)
IMG_6501.JPG,"37.5305145, -122.2623181",2025-02-08 10:34:20,1,0.9992413520812988,5.028,Tufted Duck,Tufted Duck,Ring-necked Duck (Breeding male),0.992,Ring-necked Duck (Breeding male) (99.18%) | Greater Scaup (Breeding male) (0.82%) | Lesser Scaup (Female/Eclipse male) (0.00%) | Lesser Scaup (Breeding male) (0.00%) | Ruddy Duck (Breeding male) (0.00%)
IMG_6502.JPG,"37.5305145, -122.2623181",2025-02-08 10:34:22,1,0.999745786190033,4.32,Tufted Duck,Tufted Duck,Ring-necked Duck (Breeding male),0.994,Ring-necked Duck (Breeding male) (99.42%) | Greater Scaup (Breeding male) (0.58%) | Lesser Scaup (Female/Eclipse male) (0.00%) | Eared Grebe (Breeding) (0.00%) | Ruddy Duck (Breeding male) (0.00%)
IMG_6503.JPG,"37.5305145, -122.2623181",2025-02-08 10:34:24,1,0.9986756443977356,4.058,Tufted Duck,Tufted Duck,Ring-necked Duck (Breeding male),0.996,Ring-necked Duck (Breeding male) (99.63%) | Greater Scaup (Breeding male) (0.37%) | Lesser Scaup (Breeding male) (0.00%) | Eared Grebe (Breeding) (0.00%) | Lesser Scaup (Female/Eclipse male) (0.00%)
IMG_6504.JPG,"37.5305145, -122.2623181",2025-02-08 10:34:25,1,0.9996432065963745,3.69,Tufted Duck,Tufted Duck,Ring-necked Duck (Breeding male),0.998,Ring-necked Duck (Breeding male) (99.80%) | Greater Scaup (Breeding male) (0.20%) | Canvasback (Breeding male) (0.00%) | White-winged Scoter (Male) (0.00%) | Surf Scoter (Male) (0.00%)
IMG_6505.JPG,"37.5305145, -122.2623181",2025-02-08 10:34:26,1,0.9993410706520081,4.688,,Manual: Tufted Duck,Ring-necked Duck (Breeding male),0.924,Ring-necked Duck (Breeding male) (92.38%) | Greater Scaup (Breeding male) (7.62%) | Canvasback (Breeding male) (0.00%) | Ruddy Duck (Breeding male) (0.00%) | Red-headed Woodpecker (Adult) (0.00%)
IMG_6506.JPG,"37.5305145, -122.2623181",2025-02-08 10:34:31,1,0.9987877011299133,4.332,,Manual: Tufted Duck,Ring-necked Duck (Breeding male),0.956,Ring-necked Duck (Breeding male) (95.56%) | Greater Scaup (Breeding male) (4.44%) | Ruddy Duck (Breeding male) (0.00%) | Eared Grebe (Breeding) (0.00%) | Canvasback (Breeding male) (0.00%)
IMG_6507.JPG,"37.5305145, -122.2623181",2025-02-08 10:34:33,2,0.9978965520858765,6.752,,Manual: Tufted Duck,,0,
IMG_6508.JPG,"37.5305145, -122.2623181",2025-02-08 10:34:37,1,0.999299168586731,4.219,Tufted Duck,Tufted Duck,Ring-necked Duck (Breeding male),0.998,Ring-necked Duck (Breeding male) (99.84%) | Greater Scaup (Breeding male) (0.16%) | Ruddy Duck (Breeding male) (0.00%) | Lesser Scaup (Breeding male) (0.00%) | Redhead (Breeding male) (0.00%)
IMG_6509.JPG,"37.5305145, -122.2623181",2025-02-08 10:34:39,2,0.995995044708252,6.352,,Manual: Tufted Duck,,0,
IMG_6510.JPG,"37.5305145, -122.2623181",2025-02-08 10:34:50,1,0.9995737671852112,4.55,Common Goldeneye (Breeding male),Common Goldeneye (Breeding male),Common Goldeneye (Breeding male),1.0,Common Goldeneye (Breeding male) (100.00%) | Bufflehead (Breeding male) (0.00%) | Common Merganser (Breeding male) (0.00%) | Hooded Merganser (Breeding male) (0.00%) | Harlequin Duck (Male) (0.00%)
IMG_6511.JPG,"37.5305145, -122.2623181",2025-02-08 10:34:52,1,0.9929694533348083,4.948,,Manual: Common Goldeneye,Common Goldeneye (Breeding male),0.977,Common Goldeneye (Breeding male) (97.71%) | Bufflehead (Breeding male) (1.60%) | Hooded Merganser (Breeding male) (0.69%) | Harlequin Duck (Male) (0.00%) | Clark's Grebe (0.00%)
IMG_6512.JPG,"37.5305145, -122.2623181",2025-02-08 10:34:54,1,0.9992515444755554,4.403,Common Goldeneye (Breeding male),Common Goldeneye (Breeding male),Common Goldeneye (Breeding male),1.0,Common Goldeneye (Breeding male) (100.00%) | Bufflehead (Breeding male) (0.00%) | Hooded Merganser (Breeding male) (0.00%) | Long-tailed Duck (Winter male) (0.00%) | Common Merganser (Breeding male) (0.00%)
IMG_6513.JPG,"37.5305145, -122.2623181",2025-02-08 10:34:57,3,0.8422424793243408,5.013,,Manual: Common Goldeneye,,0,
IMG_6514.JPG,"37.5305145, -122.2623181",2025-02-08 10:36:47,2,0.9962465167045593,6.619,,,,0,
IMG_6515.JPG,"37.5305145, -122.2623181",2025-02-08 10:36:48,2,0.9961850047111511,6.336,,,,0,
IMG_6516.JPG,"37.5305145, -122.2623181",2025-02-08 10:37:40,3,0.9948818683624268,6.476,,,,0,
IMG_6519.JPG,"37.5305145, -122.2623181",2025-02-08 10:38:53,1,0.999427855014801,4.363,Tufted Duck,Tufted Duck,Ring-necked Duck (Breeding male),0.999,Ring-necked Duck (Breeding male) (99.95%) | Greater Scaup (Breeding male) (0.05%) | Canvasback (Breeding male) (0.00%) | Ruddy Duck (Breeding male) (0.00%) | Red-headed Woodpecker (Adult) (0.00%)
IMG_6520.JPG,"37.5305145, -122.2623181",2025-02-08 10:38:55,1,0.9993243217468262,3.946,Tufted Duck,Tufted Duck,Ring-necked Duck (Breeding male),0.999,Ring-necked Duck (Breeding male) (99.89%) | Greater Scaup (Breeding male) (0.10%) | Lesser Scaup (Female/Eclipse male) (0.00%) | Canvasback (Breeding male) (0.00%) | Greater Scaup (Female/Eclipse male) (0.00%)
IMG_6522.JPG,"37.5305145, -122.2623181",2025-02-08 10:39:09,1,0.9993139505386353,4.094,Tufted Duck,Tufted Duck,Ring-necked Duck (Breeding male),0.999,Ring-necked Duck (Breeding male) (99.90%) | Greater Scaup (Breeding male) (0.10%) | Canvasback (Breeding male) (0.00%) | Laughing Gull (Breeding) (0.00%) | Eared Grebe (Breeding) (0.00%)
IMG_6523.JPG,"37.5305145, -122.2623181",2025-02-08 10:39:10,1,0.9994252920150757,3.79,Tufted Duck,Tufted Duck,Ring-necked Duck (Breeding male),0.999,Ring-necked Duck (Breeding male) (99.93%) | Greater Scaup (Breeding male) (0.07%) | Canvasback (Breeding male) (0.00%) | Eared Grebe (Breeding) (0.00%) | Lesser Scaup (Female/Eclipse male) (0.00%)
IMG_6524.JPG,"37.5305145, -122.2623181",2025-02-08 10:39:16,1,0.999402642250061,4.005,Tufted Duck,Tufted Duck,Ring-necked Duck (Breeding male),1.0,Ring-necked Duck (Breeding male) (99.99%) | Greater Scaup (Breeding male) (0.01%) | Canvasback (Breeding male) (0.00%) | Eared Grebe (Breeding) (0.00%) | Lesser Scaup (Female/Eclipse male) (0.00%)
IMG_6525.JPG,"37.5305145, -122.2623181",2025-02-08 10:39:19,1,0.9993733763694763,4.464,Tufted Duck,Tufted Duck,Ring-necked Duck (Breeding male),0.997,Ring-necked Duck (Breeding male) (99.74%) | Greater Scaup (Breeding male) (0.26%) | Lesser Scaup (Female/Eclipse male) (0.00%) | Canvasback (Breeding male) (0.00%) | Eared Grebe (Breeding) (0.00%)
IMG_6527.JPG,"37.5305145, -122.2623181",2025-02-08 10:40:11,2,0.9991538524627686,7.167,,,,0,
IMG_6528.JPG,"37.5305145, -122.2623181",2025-02-08 10:40:18,1,0.9991655349731445,4.625,Tufted Duck,Tufted Duck,Ring-necked Duck (Breeding male),1.0,Ring-necked Duck (Breeding male) (99.99%) | Greater Scaup (Breeding male) (0.01%) | Lesser Scaup (Breeding male) (0.00%) | Eared Grebe (Breeding) (0.00%) | Lesser Scaup (Female/Eclipse male) (0.00%)
IMG_6540.JPG,"37.5333794, -122.2421716",2025-02-08 11:07:43,2,0.9946521520614624,5.656,,,,0,
IMG_6549.JPG,"37.7707137, -120.8752185",2025-02-16 09:38:09,2,0.9027923941612244,5.436,,,,0,
IMG_6550.JPG,"37.7707137, -120.8752185",2025-02-16 09:38:12,1,0.9995174407958984,5.012,Yellow-billed Magpie,Yellow-billed Magpie,Yellow-billed Magpie,0.999,Yellow-billed Magpie (99.93%) | Black-billed Magpie (0.07%) | Laughing Gull (Breeding) (0.00%) | Black Guillemot (Breeding) (0.00%) | Boat-tailed Grackle (0.00%)
IMG_6552.JPG,"37.7707137, -120.8752185",2025-02-16 09:38:25,1,0.9993995428085327,5.179,Yellow-billed Magpie,Yellow-billed Magpie,Yellow-billed Magpie,1.0,Yellow-billed Magpie (99.98%) | Black-billed Magpie (0.02%) | Laughing Gull (Breeding) (0.00%) | Black Guillemot (Breeding) (0.00%) | Boat-tailed Grackle (0.00%)
IMG_6554.JPG,"37.7707137, -120.8752185",2025-02-16 09:38:30,1,0.9996362924575806,5.129,Yellow-billed Magpie,Yellow-billed Magpie,Yellow-billed Magpie,1.0,Yellow-billed Magpie (100.00%) | Black-billed Magpie (0.00%) | Laughing Gull (Breeding) (0.00%) | Black Guillemot (Breeding) (0.00%) | Northwestern Crow (0.00%)
IMG_6556.JPG,"37.7707137, -120.8752185",2025-02-16 09:38:37,1,0.9995098114013672,5.948,Yellow-billed Magpie,Yellow-billed Magpie,Yellow-billed Magpie,1.0,Yellow-billed Magpie (100.00%) | Black Guillemot (Breeding) (0.00%) | Black-billed Magpie (0.00%) | Laughing Gull (Breeding) (0.00%) | Boat-tailed Grackle (0.00%)
IMG_6559.JPG,"37.7707137, -120.8752185",2025-02-16 09:45:58,1,0.9983550906181335,8.101,,,Boat-tailed Grackle,0.708,Boat-tailed Grackle (70.84%) | Western Scrub-Jay (20.14%) | Florida Scrub-Jay (8.77%) | Eastern Bluebird (0.25%) | Blue-gray Gnatcatcher (0.01%)
IMG_6565.JPG,"37.7707137, -120.8752185",2025-02-16 09:59:07,2,0.7250707745552063,7.533,,,,0,
IMG_6566.JPG,"37.7707137, -120.8752185",2025-02-16 09:59:09,1,0.971634566783905,5.622,Wood Duck,Wood Duck,Wood Duck (Breeding male),0.997,Wood Duck (Breeding male) (99.66%) | Wood Duck (Female/Eclipse male) (0.34%) | Harlequin Duck (Male) (0.00%) | Ring-necked Duck (Female/Eclipse male) (0.00%) | Mallard (Female/Eclipse male) (0.00%)
IMG_6567.JPG,"37.7707137, -120.8752185",2025-02-16 09:59:11,4,0.9986146688461304,4.223,,,,0,
IMG_6568.JPG,"37.7707137, -120.8752185",2025-02-16 09:59:14,5,0.9979134202003479,5.6,,,,0,
IMG_6569.JPG,"37.7707137, -120.8752185",2025-02-16 09:59:23,4,0.9989956021308899,5.119,,,,0,
IMG_6570.JPG,"37.7707137, -120.8752185",2025-02-16 09:59:25,6,0.9151349067687988,6.225,,,,0,
IMG_6571.JPG,"37.7707137, -120.8752185",2025-02-16 09:59:28,4,0.9991657733917236,4.351,,,,0,
IMG_6572.JPG,"37.7707137, -120.8752185",2025-02-16 09:59:32,7,0.9799586534500122,5.451,,,,0,
IMG_6573.JPG,"37.7707137, -120.8752185",2025-02-16 09:59:35,6,0.9933019876480103,5.705,,,,0,
IMG_6574.JPG,"37.7707137, -120.8752185",2025-02-16 09:59:39,5,0.9816527962684631,4.621,,,,0,
IMG_6575.JPG,"37.7707137, -120.8752185",2025-02-16 10:00:16,2,0.9950103759765625,6.887,,Wood Duck,,0,
IMG_6576.JPG,"37.7707137, -120.8752185",2025-02-16 10:01:19,3,0.8544874787330627,4.765,,,,0,
IMG_6578.JPG,"37.7707137, -120.8752185",2025-02-16 10:06:25,2,0.9984157085418701,6.726,,,,0,
IMG_6580.JPG,"37.7707137, -120.8752185",2025-02-16 10:07:35,2,0.9979665279388428,5.314,,,,0,
IMG_6581.JPG,"37.7707137, -120.8752185",2025-02-16 10:07:38,2,0.9933253526687622,5.156,,,,0,
IMG_6582.JPG,"37.7707137, -120.8752185",2025-02-16 10:07:39,2,0.9965901374816895,5.516,,,,0,
IMG_6584.JPG,"37.7707137, -120.8752185",2025-02-16 10:07:43,2,0.9973108768463135,5.445,,,,0,
IMG_6585.JPG,"37.7707137, -120.8752185",2025-02-16 10:08:02,1,0.9992641806602478,7.321,Western Bluebird,Western Bluebird,Western Bluebird,1.0,Western Bluebird (100.00%) | Sharp-shinned Hawk (Adult ) (0.00%) | Lazuli Bunting (Adult Male) (0.00%) | Boreal Chickadee (0.00%) | Pygmy Nuthatch (0.00%)
IMG_6587.JPG,"37.7707137, -120.8752185",2025-02-16 10:08:06,1,0.9993317723274231,6.936,Western Bluebird,Western Bluebird,Western Bluebird,0.999,Western Bluebird (99.95%) | American Redstart (Female/juvenile) (0.03%) | Lazuli Bunting (Adult Male) (0.01%) | Red-headed Woodpecker (Adult) (0.00%) | Boreal Chickadee (0.00%)
IMG_6588.JPG,"37.7707137, -120.8752185",2025-02-16 10:08:18,1,0.9992755055427551,6.246,Cedar Waxwing,Cedar Waxwing,Cedar Waxwing,1.0,Cedar Waxwing (100.00%) | Bohemian Waxwing (0.00%) | Allen's Hummingbird (Adult Male) (0.00%) | Northern Cardinal (Female/Juvenile) (0.00%) | White-winged Dove (0.00%)
IMG_6593.JPG,"37.7707137, -120.8752185",2025-02-16 10:09:56,1,0.9985754489898682,4.978,,Manual: Western Bluebird,Western Bluebird,0.919,Western Bluebird (91.86%) | Sharp-shinned Hawk (Adult ) (7.23%) | Eastern Bluebird (0.47%) | Northern Shrike (0.15%) | Red-shouldered Hawk (Adult ) (0.13%)
IMG_6595.JPG,"37.7707137, -120.8752185",2025-02-16 10:10:55,2,0.9920030832290649,6.046,,,,0,
IMG_6602.JPG,"37.7707137, -120.8752185",2025-02-16 10:13:17,1,0.9991539716720581,4.797,Cedar Waxwing,Cedar Waxwing,Cedar Waxwing,1.0,Cedar Waxwing (100.00%) | Bohemian Waxwing (0.00%) | American Goldfinch (Female/Nonbreeding Male) (0.00%) | White-winged Dove (0.00%) | Rufous Hummingbird (Adult Male) (0.00%)
IMG_6604.JPG,"37.7707137, -120.8752185",2025-02-16 10:13:23,1,0.9986811280250549,6.813,Cedar Waxwing,Cedar Waxwing,Cedar Waxwing,1.0,Cedar Waxwing (100.00%) | Bohemian Waxwing (0.00%) | Northern Rough-winged Swallow (0.00%) | American Goldfinch (Female/Nonbreeding Male) (0.00%) | White-winged Dove (0.00%)
IMG_6606.JPG,"37.7707137, -120.8752185",2025-02-16 10:13:26,1,0.9992473125457764,4.886,Cedar Waxwing,Cedar Waxwing,Cedar Waxwing,1.0,Cedar Waxwing (100.00%) | Bohemian Waxwing (0.00%) | American Goldfinch (Female/Nonbreeding Male) (0.00%) | Dunlin (Nonbreeding/juvenile) (0.00%) | Purple Finch (Female/immature) (0.00%)
IMG_6607.JPG,"37.7707137, -120.8752185",2025-02-16 10:13:28,1,0.9988892674446106,5.004,Cedar Waxwing,Cedar Waxwing,Cedar Waxwing,1.0,Cedar Waxwing (100.00%) | Northern Cardinal (Female/Juvenile) (0.00%) | Tufted Titmouse (0.00%) | American Goldfinch (Female/Nonbreeding Male) (0.00%) | Black-throated Blue Warbler (Female/Immature male) (0.00%)
IMG_6608.JPG,"37.7707137, -120.8752185",2025-02-16 10:13:40,1,0.9989533424377441,6.408,Western Bluebird,Western Bluebird,Western Bluebird,1.0,Western Bluebird (100.00%) | Eastern Bluebird (0.00%) | Lazuli Bunting (Adult Male) (0.00%) | Swamp Sparrow (0.00%) | Western Gull (Adult) (0.00%)
IMG_6611.JPG,"37.7707137, -120.8752185",2025-02-16 10:21:05,1,0.9979787468910217,9.723,Chihuahuan Raven,Manual: Acorn Woodpecker,Chihuahuan Raven,0.992,Chihuahuan Raven (99.19%) | Swainson's Hawk (Light morph ) (0.41%) | Eastern Kingbird (0.14%) | Black-crowned Night-Heron (Adult) (0.11%) | Mallard (Female/Eclipse male) (0.07%)
IMG_6612.JPG,"37.7707137, -120.8752185",2025-02-16 10:23:07,2,0.9904389381408691,5.562,,Greater Yellowlegs,,0,
IMG_6613.JPG,"37.7707137, -120.8752185",2025-02-16 10:23:09,1,0.9964712858200073,4.399,,,Spotted Sandpiper (Nonbreeding/juvenile),0.508,Spotted Sandpiper (Nonbreeding/juvenile) (50.78%) | Lesser Yellowlegs (49.21%) | Solitary Sandpiper (0.01%) | Greater Yellowlegs (0.00%) | Tricolored Heron (0.00%)
IMG_6614.JPG,"37.7707137, -120.8752185",2025-02-16 10:23:53,1,0.9994285702705383,4.434,Wood Duck,Wood Duck,Wood Duck (Breeding male),1.0,Wood Duck (Breeding male) (100.00%) | Wood Duck (Female/Eclipse male) (0.00%) | Harlequin Duck (Male) (0.00%) | Ring-necked Duck (Female/Eclipse male) (0.00%) | California Quail (Male) (0.00%)
IMG_6617.JPG,"37.7707137, -120.8752185",2025-02-16 14:29:50,1,0.9992961883544922,7.451,Red-tailed Hawk,Red-tailed Hawk,Red-tailed Hawk (Light morph adult),0.999,Red-tailed Hawk (Light morph adult) (99.88%) | Red-tailed Hawk (Dark morph) (0.06%) | Red-tailed Hawk (Light morph immature) (0.05%) | Cooper's Hawk (Adult) (0.01%) | Swainson's Hawk (Dark morph ) (0.00%)
IMG_6619.JPG,"37.8065644, -120.7198784",2025-02-17 09:35:58,1,0.9978010058403015,5.108,Acorn Woodpecker,Acorn Woodpecker,Acorn Woodpecker,1.0,Acorn Woodpecker (100.00%) | Red-naped Sapsucker (0.00%) | Costa's Hummingbird (Adult Male) (0.00%) | Golden-fronted Woodpecker (0.00%) | Anna's Hummingbird (Adult Male) (0.00%)
IMG_6620.JPG,"37.8065644, -120.7198784",2025-02-17 09:37:04,1,0.9989883303642273,4.779,Oak Titmouse,Oak Titmouse,Oak Titmouse,1.0,Oak Titmouse (100.00%) | Juniper Titmouse (0.00%) | Boreal Chickadee (0.00%) | Ruby-crowned Kinglet (0.00%) | Hooded Merganser (Female/immature male) (0.00%)
IMG_6621.JPG,"37.8065644, -120.7198784",2025-02-17 09:37:05,1,0.9988239407539368,5.222,Oak Titmouse,Oak Titmouse,Oak Titmouse,1.0,Oak Titmouse (100.00%) | Juniper Titmouse (0.00%) | Tufted Titmouse (0.00%) | Hermit Thrush (0.00%) | Dark-eyed Junco (Red-backed/Gray-headed) (0.00%)
IMG_6622.JPG,"37.8065644, -120.7198784",2025-02-17 09:37:06,1,0.9990853071212769,5.067,Oak Titmouse,Oak Titmouse,Oak Titmouse,1.0,Oak Titmouse (100.00%) | Juniper Titmouse (0.00%) | Bushtit (0.00%) | Boreal Chickadee (0.00%) | Hooded Merganser (Female/immature male) (0.00%)
IMG_6623.JPG,"37.8065644, -120.7198784",2025-02-17 09:38:05,2,0.9987210631370544,5.439,,,,0,
IMG_6624.JPG,"37.8065644, -120.7198784",2025-02-17 09:38:08,2,0.9901676177978516,6.067,,,,0,
IMG_6625.JPG,"37.8065644, -120.7198784",2025-02-17 09:38:27,1,0.8202276229858398,5.605,Common Goldeneye (Female/Eclipse male),Common Goldeneye (Female/Eclipse male),Common Goldeneye (Female/Eclipse male),1.0,Common Goldeneye (Female/Eclipse male) (99.99%) | Hooded Merganser (Female/immature male) (0.00%) | American Wigeon (Female/Eclipse male) (0.00%) | Common Goldeneye (Breeding male) (0.00%) | Hooded Oriole (Female/Immature male) (0.00%)
IMG_6626.JPG,"37.8065644, -120.7198784",2025-02-17 09:45:40,1,0.999082088470459,6.705,,,Ruby-throated Hummingbird (Adult Male),0.639,"Ruby-throated Hummingbird (Adult Male) (63.89%) | Violet-green Swallow (9.57%) | Calliope Hummingbird (Female, immature) (8.96%) | Costa's Hummingbird (Adult Male) (5.37%) | Ruby-throated Hummingbird (Female, immature) (4.90%)"
IMG_6627.JPG,"37.8065644, -120.7198784",2025-02-17 09:45:47,1,0.9989816546440125,6.655,,,Cordilleran Flycatcher,0.387,"Cordilleran Flycatcher (38.66%) | Ruby-throated Hummingbird (Female, immature) (18.74%) | Common Ground-Dove (7.26%) | Anna's Hummingbird (Adult Male) (7.01%) | Ruby-throated Hummingbird (Adult Male) (6.67%)"
IMG_6628.JPG,"37.8065644, -120.7198784",2025-02-17 09:46:45,1,0.9991427659988403,5.803,European Starling,European Starling,European Starling (Nonbreeding Adult),1.0,European Starling (Nonbreeding Adult) (100.00%) | European Starling (Breeding Adult) (0.00%) | Rough-legged Hawk (Dark morph) (0.00%) | European Starling (Juvenile) (0.00%) | Pine Siskin (0.00%)
IMG_6629.JPG,"37.8065644, -120.7198784",2025-02-17 09:46:47,1,0.9989864230155945,5.866,European Starling,European Starling,European Starling (Nonbreeding Adult),0.998,European Starling (Nonbreeding Adult) (99.76%) | European Starling (Breeding Adult) (0.24%) | Rough-legged Hawk (Dark morph) (0.00%) | Pine Siskin (0.00%) | Great Cormorant (Adult) (0.00%)
IMG_6630.JPG,"37.8065644, -120.7198784",2025-02-17 09:46:52,1,0.9991555213928223,6.619,European Starling,European Starling,European Starling (Breeding Adult),0.786,European Starling (Breeding Adult) (78.58%) | European Starling (Nonbreeding Adult) (21.41%) | Rough-legged Hawk (Dark morph) (0.00%) | Pine Siskin (0.00%) | Red-winged Blackbird (Female/juvenile) (0.00%)
IMG_6631.JPG,"37.8065644, -120.7198784",2025-02-17 09:46:54,1,0.9988021850585938,6.095,European Starling,European Starling,European Starling (Nonbreeding Adult),0.968,European Starling (Nonbreeding Adult) (96.80%) | European Starling (Breeding Adult) (3.20%) | Rough-legged Hawk (Dark morph) (0.00%) | Pine Siskin (0.00%) | Red-winged Blackbird (Female/juvenile) (0.00%)
IMG_6632.JPG,"37.8065644, -120.7198784",2025-02-17 09:47:04,1,0.9957629442214966,6.522,Phainopepla (Female/juvenile),Phainopepla (Female/juvenile),Phainopepla (Female/juvenile),1.0,"Phainopepla (Female/juvenile) (100.00%) | Black-crested Titmouse (0.00%) | Western Wood-Pewee (0.00%) | Steller's Jay (0.00%) | Black-chinned Hummingbird (Female, immature) (0.00%)"
IMG_6633.JPG,"37.8065644, -120.7198784",2025-02-17 09:47:08,1,0.9603307247161865,4.669,Phainopepla (Female/juvenile),Phainopepla (Female/juvenile),Phainopepla (Female/juvenile),1.0,Phainopepla (Female/juvenile) (100.00%) | Ash-throated Flycatcher (0.00%) | Western Wood-Pewee (0.00%) | Pyrrhuloxia (0.00%) | Juniper Titmouse (0.00%)
IMG_6634.JPG,"37.8065644, -120.7198784",2025-02-17 09:48:15,1,0.998577356338501,5.033,,Manual: Phainopepla,Phainopepla (Female/juvenile),0.701,Phainopepla (Female/juvenile) (70.14%) | Black-tailed Gnatcatcher (22.30%) | Townsend's Solitaire (6.89%) | Say's Phoebe (0.41%) | Gray Catbird (0.11%)
IMG_6637.JPG,"37.8065644, -120.7198784",2025-02-17 09:57:11,3,0.9957422614097595,5.703,,,,0,
IMG_6638.JPG,"37.8065644, -120.7198784",2025-02-17 09:58:45,1,0.9981156587600708,6.066,Ring-necked Duck (Breeding male),Ring-necked Duck (Breeding male),Ring-necked Duck (Breeding male),1.0,Ring-necked Duck (Breeding male) (100.00%) | Greater Scaup (Breeding male) (0.00%) | Greater Scaup (Female/Eclipse male) (0.00%) | Red-headed Woodpecker (Adult) (0.00%) | Lesser Scaup (Breeding male) (0.00%)
IMG_6639.JPG,"37.8065644, -120.7198784",2025-02-17 10:00:13,1,0.9973170161247253,4.928,Ring-necked Duck (Breeding male),Ring-necked Duck (Breeding male),Ring-necked Duck (Breeding male),1.0,Ring-necked Duck (Breeding male) (100.00%) | Greater Scaup (Breeding male) (0.00%) | Trumpeter Swan (0.00%) | Common Goldeneye (Breeding male) (0.00%) | Red-headed Woodpecker (Adult) (0.00%)
IMG_6640.JPG,"37.8065644, -120.7198784",2025-02-17 10:00:15,1,0.9989528656005859,4.801,Ring-necked Duck (Breeding male),Ring-necked Duck (Breeding male),Ring-necked Duck (Breeding male),1.0,Ring-necked Duck (Breeding male) (100.00%) | Greater Scaup (Breeding male) (0.00%) | Red-headed Woodpecker (Adult) (0.00%) | Greater Scaup (Female/Eclipse male) (0.00%) | Common Goldeneye (Breeding male) (0.00%)
IMG_6641.JPG,"37.8065644, -120.7198784",2025-02-17 10:00:17,1,0.9977396726608276,4.397,Ring-necked Duck (Breeding male),Ring-necked Duck (Breeding male),Ring-necked Duck (Breeding male),1.0,Ring-necked Duck (Breeding male) (100.00%) | Greater Scaup (Breeding male) (0.00%) | Greater Scaup (Female/Eclipse male) (0.00%) | Red-headed Woodpecker (Adult) (0.00%) | Laughing Gull (Breeding) (0.00%)
IMG_6643.JPG,"37.8065644, -120.7198784",2025-02-17 10:00:24,1,0.9988468885421753,4.883,Ring-necked Duck (Breeding male),Ring-necked Duck (Breeding male),Ring-necked Duck (Breeding male),1.0,Ring-necked Duck (Breeding male) (100.00%) | Greater Scaup (Breeding male) (0.00%) | Common Goldeneye (Breeding male) (0.00%) | White-winged Scoter (Male) (0.00%) | Laughing Gull (Breeding) (0.00%)
IMG_6644.JPG,"37.8065644, -120.7198784",2025-02-17 10:00:34,2,0.885165274143219,8.208,,,,0,
IMG_6645.JPG,"37.8065644, -120.7198784",2025-02-17 10:00:42,4,0.8487287759780884,7.801,,,,0,
IMG_6646.JPG,"37.8065644, -120.7198784",2025-02-17 10:01:02,3,0.9985507130622864,5.401,,,,0,
IMG_6648.JPG,"37.8065644, -120.7198784",2025-02-17 10:01:39,3,0.9939380884170532,4.695,,,,0,
IMG_6649.JPG,"37.8065644, -120.7198784",2025-02-17 10:01:41,4,0.9960764050483704,5.08,,,,0,
IMG_6650.JPG,"37.8065644, -120.7198784",2025-02-17 10:02:40,4,0.9984570741653442,4.605,,,,0,
IMG_6651.JPG,"37.8065644, -120.7198784",2025-02-17 10:02:41,7,0.9422258138656616,5.556,,,,0,
IMG_6652.JPG,"37.8065644, -120.7198784",2025-02-17 10:03:29,1,0.9986233711242676,4.618,Common Gallinule (Immature),Manual: Sora,Common Gallinule (Immature),0.994,Common Gallinule (Immature) (99.37%) | Ross's Goose (0.17%) | Common Yellowthroat (Adult Male) (0.09%) | Wilson's Phalarope (Breeding) (0.09%) | Band-tailed Pigeon (0.05%)
IMG_6653.JPG,"37.8065644, -120.7198784",2025-02-17 10:03:33,1,0.998049259185791,4.905,,Manual: Sora,Common Gallinule (Immature),0.989,Common Gallinule (Immature) (98.94%) | Band-tailed Pigeon (0.29%) | Cassin's Kingbird (0.27%) | Greater White-fronted Goose (0.17%) | Mew Gull (0.05%)
IMG_6654.JPG,"37.8065644, -120.7198784",2025-02-17 10:03:37,1,0.9983552098274231,4.303,,Manual: Sora,Common Gallinule (Immature),0.557,Common Gallinule (Immature) (55.69%) | Band-tailed Pigeon (18.74%) | Common Yellowthroat (Adult Male) (7.37%) | Swainson's Hawk (Dark morph ) (5.73%) | Wilson's Phalarope (Breeding) (3.05%)
IMG_6655.JPG,"37.8065644, -120.7198784",2025-02-17 10:03:40,1,0.9893350005149841,5.462,,Manual: Sora,Common Gallinule (Immature),0.551,Common Gallinule (Immature) (55.11%) | Common Yellowthroat (Adult Male) (28.27%) | Ovenbird (10.42%) | Mourning Warbler (3.39%) | Purple Gallinule (Immature) (0.55%)
IMG_6656.JPG,"37.8065644, -120.7198784",2025-02-17 10:03:43,1,0.9946417808532715,4.549,,Manual: Sora,Common Gallinule (Immature),0.972,Common Gallinule (Immature) (97.20%) | Winter Wren (1.09%) | Scaled Quail (0.86%) | Wilson's Snipe (0.18%) | Horned Grebe (Nonbreeding/juvenile) (0.17%)
IMG_6657.JPG,No GPS Data,2025-02-17 10:04:24,0,0,0.0,,,,0,
IMG_6658.JPG,No GPS Data,2025-02-17 10:04:27,0,0,0.0,,,,0,
IMG_6659.JPG,"37.8065644, -120.7198784",2025-02-17 10:09:30,2,0.8815926313400269,6.796,,,,0,
IMG_6660.JPG,"37.8065644, -120.7198784",2025-02-17 10:09:31,1,0.995252251625061,6.884,American Coot,American Coot,American Coot,0.995,American Coot (99.49%) | Chihuahuan Raven (0.51%) | Common Merganser (Breeding male) (0.00%) | Western Grebe (0.00%) | Black Scoter (Male) (0.00%)
IMG_6661.JPG,No GPS Data,2025-02-17 10:09:56,0,0,0.0,,,,0,
IMG_6663.JPG,"37.8065644, -120.7198784",2025-02-17 10:17:04,1,0.9988707900047302,5.589,Mourning Dove,Mourning Dove,Mourning Dove,1.0,Mourning Dove (100.00%) | Common Ground-Dove (0.00%) | White-winged Dove (0.00%) | Eurasian Collared-Dove (0.00%) | Band-tailed Pigeon (0.00%)
IMG_6664.JPG,"37.8065644, -120.7198784",2025-02-17 10:17:09,1,0.9993249177932739,6.049,Mourning Dove,Mourning Dove,Mourning Dove,1.0,Mourning Dove (100.00%) | Common Ground-Dove (0.00%) | White-winged Dove (0.00%) | Eurasian Collared-Dove (0.00%) | Band-tailed Pigeon (0.00%)
IMG_6665.JPG,"37.8065644, -120.7198784",2025-02-17 10:17:12,1,0.9990898370742798,5.89,Mourning Dove,Mourning Dove,Mourning Dove,1.0,Mourning Dove (100.00%) | Common Ground-Dove (0.00%) | White-winged Dove (0.00%) | Eurasian Collared-Dove (0.00%) | Band-tailed Pigeon (0.00%)
IMG_6666.JPG,"37.8065644, -120.7198784",2025-02-17 10:17:49,1,0.8347405195236206,6.879,Red-shouldered Hawk (Immature),Red-shouldered Hawk (Immature),Red-shouldered Hawk (Immature),1.0,Red-shouldered Hawk (Immature) (99.99%) | Pigeon Guillemot (Breeding) (0.00%) | Rose-breasted Grosbeak (Female/immature male) (0.00%) | Fox Sparrow (Red) (0.00%) | Fox Sparrow (Sooty) (0.00%)
IMG_6667.JPG,"37.8065644, -120.7198784",2025-02-17 10:17:51,3,0.9014265537261963,6.177,,Manual: Red-shouldered Hawk,,0,
IMG_6668.JPG,"37.8065644, -120.7198784",2025-02-17 10:17:54,1,0.977222740650177,2.871,,Manual: Red-shouldered Hawk,"Bald Eagle (Immature, juvenile)",0.93,"Bald Eagle (Immature, juvenile) (93.03%) | Eastern Screech-Owl (6.35%) | White-throated Sparrow (White-striped) (0.20%) | Song Sparrow (0.10%) | Red-breasted Sapsucker (0.08%)"
IMG_6669.JPG,"37.8065644, -120.7198784",2025-02-17 10:23:01,1,0.996694803237915,6.538,California Scrub-Jay,California Scrub-Jay,Western Scrub-Jay,0.996,Western Scrub-Jay (99.65%) | Florida Scrub-Jay (0.17%) | Black-tailed Gnatcatcher (0.08%) | Hermit Thrush (0.05%) | Fox Sparrow (Thick-billed/Slate-colored) (0.02%)
IMG_6670.JPG,"37.8065644, -120.7198784",2025-02-17 10:23:03,1,0.9985091090202332,6.029,California Scrub-Jay,California Scrub-Jay,Western Scrub-Jay,1.0,Western Scrub-Jay (100.00%) | Hermit Thrush (0.00%) | Black-tailed Gnatcatcher (0.00%) | Tree Swallow (0.00%) | Rough-legged Hawk (Light morph) (0.00%)
IMG_6671.JPG,"37.8065644, -120.7198784",2025-02-17 10:23:06,1,0.9971092343330383,5.989,,Manual: California Scrub-Jay,Black-tailed Gnatcatcher,0.836,Black-tailed Gnatcatcher (83.55%) | Northern Mockingbird (14.61%) | Townsend's Solitaire (1.37%) | Northern Shrike (0.28%) | Sharp-shinned Hawk (Adult ) (0.14%)
IMG_6672.JPG,"37.8065644, -120.7198784",2025-02-17 10:23:09,1,0.9986655712127686,5.994,,Manual: California Scrub-Jay,Black-tailed Gnatcatcher,0.986,Black-tailed Gnatcatcher (98.64%) | Western Scrub-Jay (0.78%) | Northern Mockingbird (0.55%) | Hermit Thrush (0.01%) | Plumbeous Vireo (0.01%)
IMG_6673.JPG,"37.8065644, -120.7198784",2025-02-17 10:23:11,1,0.9982225298881531,6.222,California Scrub-Jay,California Scrub-Jay,Western Scrub-Jay,1.0,Western Scrub-Jay (100.00%) | Fox Sparrow (Thick-billed/Slate-colored) (0.00%) | Florida Scrub-Jay (0.00%) | Blue Jay (0.00%) | Rough-legged Hawk (Light morph) (0.00%)
IMG_6674.JPG,"37.8065644, -120.7198784",2025-02-17 10:32:32,7,0.9987289309501648,6.298,,,,0,
IMG_6675.JPG,"37.8065644, -120.7198784",2025-02-17 10:32:35,8,0.8939035534858704,7.528,,,,0,
IMG_6676.JPG,No GPS Data,2025-02-17 10:35:31,0,0,0.0,,Manual: Ruby-crowned Kinglet,,0,
IMG_6678.JPG,"37.8065644, -120.7198784",2025-02-17 10:36:19,1,0.9967074394226074,6.135,Hummingbird,Manual: Anna's Hummingbird,Costa's Hummingbird (Adult Male),0.996,Costa's Hummingbird (Adult Male) (99.63%) | Ruby-throated Hummingbird (Adult Male) (0.29%) | Allen's Hummingbird (Adult Male) (0.05%) | Anna's Hummingbird (Adult Male) (0.03%) | Black-chinned Hummingbird (Adult Male) (0.00%)
IMG_6679.JPG,"37.8065644, -120.7198784",2025-02-17 10:36:22,1,0.9991717338562012,6.141,Hummingbird,Manual: Anna's Hummingbird,Costa's Hummingbird (Adult Male),0.988,Costa's Hummingbird (Adult Male) (98.85%) | Ruby-throated Hummingbird (Adult Male) (1.01%) | Broad-billed Hummingbird (Adult Male) (0.07%) | Black-chinned Hummingbird (Adult Male) (0.03%) | Anna's Hummingbird (Adult Male) (0.03%)
IMG_6680.JPG,"37.8065644, -120.7198784",2025-02-17 10:37:46,1,0.9985973238945007,5.05,Ring-necked Duck (Breeding male),Ring-necked Duck (Breeding male),Ring-necked Duck (Breeding male),1.0,Ring-necked Duck (Breeding male) (100.00%) | Greater Scaup (Breeding male) (0.00%) | Surf Scoter (Male) (0.00%) | Red-headed Woodpecker (Adult) (0.00%) | Tricolored Heron (0.00%)
IMG_6681.JPG,"37.8065644, -120.7198784",2025-02-17 10:37:49,1,0.9989172220230103,4.744,Ring-necked Duck (Breeding male),Ring-necked Duck (Breeding male),Ring-necked Duck (Breeding male),1.0,Ring-necked Duck (Breeding male) (100.00%) | Greater Scaup (Breeding male) (0.00%) | Surf Scoter (Male) (0.00%) | Ring-necked Duck (Female/Eclipse male) (0.00%) | Tricolored Heron (0.00%)
IMG_6682.JPG,"37.8065644, -120.7198784",2025-02-17 10:39:10,2,0.99777752161026,4.809,,,,0,
IMG_6683.JPG,No GPS Data,2025-02-17 10:43:58,0,0,0.0,,Manual: Great Horned Owl,,0,
IMG_6684.JPG,No GPS Data,2025-02-17 10:44:00,0,0,0.0,,Manual: Great Horned Owl,,0,
IMG_6685.JPG,No GPS Data,2025-02-17 10:44:03,0,0,0.0,,Manual: Great Horned Owl,,0,
IMG_6686.JPG,No GPS Data,2025-02-17 10:44:06,0,0,0.0,,Manual: Great Horned Owl,,0,
IMG_6687.JPG,"37.8065644, -120.7198784",2025-02-17 10:52:35,1,0.9987831711769104,7.577,Red-headed Woodpecker,Red-headed Woodpecker,Red-headed Woodpecker (Adult),1.0,Red-headed Woodpecker (Adult) (100.00%) | Red-headed Woodpecker (Immature) (0.00%) | Sharp-shinned Hawk (Adult ) (0.00%) | Pygmy Nuthatch (0.00%) | Black-throated Blue Warbler (Adult Male) (0.00%)
IMG_6688.JPG,"37.8065644, -120.7198784",2025-02-17 10:52:40,1,0.9988572597503662,6.784,Acorn Woodpecker,Acorn Woodpecker,Acorn Woodpecker,1.0,Acorn Woodpecker (100.00%) | Pileated Woodpecker (0.00%) | Red-headed Woodpecker (Adult) (0.00%) | Red-naped Sapsucker (0.00%) | Costa's Hummingbird (Adult Male) (0.00%)
IMG_6693.JPG,"37.57484562636785, -122.30527923598328",2025-02-23 09:48:33,1,0.9991788268089294,5.198,Red-winged Blackbird (Male),Red-winged Blackbird (Male),Red-winged Blackbird (Male),1.0,Red-winged Blackbird (Male) (100.00%) | Bronzed Cowbird (0.00%) | Brewer's Blackbird (Male) (0.00%) | American Redstart (Adult Male) (0.00%) | Bullock's Oriole (Adult male) (0.00%)
IMG_6694.JPG,"37.57484562636785, -122.30527923598328",2025-02-23 09:48:42,1,0.9991180300712585,5.062,Red-winged Blackbird (Male),Red-winged Blackbird (Male),Red-winged Blackbird (Male),1.0,Red-winged Blackbird (Male) (100.00%) | Bronzed Cowbird (0.00%) | Brewer's Blackbird (Male) (0.00%) | Bobolink (Breeding male) (0.00%) | Red-winged Blackbird (Female/juvenile) (0.00%)
IMG_6695.JPG,"37.57484562636785, -122.30527923598328",2025-02-23 09:48:46,1,0.9991245865821838,5.271,Red-winged Blackbird (Male),Red-winged Blackbird (Male),Red-winged Blackbird (Male),1.0,Red-winged Blackbird (Male) (100.00%) | Bronzed Cowbird (0.00%) | Brewer's Blackbird (Male) (0.00%) | Bobolink (Breeding male) (0.00%) | Red-winged Blackbird (Female/juvenile) (0.00%)
IMG_6696.JPG,"37.57484562636785, -122.30527923598328",2025-02-23 09:50:41,1,0.9995154142379761,5.012,Spotted Sandpiper,Spotted Sandpiper,Spotted Sandpiper (Nonbreeding/juvenile),1.0,Spotted Sandpiper (Nonbreeding/juvenile) (100.00%) | Spotted Sandpiper (Breeding) (0.00%) | Solitary Sandpiper (0.00%) | Louisiana Waterthrush (0.00%) | Least Sandpiper (0.00%)
IMG_6697.JPG,"37.57484562636785, -122.30527923598328",2025-02-23 09:50:43,1,0.999589741230011,5.121,Spotted Sandpiper (Nonbreeding/juvenile),Spotted Sandpiper (Nonbreeding/juvenile),Spotted Sandpiper (Nonbreeding/juvenile),1.0,"Spotted Sandpiper (Nonbreeding/juvenile) (100.00%) | Solitary Sandpiper (0.00%) | Lesser Yellowlegs (0.00%) | Red-eyed Vireo (0.00%) | Black-chinned Hummingbird (Female, immature) (0.00%)"
IMG_6698.JPG,"37.57484562636785, -122.30527923598328",2025-02-23 09:50:47,1,0.9994827508926392,4.47,Spotted Sandpiper (Nonbreeding/juvenile),Spotted Sandpiper (Nonbreeding/juvenile),Spotted Sandpiper (Nonbreeding/juvenile),1.0,Spotted Sandpiper (Nonbreeding/juvenile) (100.00%) | Solitary Sandpiper (0.00%) | Lesser Yellowlegs (0.00%) | Louisiana Waterthrush (0.00%) | Spotted Sandpiper (Breeding) (0.00%)
IMG_6699.JPG,"37.57484562636785, -122.30527923598328",2025-02-23 09:50:49,1,0.9994107484817505,4.723,Spotted Sandpiper (Nonbreeding/juvenile),Spotted Sandpiper (Nonbreeding/juvenile),Spotted Sandpiper (Nonbreeding/juvenile),1.0,Spotted Sandpiper (Nonbreeding/juvenile) (100.00%) | Solitary Sandpiper (0.00%) | Lesser Yellowlegs (0.00%) | Louisiana Waterthrush (0.00%) | Spotted Sandpiper (Breeding) (0.00%)
IMG_6700.JPG,"37.57484562636785, -122.30527923598328",2025-02-23 09:50:51,1,0.999518632888794,4.531,Spotted Sandpiper (Nonbreeding/juvenile),Spotted Sandpiper (Nonbreeding/juvenile),Spotted Sandpiper (Nonbreeding/juvenile),1.0,Spotted Sandpiper (Nonbreeding/juvenile) (100.00%) | Semipalmated Plover (0.00%) | Solitary Sandpiper (0.00%) | Tricolored Heron (0.00%) | Louisiana Waterthrush (0.00%)
IMG_6701.JPG,"37.57484562636785, -122.30527923598328",2025-02-23 09:50:52,1,0.9994890689849854,4.384,Spotted Sandpiper (Nonbreeding/juvenile),Spotted Sandpiper (Nonbreeding/juvenile),Spotted Sandpiper (Nonbreeding/juvenile),1.0,Spotted Sandpiper (Nonbreeding/juvenile) (100.00%) | Solitary Sandpiper (0.00%) | Lesser Yellowlegs (0.00%) | Louisiana Waterthrush (0.00%) | Semipalmated Plover (0.00%)
IMG_6703.JPG,"37.57484562636785, -122.30527923598328",2025-02-23 09:51:50,4,0.7653295993804932,6.738,,,,0,
IMG_6704.JPG,"37.57484562636785, -122.30527923598328",2025-02-23 09:58:32,1,0.9994485974311829,4.519,Burrowing Owl,Burrowing Owl,Burrowing Owl,1.0,Burrowing Owl (100.00%) | Northern Saw-whet Owl (0.00%) | Eastern Screech-Owl (0.00%) | Red-shouldered Hawk (Adult ) (0.00%) | California Quail (Male) (0.00%)
IMG_6705.JPG,"37.57484562636785, -122.30527923598328",2025-02-23 09:58:34,1,0.9989055395126343,4.121,Burrowing Owl,Burrowing Owl,Burrowing Owl,1.0,Burrowing Owl (100.00%) | Northern Saw-whet Owl (0.00%) | Eastern Screech-Owl (0.00%) | Red-shouldered Hawk (Adult ) (0.00%) | Fox Sparrow (Red) (0.00%)
IMG_6706.JPG,"37.57484562636785, -122.30527923598328",2025-02-23 09:58:38,1,0.9988853335380554,4.102,Burrowing Owl,Burrowing Owl,Burrowing Owl,1.0,Burrowing Owl (100.00%) | Northern Saw-whet Owl (0.00%) | Eastern Screech-Owl (0.00%) | Red-shouldered Hawk (Adult ) (0.00%) | Gila Woodpecker (0.00%)
IMG_6707.JPG,"37.57484562636785, -122.30527923598328",2025-02-23 09:58:48,1,0.9987792372703552,4.9,Burrowing Owl,Burrowing Owl,Burrowing Owl,1.0,Burrowing Owl (100.00%) | Red-shouldered Hawk (Adult ) (0.00%) | Northern Saw-whet Owl (0.00%) | Eastern Screech-Owl (0.00%) | Black-bellied Plover (Nonbreeding/juvenile) (0.00%)
IMG_6708.JPG,"37.57484562636785, -122.30527923598328",2025-02-23 09:58:50,1,0.9975988268852234,5.019,Burrowing Owl,Burrowing Owl,Burrowing Owl,1.0,"Burrowing Owl (100.00%) | Red-shouldered Hawk (Adult ) (0.00%) | Northern Saw-whet Owl (0.00%) | Vermilion Flycatcher (Female, immature) (0.00%) | Eastern Screech-Owl (0.00%)"
IMG_6709.JPG,"37.57484562636785, -122.30527923598328",2025-02-23 09:58:54,1,0.9977037310600281,4.62,Burrowing Owl,Burrowing Owl,Burrowing Owl,1.0,"Burrowing Owl (100.00%) | Red-shouldered Hawk (Adult ) (0.00%) | Northern Saw-whet Owl (0.00%) | Vermilion Flycatcher (Female, immature) (0.00%) | Eastern Screech-Owl (0.00%)"
IMG_6710.JPG,"37.57484562636785, -122.30527923598328",2025-02-23 09:58:57,1,0.9934419393539429,4.602,Burrowing Owl,Burrowing Owl,Burrowing Owl,1.0,"Burrowing Owl (100.00%) | Red-shouldered Hawk (Adult ) (0.00%) | Northern Saw-whet Owl (0.00%) | Eastern Screech-Owl (0.00%) | Vermilion Flycatcher (Female, immature) (0.00%)"
IMG_6711.JPG,"37.57484562636785, -122.30527923598328",2025-02-23 09:59:25,1,0.9993077516555786,4.342,Burrowing Owl,Burrowing Owl,Burrowing Owl,1.0,Burrowing Owl (100.00%) | Red-shouldered Hawk (Adult ) (0.00%) | Northern Saw-whet Owl (0.00%) | Eastern Screech-Owl (0.00%) | Barred Owl (0.00%)
IMG_6712.JPG,"37.57484562636785, -122.30527923598328",2025-02-23 09:59:29,1,0.980975866317749,4.49,Burrowing Owl,Burrowing Owl,Burrowing Owl,1.0,"Burrowing Owl (100.00%) | Red-shouldered Hawk (Adult ) (0.00%) | Northern Saw-whet Owl (0.00%) | Vermilion Flycatcher (Female, immature) (0.00%) | Gila Woodpecker (0.00%)"
IMG_6713.JPG,"37.57484562636785, -122.30527923598328",2025-02-23 09:59:39,1,0.9988596439361572,4.693,Burrowing Owl,Burrowing Owl,Burrowing Owl,1.0,Burrowing Owl (100.00%) | Northern Saw-whet Owl (0.00%) | Red-shouldered Hawk (Adult ) (0.00%) | Eastern Screech-Owl (0.00%) | Northern Pygmy-Owl (0.00%)
IMG_6714.JPG,"37.57484562636785, -122.30527923598328",2025-02-23 09:59:46,1,0.9980316758155823,4.613,Burrowing Owl,Burrowing Owl,Burrowing Owl,1.0,"Burrowing Owl (100.00%) | Red-shouldered Hawk (Adult ) (0.00%) | Northern Saw-whet Owl (0.00%) | Vermilion Flycatcher (Female, immature) (0.00%) | Eastern Screech-Owl (0.00%)"
IMG_6715.JPG,"37.57484562636785, -122.30527923598328",2025-02-23 10:08:48,1,0.9969075322151184,5.566,,,Fish Crow,0.326,Fish Crow (32.56%) | American Crow (30.40%) | Brewer's Blackbird (Female/Juvenile) (22.75%) | Chihuahuan Raven (8.21%) | Brewer's Blackbird (Male) (2.33%)
IMG_6716.JPG,"37.57484562636785, -122.30527923598328",2025-02-23 10:08:55,1,0.9988825917243958,5.312,Fish Crow,Manual: Common Raven,Fish Crow,0.991,Fish Crow (99.07%) | Chihuahuan Raven (0.61%) | Northwestern Crow (0.24%) | American Crow (0.05%) | Common Raven (0.01%)
IMG_6717.JPG,"37.57484562636785, -122.30527923598328",2025-02-23 10:08:57,1,0.9996848106384277,6.482,,,Common Raven,0.561,Common Raven (56.05%) | Chihuahuan Raven (32.36%) | Fish Crow (11.55%) | American Crow (0.02%) | Northwestern Crow (0.01%)
IMG_6718.JPG,"37.57484562636785, -122.30527923598328",2025-02-23 10:11:36,1,0.9991401433944702,4.392,,,Chihuahuan Raven,0.496,Chihuahuan Raven (49.61%) | American Crow (27.20%) | Laughing Gull (Breeding) (17.30%) | Common Raven (2.81%) | Brewer's Blackbird (Male) (1.66%)
IMG_6719.JPG,"37.57484562636785, -122.30527923598328",2025-02-23 10:15:47,1,0.9995607733726501,4.073,Mourning Dove,Mourning Dove,Mourning Dove,1.0,Mourning Dove (99.98%) | Common Ground-Dove (0.02%) | White-winged Dove (0.00%) | Glaucous-winged Gull (Adult) (0.00%) | Band-tailed Pigeon (0.00%)
IMG_6720.JPG,"37.57484562636785, -122.30527923598328",2025-02-23 10:15:48,1,0.9994959831237793,4.479,Mourning Dove,Mourning Dove,Mourning Dove,1.0,Mourning Dove (100.00%) | White-winged Dove (0.00%) | Eurasian Collared-Dove (0.00%) | Glaucous-winged Gull (Adult) (0.00%) | Common Ground-Dove (0.00%)
IMG_6721.JPG,"37.57484562636785, -122.30527923598328",2025-02-23 10:16:13,1,0.998997151851654,5.888,Hummingbird,Manual: Anna's Hummingbird,Costa's Hummingbird (Adult Male),0.657,"Costa's Hummingbird (Adult Male) (65.75%) | Anna's Hummingbird (Adult Male) (34.19%) | Ruby-throated Hummingbird (Adult Male) (0.03%) | Anna's Hummingbird (Female, immature) (0.02%) | Broad-tailed Hummingbird (Adult Male) (0.01%)"
IMG_6722.JPG,"37.57484562636785, -122.30527923598328",2025-02-23 10:16:17,1,0.9989996552467346,5.47,Hummingbird,Manual: Anna's Hummingbird,Anna's Hummingbird (Adult Male),0.986,"Anna's Hummingbird (Adult Male) (98.61%) | Costa's Hummingbird (Adult Male) (1.39%) | Black-chinned Hummingbird (Adult Male) (0.00%) | Anna's Hummingbird (Female, immature) (0.00%) | Ruby-throated Hummingbird (Adult Male) (0.00%)"
IMG_6725.JPG,"37.57484562636785, -122.30527923598328",2025-02-23 14:39:37,1,0.9996354579925537,5.487,,,Long-billed Curlew,0.869,Long-billed Curlew (86.94%) | Marbled Godwit (10.47%) | Short-billed Dowitcher (2.49%) | Willet (0.10%) | Whimbrel (0.00%)
IMG_6726.JPG,"37.57484562636785, -122.30527923598328",2025-02-23 14:45:47,21,0.9897668957710266,7.219,,,,0,
IMG_6727.JPG,"37.57484562636785, -122.30527923598328",2025-02-23 14:45:51,25,0.981137752532959,7.364,,,,0,
IMG_6728.JPG,"37.57484562636785, -122.30527923598328",2025-02-23 14:46:03,11,0.7880321145057678,8.305,,,,0,
IMG_6729.JPG,"37.57484562636785, -122.30527923598328",2025-02-23 14:46:15,2,0.9938231706619263,6.986,,,,0,
IMG_6730.JPG,"37.57484562636785, -122.30527923598328",2025-02-23 14:46:39,4,0.9873331785202026,10.1,,,,0,
IMG_6731.JPG,"37.57484562636785, -122.30527923598328",2025-02-23 14:49:36,5,0.9968530535697937,6.564,,,,0,
IMG_6732.JPG,"37.57484562636785, -122.30527923598328",2025-02-23 14:49:40,5,0.9845444560050964,6.216,,,,0,
IMG_6733.JPG,"37.57484562636785, -122.30527923598328",2025-02-23 14:49:44,6,0.9978976249694824,7.187,,,,0,
IMG_6734.JPG,"37.57484562636785, -122.30527923598328",2025-02-23 14:56:10,1,0.999086856842041,7.013,,,California Gull (Adult),0.759,California Gull (Adult) (75.94%) | Ring-billed Gull (Adult) (11.21%) | Ring-billed Gull (Immature) (10.89%) | Laughing Gull (Nonbreeding/Immature) (1.86%) | Willet (0.04%)
IMG_6736.JPG,"37.57484562636785, -122.30527923598328",2025-02-23 15:03:40,1,0.9994275569915771,4.646,Killdeer,Killdeer,Killdeer,1.0,Killdeer (100.00%) | Solitary Sandpiper (0.00%) | Semipalmated Plover (0.00%) | Spotted Sandpiper (Nonbreeding/juvenile) (0.00%) | American Oystercatcher (0.00%)
IMG_6737.JPG,"37.57484562636785, -122.30527923598328",2025-02-23 15:05:20,1,0.9995574355125427,5.196,,,Marbled Godwit,0.942,Marbled Godwit (94.25%) | Long-billed Curlew (4.25%) | Short-billed Dowitcher (1.50%) | Willet (0.00%) | Dunlin (Nonbreeding/juvenile) (0.00%)
IMG_6738.JPG,"37.57484562636785, -122.30527923598328",2025-02-23 15:05:22,1,0.9995808005332947,5.154,Long-billed Curlew,Long-billed Curlew,Long-billed Curlew,1.0,Long-billed Curlew (100.00%) | Marbled Godwit (0.00%) | Short-billed Dowitcher (0.00%) | Whimbrel (0.00%) | Dunlin (Nonbreeding/juvenile) (0.00%)
IMG_6739.JPG,"37.57484562636785, -122.30527923598328",2025-02-23 15:07:48,2,0.9967371821403503,6.801,,,,0,
IMG_6740.JPG,"37.5305145, -122.2623181",2025-03-01 15:55:54,1,0.9994008541107178,5.563,Spotted Sandpiper (Nonbreeding/juvenile),Spotted Sandpiper (Nonbreeding/juvenile),Spotted Sandpiper (Nonbreeding/juvenile),1.0,Spotted Sandpiper (Nonbreeding/juvenile) (100.00%) | Solitary Sandpiper (0.00%) | Willet (0.00%) | Spotted Sandpiper (Breeding) (0.00%) | Louisiana Waterthrush (0.00%)
IMG_6741.JPG,"37.5305145, -122.2623181",2025-03-01 15:55:59,1,0.9994649291038513,5.482,Spotted Sandpiper (Nonbreeding/juvenile),Spotted Sandpiper (Nonbreeding/juvenile),Spotted Sandpiper (Nonbreeding/juvenile),1.0,Spotted Sandpiper (Nonbreeding/juvenile) (100.00%) | Solitary Sandpiper (0.00%) | Louisiana Waterthrush (0.00%) | Heermann's Gull (Immature) (0.00%) | Willet (0.00%)
IMG_6744.JPG,"37.5305145, -122.2623181",2025-03-01 15:56:24,1,0.9991212487220764,4.86,Spotted Sandpiper (Nonbreeding/juvenile),Spotted Sandpiper (Nonbreeding/juvenile),Spotted Sandpiper (Nonbreeding/juvenile),1.0,Spotted Sandpiper (Nonbreeding/juvenile) (100.00%) | Solitary Sandpiper (0.00%) | Spotted Sandpiper (Breeding) (0.00%) | Louisiana Waterthrush (0.00%) | Willet (0.00%)
IMG_6746.JPG,"37.5305145, -122.2623181",2025-03-01 15:57:21,1,0.9992399215698242,5.836,Common Goldeneye (Breeding male),Common Goldeneye (Breeding male),Common Goldeneye (Breeding male),0.997,Common Goldeneye (Breeding male) (99.73%) | Barrow's Goldeneye (Breeding male) (0.27%) | Hooded Merganser (Breeding male) (0.00%) | Bufflehead (Breeding male) (0.00%) | Harlequin Duck (Male) (0.00%)
IMG_6747.JPG,"37.5305145, -122.2623181",2025-03-01 15:57:37,1,0.9825390577316284,5.747,Hooded Merganser (Female/immature male),Hooded Merganser (Female/immature male),Hooded Merganser (Female/immature male),1.0,Hooded Merganser (Female/immature male) (100.00%) | Common Gallinule (Immature) (0.00%) | Black Scoter (Female/juvenile) (0.00%) | Redhead (Female/Eclipse male) (0.00%) | Reddish Egret (Dark morph) (0.00%)
IMG_6748.JPG,"37.5305145, -122.2623181",2025-03-01 15:58:04,1,0.9988971948623657,6.048,Barrow's Goldeneye (Breeding male),Barrow's Goldeneye (Breeding male),Barrow's Goldeneye (Breeding male),1.0,Barrow's Goldeneye (Breeding male) (100.00%) | Common Goldeneye (Breeding male) (0.00%) | Hooded Merganser (Breeding male) (0.00%) | Harlequin Duck (Male) (0.00%) | Bufflehead (Breeding male) (0.00%)
IMG_6749.JPG,"37.5305145, -122.2623181",2025-03-01 15:58:07,2,0.8839242458343506,7.625,,,,0,
IMG_6750.JPG,"37.5305145, -122.2623181",2025-03-01 15:59:12,1,0.999290943145752,5.56,Hooded Merganser (Female/immature male),Hooded Merganser (Female/immature male),Hooded Merganser (Female/immature male),1.0,Hooded Merganser (Female/immature male) (100.00%) | Red-breasted Merganser (Female/immature male) (0.00%) | Common Merganser (Female/immature male) (0.00%) | Redhead (Female/Eclipse male) (0.00%) | Reddish Egret (Dark morph) (0.00%)
IMG_6751.JPG,"37.5305145, -122.2623181",2025-03-01 15:59:38,1,0.9989385008811951,5.975,Bufflehead (Female/immature male),Bufflehead (Female/immature male),Bufflehead (Female/immature male),1.0,Bufflehead (Female/immature male) (100.00%) | Hooded Merganser (Breeding male) (0.00%) | Harlequin Duck (Female/juvenile) (0.00%) | Lesser Scaup (Female/Eclipse male) (0.00%) | Ruddy Duck (Winter male) (0.00%)
IMG_6752.JPG,"37.5305145, -122.2623181",2025-03-01 16:04:07,1,0.9988414645195007,8.37,Belted Kingfisher,Belted Kingfisher,Belted Kingfisher,1.0,Belted Kingfisher (100.00%) | Bay-breasted Warbler (Breeding male) (0.00%) | Ruby-throated Hummingbird (Adult Male) (0.00%) | Allen's Hummingbird (Adult Male) (0.00%) | Red-headed Woodpecker (Immature) (0.00%)
IMG_6753.JPG,"37.5305145, -122.2623181",2025-03-01 16:04:46,1,0.9991280436515808,7.114,Belted Kingfisher,Belted Kingfisher,Belted Kingfisher,1.0,Belted Kingfisher (100.00%) | Ruby-throated Hummingbird (Adult Male) (0.00%) | Northern Shoveler (Breeding male) (0.00%) | Red-breasted Merganser (Breeding male) (0.00%) | Tree Swallow (0.00%)
IMG_6754.JPG,"37.5305145, -122.2623181",2025-03-01 16:04:48,1,0.9992146492004395,7.437,Belted Kingfisher,Belted Kingfisher,Belted Kingfisher,1.0,Belted Kingfisher (100.00%) | Ruby-throated Hummingbird (Adult Male) (0.00%) | Northern Shoveler (Breeding male) (0.00%) | Red-breasted Merganser (Breeding male) (0.00%) | Hooded Merganser (Breeding male) (0.00%)
IMG_6755.JPG,"37.5305145, -122.2623181",2025-03-01 16:04:50,1,0.999467670917511,7.144,Belted Kingfisher,Belted Kingfisher,Belted Kingfisher,1.0,Belted Kingfisher (100.00%) | Ruby-throated Hummingbird (Adult Male) (0.00%) | Eastern Kingbird (0.00%) | Northern Shoveler (Breeding male) (0.00%) | Hooded Merganser (Breeding male) (0.00%)
IMG_6756.JPG,"37.5305145, -122.2623181",2025-03-01 16:05:12,1,0.9991689920425415,6.388,Belted Kingfisher,Belted Kingfisher,Belted Kingfisher,1.0,Belted Kingfisher (100.00%) | Allen's Hummingbird (Adult Male) (0.00%) | Bay-breasted Warbler (Breeding male) (0.00%) | Red-breasted Merganser (Breeding male) (0.00%) | Ruby-throated Hummingbird (Adult Male) (0.00%)
IMG_6757.JPG,"37.5305145, -122.2623181",2025-03-01 16:05:14,1,0.9992493987083435,5.989,Belted Kingfisher,Belted Kingfisher,Belted Kingfisher,1.0,Belted Kingfisher (100.00%) | Allen's Hummingbird (Adult Male) (0.00%) | Eastern Kingbird (0.00%) | Red-breasted Merganser (Breeding male) (0.00%) | Ruby-throated Hummingbird (Adult Male) (0.00%)
IMG_6758.JPG,"37.5305145, -122.2623181",2025-03-01 16:05:19,1,0.9993252754211426,6.473,Belted Kingfisher,Belted Kingfisher,Belted Kingfisher,1.0,Belted Kingfisher (100.00%) | Bay-breasted Warbler (Breeding male) (0.00%) | Eastern Kingbird (0.00%) | Swainson's Hawk (Immature) (0.00%) | Ruby-throated Hummingbird (Adult Male) (0.00%)
IMG_6759.JPG,"37.5305145, -122.2623181",2025-03-01 16:05:45,1,0.9992315769195557,5.57,,,Belted Kingfisher,0.979,Belted Kingfisher (97.90%) | Ruby-throated Hummingbird (Adult Male) (1.99%) | Eastern Bluebird (0.10%) | Eastern Kingbird (0.00%) | Eared Grebe (Breeding) (0.00%)
IMG_6760.JPG,"37.5305145, -122.2623181",2025-03-01 16:05:49,1,0.9991884827613831,4.853,,,Belted Kingfisher,0.96,Belted Kingfisher (95.96%) | Ruby-throated Hummingbird (Adult Male) (2.79%) | Eastern Bluebird (1.24%) | Allen's Hummingbird (Adult Male) (0.00%) | Eared Grebe (Breeding) (0.00%)
IMG_6761.JPG,"37.5305145, -122.2623181",2025-03-01 16:05:55,1,0.9988149404525757,4.998,,,Belted Kingfisher,0.859,Belted Kingfisher (85.91%) | Ruby-throated Hummingbird (Adult Male) (7.94%) | Eastern Bluebird (6.12%) | Bay-breasted Warbler (Breeding male) (0.01%) | Eastern Kingbird (0.01%)
IMG_6762.JPG,"37.5305145, -122.2623181",2025-03-01 16:05:59,1,0.9992266893386841,4.879,Belted Kingfisher,Belted Kingfisher,Belted Kingfisher,0.999,Belted Kingfisher (99.92%) | Ruby-throated Hummingbird (Adult Male) (0.04%) | Eastern Bluebird (0.03%) | Eared Grebe (Breeding) (0.00%) | Eastern Kingbird (0.00%)
IMG_6763.JPG,"37.5305145, -122.2623181",2025-03-01 16:06:10,1,0.9993509650230408,5.167,Belted Kingfisher,Belted Kingfisher,Belted Kingfisher,1.0,Belted Kingfisher (100.00%) | Common Merganser (Female/immature male) (0.00%) | Eared Grebe (Breeding) (0.00%) | Ruby-throated Hummingbird (Adult Male) (0.00%) | Tree Swallow (0.00%)
IMG_6764.JPG,"37.5305145, -122.2623181",2025-03-01 16:06:12,1,0.9995014667510986,4.905,Belted Kingfisher,Belted Kingfisher,Belted Kingfisher,1.0,Belted Kingfisher (100.00%) | Common Merganser (Female/immature male) (0.00%) | Ruby-throated Hummingbird (Adult Male) (0.00%) | Eared Grebe (Breeding) (0.00%) | Eastern Bluebird (0.00%)
IMG_6765.JPG,"37.5305145, -122.2623181",2025-03-01 16:06:16,1,0.9988923668861389,4.871,Belted Kingfisher,Belted Kingfisher,Belted Kingfisher,1.0,Belted Kingfisher (100.00%) | Eared Grebe (Breeding) (0.00%) | Common Merganser (Female/immature male) (0.00%) | Eastern Kingbird (0.00%) | Ruby-throated Hummingbird (Adult Male) (0.00%)
IMG_6766.JPG,"37.5305145, -122.2623181",2025-03-01 16:06:18,1,0.9991793036460876,5.067,Belted Kingfisher,Belted Kingfisher,Belted Kingfisher,1.0,Belted Kingfisher (100.00%) | Ruby-throated Hummingbird (Adult Male) (0.00%) | Common Merganser (Female/immature male) (0.00%) | Eared Grebe (Breeding) (0.00%) | Eastern Bluebird (0.00%)
IMG_6767.JPG,"37.5305145, -122.2623181",2025-03-01 16:06:22,1,0.9993914365768433,4.684,Belted Kingfisher,Belted Kingfisher,Belted Kingfisher,1.0,Belted Kingfisher (100.00%) | Common Merganser (Female/immature male) (0.00%) | Ruby-throated Hummingbird (Adult Male) (0.00%) | Eared Grebe (Breeding) (0.00%) | Tree Swallow (0.00%)
IMG_6768.JPG,"37.5305145, -122.2623181",2025-03-01 16:06:26,1,0.9993174076080322,4.88,Belted Kingfisher,Belted Kingfisher,Belted Kingfisher,1.0,Belted Kingfisher (100.00%) | Common Merganser (Female/immature male) (0.00%) | Ruby-throated Hummingbird (Adult Male) (0.00%) | Tree Swallow (0.00%) | Red-breasted Merganser (Breeding male) (0.00%)
IMG_6769.JPG,"37.5305145, -122.2623181",2025-03-01 16:06:33,1,0.9993171691894531,4.931,Belted Kingfisher,Belted Kingfisher,Belted Kingfisher,1.0,Belted Kingfisher (100.00%) | Common Merganser (Female/immature male) (0.00%) | Tree Swallow (0.00%) | Ruby-throated Hummingbird (Adult Male) (0.00%) | Eastern Kingbird (0.00%)
IMG_6770.JPG,"37.5305145, -122.2623181",2025-03-01 16:13:59,1,0.9985793828964233,5.938,Hooded Merganser (Female/immature male),Hooded Merganser (Female/immature male),Hooded Merganser (Female/immature male),1.0,Hooded Merganser (Female/immature male) (99.99%) | Eared Grebe (Breeding) (0.01%) | Ring-necked Duck (Female/Eclipse male) (0.00%) | Bufflehead (Female/immature male) (0.00%) | Lesser Scaup (Female/Eclipse male) (0.00%)
IMG_6771.JPG,"37.5305145, -122.2623181",2025-03-01 16:14:10,2,0.9844622611999512,7.178,,,,0,
IMG_6772.JPG,"37.5305145, -122.2623181",2025-03-01 16:14:34,1,0.9991133809089661,5.546,Hooded Merganser (Female/immature male),Hooded Merganser (Female/immature male),Hooded Merganser (Female/immature male),1.0,Hooded Merganser (Female/immature male) (100.00%) | Eared Grebe (Breeding) (0.00%) | Rufous Hummingbird (Adult Male) (0.00%) | Wood Duck (Breeding male) (0.00%) | Solitary Sandpiper (0.00%)
IMG_6773.JPG,"37.5305145, -122.2623181",2025-03-01 16:14:39,1,0.9995809197425842,4.655,Hooded Merganser (Female/immature male),Hooded Merganser (Female/immature male),Hooded Merganser (Female/immature male),1.0,Hooded Merganser (Female/immature male) (100.00%) | Eared Grebe (Breeding) (0.00%) | Lesser Scaup (Female/Eclipse male) (0.00%) | Common Merganser (Female/immature male) (0.00%) | Reddish Egret (Dark morph) (0.00%)
IMG_6774.JPG,"37.5305145, -122.2623181",2025-03-01 16:14:42,2,0.9972357153892517,7.329,,,,0,
IMG_6775.JPG,"37.5305145, -122.2623181",2025-03-01 16:14:45,2,0.9769333004951477,10.114,,,,0,
IMG_6776.JPG,"37.5305145, -122.2623181",2025-03-01 16:18:56,3,0.8305051922798157,4.896,,,,0,
IMG_6778.JPG,"37.5305145, -122.2623181",2025-03-01 16:19:49,3,0.9989469647407532,5.876,,,,0,
IMG_6779.JPG,"37.5305145, -122.2623181",2025-03-01 16:26:19,1,0.9994246959686279,5.765,Barrow's Goldeneye (Breeding male),Barrow's Goldeneye (Breeding male),Barrow's Goldeneye (Breeding male),1.0,Barrow's Goldeneye (Breeding male) (100.00%) | Common Goldeneye (Breeding male) (0.00%) | Hooded Merganser (Breeding male) (0.00%) | Bufflehead (Breeding male) (0.00%) | Barrow's Goldeneye (Female/Eclipse male) (0.00%)
IMG_6807.JPG,"37.58912055284906, -122.32158028214957",2025-03-25 09:40:50,5,0.9984806180000305,7.592,,,,0,
IMG_6808.JPG,"37.58912055284906, -122.32158028214957",2025-03-25 09:41:00,4,0.999437153339386,9.024,,,,0,
IMG_6810.JPG,"37.58912055284906, -122.32158028214957",2025-03-25 09:51:07,1,0.999613344669342,6.291,Western/Clark's Grebe,Manual: Clark's Grebe,Clark's Grebe,1.0,Clark's Grebe (100.00%) | Western Grebe (0.00%) | Horned Grebe (Nonbreeding/juvenile) (0.00%) | Greater Yellowlegs (0.00%) | Red-necked Grebe (Nonbreeding/juvenile) (0.00%)
IMG_6812.JPG,"37.58912055284906, -122.32158028214957",2025-03-25 09:51:37,1,0.9982567429542542,7.455,Eared Grebe (Nonbreeding/juvenile),Eared Grebe (Nonbreeding/juvenile),Eared Grebe (Nonbreeding/juvenile),1.0,Eared Grebe (Nonbreeding/juvenile) (100.00%) | Horned Grebe (Nonbreeding/juvenile) (0.00%) | Eared Grebe (Breeding) (0.00%) | Red-necked Grebe (Nonbreeding/juvenile) (0.00%) | Pied-billed Grebe (0.00%)
IMG_6813.JPG,"37.58912055284906, -122.32158028214957",2025-03-25 09:51:40,1,0.9991223216056824,9.305,,,Eared Grebe (Nonbreeding/juvenile),0.943,Eared Grebe (Nonbreeding/juvenile) (94.29%) | Western Grebe (4.98%) | Surf Scoter (Female/immature) (0.55%) | Costa's Hummingbird (Adult Male) (0.05%) | Red-necked Grebe (Breeding) (0.04%)
IMG_6814.JPG,"37.58912055284906, -122.32158028214957",2025-03-25 09:54:29,1,0.9988235831260681,6.207,,,Black-bellied Plover (Nonbreeding/juvenile),0.889,Black-bellied Plover (Nonbreeding/juvenile) (88.91%) | Black-bellied Plover (Breeding) (7.66%) | Surfbird (1.63%) | Laughing Gull (Nonbreeding/Immature) (0.43%) | Sanderling (Nonbreeding/juvenile) (0.37%)
IMG_6815.JPG,"37.58912055284906, -122.32158028214957",2025-03-25 09:54:34,1,0.9992849230766296,5.795,,,Black-bellied Plover (Nonbreeding/juvenile),0.769,Black-bellied Plover (Nonbreeding/juvenile) (76.87%) | Laughing Gull (Nonbreeding/Immature) (8.95%) | Black-bellied Plover (Breeding) (5.91%) | Sanderling (Nonbreeding/juvenile) (4.68%) | Semipalmated Sandpiper (2.38%)
IMG_6816.JPG,"37.58912055284906, -122.32158028214957",2025-03-25 09:57:23,23,0.9748300909996033,7.474,,,,0,
IMG_6817.JPG,"37.58912055284906, -122.32158028214957",2025-03-25 09:57:26,20,0.7282120585441589,6.892,,,,0,
IMG_6818.JPG,"37.58912055284906, -122.32158028214957",2025-03-25 09:59:10,1,0.9987635612487793,6.193,European Starling (Breeding Adult),European Starling (Breeding Adult),European Starling (Breeding Adult),1.0,European Starling (Breeding Adult) (100.00%) | Rough-legged Hawk (Dark morph) (0.00%) | Lesser Scaup (Breeding male) (0.00%) | American Black Duck (0.00%) | Blackpoll Warbler (Breeding male) (0.00%)
IMG_6819.JPG,"37.58912055284906, -122.32158028214957",2025-03-25 09:59:17,1,0.9990516304969788,7.141,European Starling (Breeding Adult),European Starling (Breeding Adult),European Starling (Breeding Adult),0.999,European Starling (Breeding Adult) (99.90%) | Rough-legged Hawk (Dark morph) (0.10%) | Lesser Scaup (Breeding male) (0.00%) | Harris's Hawk (0.00%) | Peregrine Falcon (Immature) (0.00%)
IMG_6820.JPG,"37.58912055284906, -122.32158028214957",2025-03-25 09:59:18,1,0.9981170892715454,5.81,European Starling (Breeding Adult),European Starling (Breeding Adult),European Starling (Breeding Adult),1.0,European Starling (Breeding Adult) (100.00%) | American Black Duck (0.00%) | Lesser Scaup (Breeding male) (0.00%) | Common Grackle (0.00%) | Harris's Hawk (0.00%)
IMG_6821.JPG,"37.58912055284906, -122.32158028214957",2025-03-25 09:59:24,1,0.9951386451721191,6.43,European Starling (Breeding Adult),European Starling (Breeding Adult),European Starling (Breeding Adult),1.0,European Starling (Breeding Adult) (100.00%) | American Black Duck (0.00%) | Common Grackle (0.00%) | Lesser Scaup (Breeding male) (0.00%) | Rough-legged Hawk (Dark morph) (0.00%)
IMG_6822.JPG,"37.58912055284906, -122.32158028214957",2025-03-25 10:00:05,1,0.9995008707046509,7.259,Black-bellied Plover,Black-bellied Plover,Black-bellied Plover (Nonbreeding/juvenile),1.0,Black-bellied Plover (Nonbreeding/juvenile) (100.00%) | Black-bellied Plover (Breeding) (0.00%) | Laughing Gull (Nonbreeding/Immature) (0.00%) | Killdeer (0.00%) | Sanderling (Nonbreeding/juvenile) (0.00%)
IMG_6823.JPG,"37.58912055284906, -122.32158028214957",2025-03-25 10:00:13,1,0.9980869293212891,7.006,,,Black-bellied Plover (Nonbreeding/juvenile),0.718,Black-bellied Plover (Nonbreeding/juvenile) (71.85%) | Laughing Gull (Nonbreeding/Immature) (28.04%) | Willet (0.03%) | Marbled Godwit (0.03%) | Killdeer (0.02%)
IMG_6825.JPG,"37.58912055284906, -122.32158028214957",2025-03-25 10:02:01,1,0.9994163513183594,6.025,,,Horned Grebe (Nonbreeding/juvenile),0.91,Horned Grebe (Nonbreeding/juvenile) (90.99%) | Eared Grebe (Nonbreeding/juvenile) (4.34%) | Horned Grebe (Breeding) (3.31%) | Pied-billed Grebe (1.32%) | Red-necked Grebe (Breeding) (0.02%)
IMG_6827.JPG,"37.58912055284906, -122.32158028214957",2025-03-25 10:02:16,1,0.999477207660675,8.124,Horned Grebe (Breeding),Horned Grebe (Breeding),Horned Grebe (Breeding),1.0,Horned Grebe (Breeding) (100.00%) | Eared Grebe (Breeding) (0.00%) | Horned Grebe (Nonbreeding/juvenile) (0.00%) | Eared Grebe (Nonbreeding/juvenile) (0.00%) | Pied-billed Grebe (0.00%)
IMG_6829.JPG,"37.58912055284906, -122.32158028214957",2025-03-25 10:02:23,1,0.9995291233062744,6.019,Horned Grebe (Breeding),Horned Grebe (Breeding),Horned Grebe (Breeding),1.0,Horned Grebe (Breeding) (100.00%) | Eared Grebe (Breeding) (0.00%) | Horned Grebe (Nonbreeding/juvenile) (0.00%) | Red-necked Grebe (Breeding) (0.00%) | Pied-billed Grebe (0.00%)
IMG_6830.JPG,"37.58912055284906, -122.32158028214957",2025-03-25 10:02:26,1,0.9991769194602966,6.329,Horned Grebe (Breeding),Horned Grebe (Breeding),Horned Grebe (Breeding),0.996,Horned Grebe (Breeding) (99.56%) | Eared Grebe (Breeding) (0.44%) | Eared Grebe (Nonbreeding/juvenile) (0.00%) | Pied-billed Grebe (0.00%) | Horned Grebe (Nonbreeding/juvenile) (0.00%)
IMG_6831.JPG,"37.58912055284906, -122.32158028214957",2025-03-25 10:03:06,10,0.8703996539115906,8.65,,,,0,
IMG_6832.JPG,"37.58912055284906, -122.32158028214957",2025-03-25 10:03:08,18,0.8680858016014099,9.485,,,,0,
IMG_6834.JPG,"37.58912055284906, -122.32158028214957",2025-03-25 10:03:17,7,0.9978249073028564,8.048,,,,0,
IMG_6835.JPG,"37.58912055284906, -122.32158028214957",2025-03-25 10:03:19,2,0.9993104934692383,7.611,,Manual: Elegant Tern,,0,
IMG_6836.JPG,"37.58912055284906, -122.32158028214957",2025-03-25 10:04:02,1,0.9995332956314087,6.489,Marbled Godwit,Marbled Godwit,Marbled Godwit,1.0,Marbled Godwit (100.00%) | Willet (0.00%) | Long-billed Curlew (0.00%) | Short-billed Dowitcher (0.00%) | Brewer's Sparrow (0.00%)
IMG_6840.JPG,"37.58912055284906, -122.32158028214957",2025-03-25 10:04:48,4,0.9992856383323669,7.908,,,,0,
IMG_6841.JPG,"37.58912055284906, -122.32158028214957",2025-03-25 10:04:52,8,0.998496413230896,8.103,,,,0,
IMG_6842.JPG,"37.58912055284906, -122.32158028214957",2025-03-25 10:04:58,4,0.9982265830039978,8.678,,,,0,
IMG_6843.JPG,"37.58912055284906, -122.32158028214957",2025-03-25 10:05:02,8,0.7130667567253113,8.532,,,,0,
IMG_6844.JPG,"37.58912055284906, -122.32158028214957",2025-03-25 10:05:06,10,0.9977286458015442,7.807,,,,0,
IMG_6845.JPG,"37.58912055284906, -122.32158028214957",2025-03-25 10:05:24,25,0.9342270493507385,9.826,,,,0,
IMG_6846.JPG,"37.58912055284906, -122.32158028214957",2025-03-25 10:09:50,1,0.9694046974182129,7.397,Horned Grebe (Nonbreeding/juvenile),Horned Grebe (Nonbreeding/juvenile),Horned Grebe (Nonbreeding/juvenile),1.0,Horned Grebe (Nonbreeding/juvenile) (100.00%) | Eared Grebe (Nonbreeding/juvenile) (0.00%) | Red-necked Grebe (Nonbreeding/juvenile) (0.00%) | Mew Gull (0.00%) | Black Scoter (Female/juvenile) (0.00%)
IMG_6847.JPG,"37.58912055284906, -122.32158028214957",2025-03-25 10:09:52,1,0.9993834495544434,6.991,Horned Grebe (Nonbreeding/juvenile),Horned Grebe (Nonbreeding/juvenile),Horned Grebe (Nonbreeding/juvenile),1.0,Horned Grebe (Nonbreeding/juvenile) (100.00%) | Red-necked Grebe (Nonbreeding/juvenile) (0.00%) | Eared Grebe (Nonbreeding/juvenile) (0.00%) | Mew Gull (0.00%) | Sanderling (Nonbreeding/juvenile) (0.00%)
IMG_6848.JPG,"37.58912055284906, -122.32158028214957",2025-03-25 10:11:25,1,0.9992382526397705,6.667,Osprey,Osprey,Osprey,1.0,Osprey (100.00%) | Swainson's Hawk (Light morph ) (0.00%) | Red-tailed Hawk (Light morph immature) (0.00%) | Chihuahuan Raven (0.00%) | Great Black-backed Gull (Adult) (0.00%)
IMG_6849.JPG,"37.58912055284906, -122.32158028214957",2025-03-25 10:12:09,1,0.9994280934333801,5.185,,Dunlin,Surfbird,0.955,Surfbird (95.54%) | Dunlin (Nonbreeding/juvenile) (4.20%) | Semipalmated Sandpiper (0.14%) | Western Sandpiper (0.07%) | Black Rosy-Finch (0.03%)
IMG_6850.JPG,"37.58912055284906, -122.32158028214957",2025-03-25 10:12:12,1,0.9993395209312439,5.244,,,Dunlin (Nonbreeding/juvenile),0.758,Dunlin (Nonbreeding/juvenile) (75.78%) | Willet (22.29%) | Laughing Gull (Nonbreeding/Immature) (0.97%) | Whimbrel (0.44%) | Surfbird (0.31%)
IMG_6851.JPG,"37.58912055284906, -122.32158028214957",2025-03-25 10:12:14,1,0.9985656142234802,5.53,Dunlin,Dunlin,Dunlin (Nonbreeding/juvenile),1.0,Dunlin (Nonbreeding/juvenile) (100.00%) | Dunlin (Breeding) (0.00%) | Western Sandpiper (0.00%) | Surfbird (0.00%) | Lesser Yellowlegs (0.00%)
IMG_6852.JPG,"37.58912055284906, -122.32158028214957",2025-03-25 10:12:16,1,0.9987335801124573,5.095,,,Dunlin (Nonbreeding/juvenile),0.59,Dunlin (Nonbreeding/juvenile) (59.00%) | Surfbird (40.78%) | Sanderling (Nonbreeding/juvenile) (0.10%) | Horned Grebe (Nonbreeding/juvenile) (0.08%) | Dunlin (Breeding) (0.02%)
IMG_6853.JPG,"37.58912055284906, -122.32158028214957",2025-03-25 10:12:59,1,0.9993278980255127,5.329,Least Sandpiper,Least Sandpiper,Least Sandpiper,0.999,"Least Sandpiper (99.94%) | Ruddy Turnstone (0.05%) | Horned Grebe (Nonbreeding/juvenile) (0.00%) | Semipalmated Sandpiper (0.00%) | Wilson's Phalarope (Nonbreeding, juvenile) (0.00%)"
IMG_6854.JPG,"37.58912055284906, -122.32158028214957",2025-03-25 10:13:01,2,0.8231385350227356,7.645,,,,0,
IMG_6856.JPG,"37.58912055284906, -122.32158028214957",2025-03-25 10:14:32,1,0.9994057416915894,5.453,Dunlin,Dunlin,Dunlin (Nonbreeding/juvenile),1.0,Dunlin (Nonbreeding/juvenile) (100.00%) | Dunlin (Breeding) (0.00%) | Western Sandpiper (0.00%) | Lesser Yellowlegs (0.00%) | Northern Flicker (Yellow-shafted) (0.00%)
IMG_6857.JPG,"37.58912055284906, -122.32158028214957",2025-03-25 10:14:36,2,0.9983611702919006,6.898,,,,0,
IMG_6858.JPG,"37.58912055284906, -122.32158028214957",2025-03-25 10:14:43,2,0.9934114813804626,6.494,,,,0,
IMG_6860.JPG,No GPS Data,2025-03-25 10:16:39,0,0,0.0,,,,0,
IMG_6863.JPG,"37.58912055284906, -122.32158028214957",2025-03-25 10:16:59,1,0.9855977892875671,6.548,Harlequin Duck (Male),Manual: Harlequin Duck,Harlequin Duck (Male),1.0,Harlequin Duck (Male) (100.00%) | Hooded Merganser (Breeding male) (0.00%) | Long-tailed Duck (Summer male) (0.00%) | Common Goldeneye (Breeding male) (0.00%) | Bufflehead (Breeding male) (0.00%)
IMG_6864.JPG,"37.58912055284906, -122.32158028214957",2025-03-25 10:17:21,1,0.9978852868080139,6.766,Black Turnstone,Manual: Black Turnstone,Black Turnstone,0.99,Black Turnstone (99.03%) | Red-headed Woodpecker (Immature) (0.69%) | Rough-legged Hawk (Dark morph) (0.16%) | Ruddy Turnstone (0.07%) | Lark Bunting (Female/Nonbreeding male) (0.02%)
IMG_6865.JPG,"37.58912055284906, -122.32158028214957",2025-03-25 10:17:33,1,0.9982342720031738,6.964,Black Oystercatcher,,Black Oystercatcher,1.0,Black Oystercatcher (99.99%) | Great Black-backed Gull (Adult) (0.01%) | Heermann's Gull (Immature) (0.00%) | Willet (0.00%) | White-winged Scoter (Male) (0.00%)
IMG_6867.JPG,"37.58912055284906, -122.32158028214957",2025-03-25 10:17:46,2,0.9981924891471863,7.379,,,,0,
IMG_6868.JPG,"37.58912055284906, -122.32158028214957",2025-03-25 10:17:57,1,0.999127209186554,7.47,Black Oystercatcher,Manual: Black Oystercatcher,Black Oystercatcher,0.997,Black Oystercatcher (99.72%) | Great Black-backed Gull (Adult) (0.19%) | American Oystercatcher (0.07%) | Black Skimmer (0.01%) | White-winged Scoter (Male) (0.00%)
IMG_6870.JPG,"37.58912055284906, -122.32158028214957",2025-03-25 10:18:42,1,0.9964799284934998,7.237,,Manual: Black Oystercatcher,Black Oystercatcher,0.933,Black Oystercatcher (93.28%) | Great Black-backed Gull (Adult) (6.71%) | American Oystercatcher (0.00%) | White-winged Scoter (Male) (0.00%) | Common Gallinule (Adult) (0.00%)
IMG_6871.JPG,"37.58912055284906, -122.32158028214957",2025-03-25 10:19:26,1,0.9088742136955261,9.644,,Manual: Black Turnstone,Black Turnstone,0.929,Black Turnstone (92.87%) | Ruddy Turnstone (7.10%) | Black-throated Green Warbler (0.03%) | Red-tailed Hawk (Light morph immature) (0.00%) | Brant (0.00%)
IMG_6872.JPG,"37.58912055284906, -122.32158028214957",2025-03-25 10:19:50,2,0.9946570992469788,8.093,,,,0,
IMG_6874.JPG,No GPS Data,2025-03-25 10:21:17,0,0,0.0,,,,0,
IMG_6875.JPG,No GPS Data,2025-03-25 10:22:01,0,0,0.0,,,,0,
IMG_6876.JPG,No GPS Data,2025-03-25 10:22:05,0,0,0.0,,,,0,
IMG_6877.JPG,"37.58912055284906, -122.32158028214957",2025-03-25 10:33:25,17,0.8995105624198914,8.945,,,,0,
IMG_6878.JPG,"37.58912055284906, -122.32158028214957",2025-03-25 10:33:31,16,0.8778277635574341,8.724,,,,0,
IMG_6879.JPG,"37.58912055284906, -122.32158028214957",2025-03-25 10:34:33,2,0.9990947246551514,7.561,,,,0,
IMG_6880.JPG,"37.58912055284906, -122.32158028214957",2025-03-25 10:34:39,3,0.9976956248283386,7.583,,,,0,
IMG_6881.JPG,"37.58912055284906, -122.32158028214957",2025-03-25 10:35:36,3,0.9280450940132141,8.408,,,,0,
IMG_6882.JPG,"37.58912055284906, -122.32158028214957",2025-03-25 10:35:39,5,0.9929097294807434,8.586,,,,0,
IMG_6883.JPG,"37.58912055284906, -122.32158028214957",2025-03-25 10:35:42,8,0.9664924144744873,8.827,,,,0,
IMG_6884.JPG,"37.58912055284906, -122.32158028214957",2025-03-25 10:35:45,5,0.8827579617500305,8.516,,,,0,
IMG_6885.JPG,"37.58912055284906, -122.32158028214957",2025-03-25 10:35:46,5,0.940137505531311,7.95,,,,0,
IMG_6886.JPG,"37.58912055284906, -122.32158028214957",2025-03-25 10:35:50,4,0.9766889810562134,7.982,,,,0,
IMG_6888.JPG,"37.58912055284906, -122.32158028214957",2025-03-25 10:44:40,1,0.9994547963142395,6.237,,,Chihuahuan Raven,0.562,Chihuahuan Raven (56.24%) | Common Raven (36.60%) | American Crow (7.09%) | Double-crested Cormorant (Adult) (0.05%) | Northwestern Crow (0.01%)
IMG_6889.JPG,"37.58912055284906, -122.32158028214957",2025-03-25 10:45:17,1,0.9988947510719299,5.754,,,American Crow,0.56,American Crow (55.99%) | Chihuahuan Raven (41.80%) | Common Raven (2.05%) | Double-crested Cormorant (Adult) (0.15%) | Yellow-rumped Warbler (Winter/juvenile Audubon's) (0.01%)
IMG_6890.JPG,"37.58912055284906, -122.32158028214957",2025-03-25 10:46:21,4,0.9979532957077026,8.473,,,,0,
IMG_6891.JPG,"37.58912055284906, -122.32158028214957",2025-03-25 11:08:15,1,0.9988217949867249,4.363,,Manual: Eurasian Wigeon,Redhead (Breeding male),0.368,Redhead (Breeding male) (36.81%) | Green-winged Teal (Male) (34.76%) | Gadwall (Breeding male) (27.90%) | American Wigeon (Breeding male) (0.48%) | Canvasback (Breeding male) (0.03%)
IMG_6892.JPG,"37.58912055284906, -122.32158028214957",2025-03-25 11:08:17,1,0.9993594288825989,5.909,,Manual: Eurasian Wigeon,American Wigeon (Breeding male),0.99,American Wigeon (Breeding male) (98.99%) | Green-winged Teal (Male) (0.58%) | Gadwall (Breeding male) (0.42%) | Cinnamon Teal (Male) (0.01%) | Redhead (Breeding male) (0.00%)
IMG_6893.JPG,"37.58912055284906, -122.32158028214957",2025-03-25 11:08:19,1,0.9974990487098694,5.804,,Manual: Eurasian Wigeon,Gadwall (Breeding male),0.931,Gadwall (Breeding male) (93.12%) | Green-winged Teal (Male) (4.08%) | Redhead (Breeding male) (2.75%) | Canvasback (Breeding male) (0.03%) | Common Merganser (Female/immature male) (0.02%)
IMG_6894.JPG,"37.58912055284906, -122.32158028214957",2025-03-25 11:08:24,1,0.9993247985839844,5.88,,Manual: Eurasian Wigeon,Gadwall (Breeding male),0.709,Gadwall (Breeding male) (70.95%) | American Wigeon (Breeding male) (26.69%) | Redhead (Breeding male) (2.34%) | Green-winged Teal (Male) (0.02%) | Cinnamon Teal (Male) (0.01%)
IMG_6895.JPG,"37.58912055284906, -122.32158028214957",2025-03-25 11:08:27,1,0.9994947910308838,5.922,,Manual: Eurasian Wigeon,American Wigeon (Breeding male),0.346,American Wigeon (Breeding male) (34.58%) | Gadwall (Breeding male) (33.35%) | Green-winged Teal (Male) (31.86%) | Cinnamon Teal (Male) (0.18%) | Redhead (Breeding male) (0.02%)
IMG_6896.JPG,"37.58912055284906, -122.32158028214957",2025-03-25 11:08:30,1,0.9986623525619507,5.137,,Manual: Eurasian Wigeon,American Wigeon (Breeding male),0.853,American Wigeon (Breeding male) (85.28%) | Green-winged Teal (Male) (14.38%) | Gadwall (Breeding male) (0.32%) | Redhead (Female/Eclipse male) (0.01%) | Cinnamon Teal (Male) (0.01%)
IMG_6897.JPG,"37.58912055284906, -122.32158028214957",2025-03-25 11:08:35,1,0.999458372592926,4.945,American Wigeon (Breeding male),Manual: Eurasian Wigeon,American Wigeon (Breeding male),0.992,American Wigeon (Breeding male) (99.17%) | Green-winged Teal (Male) (0.48%) | Gadwall (Breeding male) (0.25%) | Redhead (Breeding male) (0.11%) | Cinnamon Teal (Male) (0.00%)
IMG_6898.JPG,"37.58912055284906, -122.32158028214957",2025-03-25 11:10:55,1,0.999138355255127,5.436,American Wigeon (Breeding male),Manual: Eurasian Wigeon,American Wigeon (Breeding male),0.998,American Wigeon (Breeding male) (99.79%) | Gadwall (Breeding male) (0.19%) | Green-winged Teal (Male) (0.01%) | Redhead (Breeding male) (0.00%) | Cinnamon Teal (Male) (0.00%)
IMG_6899.JPG,"37.58912055284906, -122.32158028214957",2025-03-25 11:10:59,1,0.9991769194602966,5.226,American Wigeon (Breeding male),Manual: Eurasian Wigeon,American Wigeon (Breeding male),0.99,American Wigeon (Breeding male) (99.02%) | Green-winged Teal (Male) (0.90%) | Gadwall (Breeding male) (0.08%) | Cinnamon Teal (Male) (0.00%) | Northern Pintail (Breeding male) (0.00%)
IMG_6900.JPG,"37.5264065, -122.323374",2025-05-11 15:14:19,1,0.9991212487220764,5.262,,Manual: Lesser Goldfinch,Nashville Warbler,0.252,Nashville Warbler (25.18%) | Lazuli Bunting (Adult Male) (25.11%) | Common Merganser (Breeding male) (20.05%) | Yellow-rumped Warbler (Winter/juvenile Audubon's) (8.46%) | Evening Grosbeak (Adult Male) (7.66%)
IMG_6901.JPG,"37.5264065, -122.323374",2025-05-11 15:14:24,1,0.9985336065292358,5.006,,Manual: Lesser Goldfinch,Lesser Goldfinch (Adult Male),0.926,Lesser Goldfinch (Adult Male) (92.62%) | Scarlet Tanager (Female/Nonbreeding Male) (4.22%) | Nashville Warbler (1.38%) | Lesser Goldfinch (Female/juvenile) (0.57%) | Yellow-rumped Warbler (Winter/juvenile Audubon's) (0.53%)
IMG_6902.JPG,"37.5264065, -122.323374",2025-05-11 15:14:28,1,0.9989919066429138,4.324,,Manual: Lesser Goldfinch,Lesser Goldfinch (Adult Male),0.626,Lesser Goldfinch (Adult Male) (62.57%) | Lesser Goldfinch (Female/juvenile) (16.67%) | Nashville Warbler (12.64%) | Yellow-rumped Warbler (Winter/juvenile Audubon's) (3.32%) | Scarlet Tanager (Female/Nonbreeding Male) (3.09%)
IMG_6903.JPG,"37.5264065, -122.323374",2025-05-11 15:14:31,1,0.9989290833473206,3.968,Lesser Goldfinch,Lesser Goldfinch,Lesser Goldfinch (Female/juvenile),0.866,"Lesser Goldfinch (Female/juvenile) (86.57%) | Lesser Goldfinch (Adult Male) (13.01%) | Dickcissel (0.12%) | Calliope Hummingbird (Female, immature) (0.11%) | American Goldfinch (Female/Nonbreeding Male) (0.07%)"
IMG_6904.JPG,"37.5264065, -122.323374",2025-05-11 15:14:33,1,0.9988792538642883,4.962,Lesser Goldfinch,Lesser Goldfinch,Lesser Goldfinch (Adult Male),0.985,Lesser Goldfinch (Adult Male) (98.54%) | Lesser Goldfinch (Female/juvenile) (1.17%) | Scarlet Tanager (Female/Nonbreeding Male) (0.14%) | Nashville Warbler (0.08%) | Wilson's Warbler (0.01%)
IMG_6905.JPG,"37.5264065, -122.323374",2025-05-11 15:14:35,1,0.9983805418014526,4.271,Lesser Goldfinch (Adult Male),Lesser Goldfinch (Adult Male),Lesser Goldfinch (Adult Male),1.0,Lesser Goldfinch (Adult Male) (100.00%) | Bell's Vireo (0.00%) | Scarlet Tanager (Female/Nonbreeding Male) (0.00%) | Clay-colored Sparrow (0.00%) | Lesser Goldfinch (Female/juvenile) (0.00%)
IMG_6906.JPG,"37.5264065, -122.323374",2025-05-11 15:14:39,1,0.9955556988716125,4.487,,Manual: Lesser Goldfinch,Lesser Goldfinch (Adult Male),0.784,Lesser Goldfinch (Adult Male) (78.42%) | Dickcissel (11.75%) | Black-capped Chickadee (4.28%) | Lesser Goldfinch (Female/juvenile) (2.19%) | Yellow-rumped Warbler (Winter/juvenile Audubon's) (1.74%)
IMG_6907.JPG,"37.5264065, -122.323374",2025-05-11 15:14:42,1,0.9974138736724854,4.416,,Manual: Lesser Goldfinch,Yellow-rumped Warbler (Winter/juvenile Audubon's),0.359,Yellow-rumped Warbler (Winter/juvenile Audubon's) (35.89%) | American Goldfinch (Female/Nonbreeding Male) (16.47%) | Nashville Warbler (16.41%) | Lesser Goldfinch (Female/juvenile) (9.10%) | Common Merganser (Breeding male) (4.17%)
IMG_6908.JPG,"37.5264065, -122.323374",2025-05-11 15:14:43,1,0.9984109401702881,4.57,,Manual: Lesser Goldfinch,Lesser Goldfinch (Female/juvenile),0.963,Lesser Goldfinch (Female/juvenile) (96.33%) | Lesser Goldfinch (Adult Male) (1.45%) | Nashville Warbler (1.16%) | Scarlet Tanager (Female/Nonbreeding Male) (0.66%) | Tennessee Warbler (0.38%)
IMG_6909.JPG,"37.5264065, -122.323374",2025-05-11 15:14:55,1,0.9971033930778503,6.046,Lesser Goldfinch,Lesser Goldfinch,Lesser Goldfinch (Adult Male),1.0,Lesser Goldfinch (Adult Male) (99.99%) | Lesser Goldfinch (Female/juvenile) (0.01%) | White-winged Crossbill (Female/juvenile) (0.00%) | Western Tanager (Female/Nonbreeding Male) (0.00%) | Golden-crowned Sparrow (Adult) (0.00%)
IMG_6910.JPG,"37.5264065, -122.323374",2025-05-11 15:14:57,1,0.997461199760437,6.4,Lesser Goldfinch,Lesser Goldfinch,Lesser Goldfinch (Adult Male),1.0,Lesser Goldfinch (Adult Male) (100.00%) | Lesser Goldfinch (Female/juvenile) (0.00%) | Bell's Vireo (0.00%) | Western Tanager (Female/Nonbreeding Male) (0.00%) | Golden-crowned Sparrow (Adult) (0.00%)
IMG_6913.JPG,"37.5264065, -122.323374",2025-05-11 15:18:54,1,0.9989640712738037,6.103,,Manual: Lesser Goldfinch,Lesser Goldfinch (Female/juvenile),0.987,Lesser Goldfinch (Female/juvenile) (98.67%) | Western Tanager (Female/Nonbreeding Male) (1.33%) | Pine Warbler (0.00%) | American Goldfinch (Female/Nonbreeding Male) (0.00%) | Lesser Goldfinch (Adult Male) (0.00%)
IMG_6914.JPG,"37.5264065, -122.323374",2025-05-11 15:18:55,1,0.9990412592887878,5.966,Lesser Goldfinch (Female/juvenile),Lesser Goldfinch (Female/juvenile),Lesser Goldfinch (Female/juvenile),1.0,Lesser Goldfinch (Female/juvenile) (99.98%) | Western Tanager (Female/Nonbreeding Male) (0.02%) | American Goldfinch (Female/Nonbreeding Male) (0.00%) | Scarlet Tanager (Female/Nonbreeding Male) (0.00%) | Orchard Oriole (Female/Juvenile) (0.00%)
IMG_6915.JPG,"37.5264065, -122.323374",2025-05-11 15:18:56,1,0.9988735318183899,6.145,,Manual: Lesser Goldfinch,Lesser Goldfinch (Female/juvenile),0.919,Lesser Goldfinch (Female/juvenile) (91.89%) | Western Tanager (Female/Nonbreeding Male) (8.11%) | Lesser Goldfinch (Adult Male) (0.00%) | Pine Warbler (0.00%) | Scarlet Tanager (Female/Nonbreeding Male) (0.00%)
IMG_6916.JPG,"37.5264065, -122.323374",2025-05-11 15:18:58,1,0.9987838864326477,5.334,Lesser Goldfinch (Female/juvenile),Lesser Goldfinch (Female/juvenile),Lesser Goldfinch (Female/juvenile),1.0,Lesser Goldfinch (Female/juvenile) (100.00%) | Pine Warbler (0.00%) | Scarlet Tanager (Female/Nonbreeding Male) (0.00%) | American Goldfinch (Female/Nonbreeding Male) (0.00%) | Western Tanager (Female/Nonbreeding Male) (0.00%)
IMG_6917.JPG,"37.5264065, -122.323374",2025-05-11 15:19:01,1,0.9987718462944031,5.275,Lesser Goldfinch (Female/juvenile),Lesser Goldfinch (Female/juvenile),Lesser Goldfinch (Female/juvenile),1.0,"Lesser Goldfinch (Female/juvenile) (100.00%) | Bay-breasted Warbler (Female, Nonbreeding male, Immature) (0.00%) | Pine Warbler (0.00%) | American Goldfinch (Female/Nonbreeding Male) (0.00%) | Western Tanager (Female/Nonbreeding Male) (0.00%)"
IMG_6918.JPG,"37.5264065, -122.323374",2025-05-11 15:19:02,1,0.9987634420394897,5.447,Lesser Goldfinch (Female/juvenile),Lesser Goldfinch (Female/juvenile),Lesser Goldfinch (Female/juvenile),1.0,Lesser Goldfinch (Female/juvenile) (100.00%) | Western Tanager (Female/Nonbreeding Male) (0.00%) | American Goldfinch (Female/Nonbreeding Male) (0.00%) | Pine Warbler (0.00%) | Scarlet Tanager (Female/Nonbreeding Male) (0.00%)
IMG_6919.JPG,"37.5264065, -122.323374",2025-05-11 15:21:19,1,0.9995762705802917,4.729,Lesser Goldfinch,Lesser Goldfinch,Lesser Goldfinch (Female/juvenile),0.991,"Lesser Goldfinch (Female/juvenile) (99.15%) | Lesser Goldfinch (Adult Male) (0.67%) | Scarlet Tanager (Female/Nonbreeding Male) (0.10%) | Calliope Hummingbird (Female, immature) (0.03%) | Purple Finch (Female/immature) (0.03%)"
IMG_6920.JPG,"37.5264065, -122.323374",2025-05-11 15:21:20,1,0.9993921518325806,4.603,,Manual: Lesser Goldfinch,Lesser Goldfinch (Female/juvenile),0.847,Lesser Goldfinch (Female/juvenile) (84.68%) | Scarlet Tanager (Female/Nonbreeding Male) (15.09%) | Lesser Goldfinch (Adult Male) (0.09%) | Western Tanager (Female/Nonbreeding Male) (0.06%) | Dickcissel (0.05%)
IMG_6921.JPG,"37.5264065, -122.323374",2025-05-11 15:21:21,1,0.9990610480308533,4.436,Lesser Goldfinch (Female/juvenile),Lesser Goldfinch (Female/juvenile),Lesser Goldfinch (Female/juvenile),1.0,Lesser Goldfinch (Female/juvenile) (99.99%) | American Goldfinch (Female/Nonbreeding Male) (0.01%) | Lesser Goldfinch (Adult Male) (0.00%) | Tennessee Warbler (0.00%) | Scarlet Tanager (Female/Nonbreeding Male) (0.00%)
IMG_6922.JPG,"37.5264065, -122.323374",2025-05-11 15:21:24,1,0.9990076422691345,4.959,Lesser Goldfinch,Lesser Goldfinch,Lesser Goldfinch (Female/juvenile),1.0,Lesser Goldfinch (Female/juvenile) (99.95%) | Lesser Goldfinch (Adult Male) (0.04%) | Scarlet Tanager (Female/Nonbreeding Male) (0.01%) | American Goldfinch (Female/Nonbreeding Male) (0.01%) | Tennessee Warbler (0.00%)
IMG_6923.JPG,"37.5264065, -122.323374",2025-05-11 15:23:34,1,0.9994122982025146,5.116,,Manual: Anna's Hummingbird,Costa's Hummingbird (Adult Male),0.696,"Costa's Hummingbird (Adult Male) (69.58%) | Anna's Hummingbird (Female, immature) (24.24%) | Calliope Hummingbird (Adult Male) (1.43%) | Broad-tailed Hummingbird (Adult Male) (1.27%) | Black-chinned Hummingbird (Adult Male) (0.85%)"
IMG_6926.JPG,"37.5264065, -122.323374",2025-05-22 07:07:54,1,0.9995352029800415,7.643,American Robin,American Robin,American Robin (Adult),1.0,American Robin (Adult) (100.00%) | American Robin (Juvenile) (0.00%) | Eastern Towhee (0.00%) | Varied Thrush (0.00%) | Gray-crowned Rosy-Finch (0.00%)
IMG_6927.JPG,"37.9870308, -119.9175096",2025-05-24 15:50:00,1,0.9981839060783386,4.753,,Manual: White-headed Woodpecker,Red-headed Woodpecker (Adult),0.782,Red-headed Woodpecker (Adult) (78.15%) | Acorn Woodpecker (12.26%) | Carolina Chickadee (5.32%) | White-throated Swift (2.87%) | Pygmy Nuthatch (0.50%)
IMG_6928.JPG,"37.9870308, -119.9175096",2025-05-24 15:50:05,1,0.9982233643531799,4.996,White-headed Woodpecker,White-headed Woodpecker,Pileated Woodpecker,0.991,Pileated Woodpecker (99.10%) | Acorn Woodpecker (0.59%) | Hairy Woodpecker (0.10%) | Red-headed Woodpecker (Adult) (0.08%) | White-throated Swift (0.05%)
IMG_6929.JPG,"37.9870308, -119.9175096",2025-05-24 15:50:09,1,0.9966012239456177,4.85,,Manual: White-headed Woodpecker,Pileated Woodpecker,0.955,Pileated Woodpecker (95.53%) | Red-headed Woodpecker (Adult) (4.11%) | Acorn Woodpecker (0.30%) | Carolina Chickadee (0.06%) | White-throated Swift (0.00%)
IMG_6930.JPG,"37.9870308, -119.9175096",2025-05-24 15:50:11,1,0.9979581832885742,4.94,,Manual: White-headed Woodpecker,Pileated Woodpecker,0.495,Pileated Woodpecker (49.50%) | Acorn Woodpecker (42.14%) | Red-headed Woodpecker (Adult) (7.10%) | Carolina Chickadee (1.16%) | Brewer's Blackbird (Male) (0.06%)
IMG_6931.JPG,"37.9870308, -119.9175096",2025-05-24 15:50:13,1,0.9974991679191589,5.018,,Manual: White-headed Woodpecker,Red-headed Woodpecker (Adult),0.888,Red-headed Woodpecker (Adult) (88.81%) | Pygmy Nuthatch (8.14%) | White-throated Swift (1.97%) | Pileated Woodpecker (0.84%) | Acorn Woodpecker (0.08%)
IMG_6932.JPG,"37.9870308, -119.9175096",2025-05-24 15:50:14,1,0.9979896545410156,4.909,,Manual: White-headed Woodpecker,White-throated Swift,0.708,White-throated Swift (70.84%) | Carolina Chickadee (21.44%) | Acorn Woodpecker (3.07%) | Red-headed Woodpecker (Adult) (1.65%) | Pygmy Nuthatch (1.38%)
IMG_6933.JPG,"37.9870308, -119.9175096",2025-05-24 15:50:16,1,0.9986435770988464,4.777,Red-headed Woodpecker (Adult),Manual: White-headed Woodpecker,Red-headed Woodpecker (Adult),0.992,Red-headed Woodpecker (Adult) (99.15%) | Acorn Woodpecker (0.28%) | Pileated Woodpecker (0.22%) | Carolina Chickadee (0.16%) | Brewer's Blackbird (Male) (0.13%)
IMG_6934.JPG,"37.9870308, -119.9175096",2025-05-24 15:50:17,1,0.9991594552993774,4.589,,Manual: White-headed Woodpecker,Red-headed Woodpecker (Adult),0.793,Red-headed Woodpecker (Adult) (79.34%) | Pileated Woodpecker (19.24%) | Pygmy Nuthatch (0.77%) | Carolina Chickadee (0.36%) | Acorn Woodpecker (0.23%)
IMG_6935.JPG,"37.9870308, -119.9175096",2025-05-24 15:50:26,1,0.9923105239868164,4.723,,Manual: White-headed Woodpecker,Red-headed Woodpecker (Adult),0.96,Red-headed Woodpecker (Adult) (96.03%) | Pileated Woodpecker (2.84%) | White-throated Swift (0.88%) | Pygmy Nuthatch (0.14%) | Brewer's Blackbird (Male) (0.03%)
IMG_6936.JPG,"37.9870308, -119.9175096",2025-05-24 15:50:45,1,0.9983964562416077,5.233,White-headed Woodpecker,White-headed Woodpecker,Pileated Woodpecker,1.0,Pileated Woodpecker (99.99%) | Acorn Woodpecker (0.01%) | Hairy Woodpecker (0.00%) | Red-headed Woodpecker (Adult) (0.00%) | Great Black-backed Gull (Adult) (0.00%)
IMG_6937.JPG,"37.9870308, -119.9175096",2025-05-24 15:50:46,1,0.9976108074188232,4.719,,Manual: White-headed Woodpecker,Red-headed Woodpecker (Adult),0.615,Red-headed Woodpecker (Adult) (61.49%) | Pileated Woodpecker (36.69%) | Acorn Woodpecker (1.00%) | Carolina Chickadee (0.54%) | White-throated Swift (0.17%)
IMG_6938.JPG,"37.9870308, -119.9175096",2025-05-24 15:50:50,2,0.8122876286506653,6.278,,Manual: White-headed Woodpecker,,0,
IMG_6939.JPG,"37.9870308, -119.9175096",2025-05-24 15:50:54,1,0.9979356527328491,4.639,White-headed Woodpecker,White-headed Woodpecker,Pileated Woodpecker,0.99,Pileated Woodpecker (99.03%) | Red-headed Woodpecker (Adult) (0.96%) | Acorn Woodpecker (0.01%) | White-throated Swift (0.00%) | Hairy Woodpecker (0.00%)
IMG_6940.JPG,"37.9870308, -119.9175096",2025-05-24 15:50:55,1,0.9980870485305786,4.56,,Manual: White-headed Woodpecker,Pileated Woodpecker,0.941,Pileated Woodpecker (94.11%) | Red-headed Woodpecker (Adult) (5.84%) | Acorn Woodpecker (0.02%) | Yellow-headed Blackbird (Adult Male) (0.01%) | Hermit Warbler (0.01%)
IMG_6941.JPG,"37.9870308, -119.9175096",2025-05-24 15:51:02,1,0.9910964965820312,5.176,,Manual: White-headed Woodpecker,Pileated Woodpecker,0.509,Pileated Woodpecker (50.88%) | Red-headed Woodpecker (Adult) (33.01%) | Hooded Oriole (Adult male) (11.71%) | Acorn Woodpecker (2.08%) | Yellow-headed Blackbird (Adult Male) (1.00%)
IMG_6942.JPG,"37.9870308, -119.9175096",2025-05-24 15:51:04,1,0.9982902407646179,5.013,White-headed Woodpecker,White-headed Woodpecker,Pileated Woodpecker,0.998,Pileated Woodpecker (99.83%) | Red-headed Woodpecker (Adult) (0.12%) | Carolina Chickadee (0.02%) | Acorn Woodpecker (0.01%) | White-throated Swift (0.01%)
IMG_6943.JPG,"37.9870308, -119.9175096",2025-05-24 15:51:05,1,0.9971888661384583,5.201,White-headed Woodpecker,White-headed Woodpecker,Pileated Woodpecker,1.0,Pileated Woodpecker (99.98%) | Great Black-backed Gull (Adult) (0.01%) | White-throated Swift (0.01%) | Red-headed Woodpecker (Adult) (0.00%) | Acorn Woodpecker (0.00%)
IMG_6944.JPG,"37.9870308, -119.9175096",2025-05-24 15:51:11,1,0.997911274433136,6.225,White-headed Woodpecker,White-headed Woodpecker,Pileated Woodpecker,0.998,Pileated Woodpecker (99.82%) | Acorn Woodpecker (0.18%) | Yellow-headed Blackbird (Adult Male) (0.00%) | Common Eider (Adult male) (0.00%) | Red-headed Woodpecker (Adult) (0.00%)
IMG_6945.JPG,"37.9870308, -119.9175096",2025-05-24 15:51:13,1,0.9985331296920776,4.843,White-headed Woodpecker,White-headed Woodpecker,Pileated Woodpecker,0.999,Pileated Woodpecker (99.93%) | Red-headed Woodpecker (Adult) (0.06%) | Yellow-headed Blackbird (Adult Male) (0.00%) | Acorn Woodpecker (0.00%) | Hooded Oriole (Adult male) (0.00%)
IMG_6946.JPG,"37.9870308, -119.9175096",2025-05-24 15:51:15,1,0.9962377548217773,6.043,,Manual: White-headed Woodpecker,Red-headed Woodpecker (Adult),0.972,Red-headed Woodpecker (Adult) (97.19%) | Lark Bunting (Breeding male) (2.77%) | Hooded Oriole (Adult male) (0.02%) | Carolina Chickadee (0.01%) | Pygmy Nuthatch (0.01%)
IMG_6947.JPG,"37.9870308, -119.9175096",2025-05-24 15:51:18,1,0.9987000226974487,4.27,,Manual: White-headed Woodpecker,Acorn Woodpecker,0.736,Acorn Woodpecker (73.59%) | Yellow-headed Blackbird (Adult Male) (13.29%) | Red-headed Woodpecker (Adult) (9.02%) | Gray Jay (1.50%) | Pileated Woodpecker (1.06%)
IMG_6948.JPG,"37.9870308, -119.9175096",2025-05-24 17:40:59,1,0.9983115196228027,5.94,,Manual: Townsend's Solitaire,Townsend's Solitaire,0.985,Townsend's Solitaire (98.51%) | Western Wood-Pewee (1.43%) | Mountain Bluebird (0.03%) | Phainopepla (Female/juvenile) (0.03%) | Pyrrhuloxia (0.00%)
IMG_6949.JPG,"37.9870308, -119.9175096",2025-05-24 17:41:01,1,0.9921363592147827,5.977,Townsend's Solitaire,Townsend's Solitaire,Townsend's Solitaire,1.0,"Townsend's Solitaire (99.99%) | Northern Flicker (Red-shafted) (0.01%) | Western Wood-Pewee (0.00%) | Anna's Hummingbird (Female, immature) (0.00%) | Brewer's Blackbird (Female/Juvenile) (0.00%)"
IMG_6950.JPG,"37.9870308, -119.9175096",2025-05-24 18:17:20,1,0.999630331993103,5.737,Spotted Towhee,Spotted Towhee,Spotted Towhee,1.0,Spotted Towhee (100.00%) | Rose-breasted Grosbeak (Adult Male) (0.00%) | Orchard Oriole (Adult Male) (0.00%) | Eastern Towhee (0.00%) | Bay-breasted Warbler (Breeding male) (0.00%)
IMG_6951.JPG,"37.9870308, -119.9175096",2025-05-24 18:17:22,1,0.999169111251831,6.108,Spotted Towhee,Spotted Towhee,Spotted Towhee,1.0,Spotted Towhee (100.00%) | Eastern Towhee (0.00%) | Northern Shoveler (Breeding male) (0.00%) | Rose-breasted Grosbeak (Adult Male) (0.00%) | Ruby-throated Hummingbird (Adult Male) (0.00%)
IMG_6952.JPG,"37.9870308, -119.9175096",2025-05-24 18:17:23,1,0.9990949630737305,5.179,Spotted Towhee,Spotted Towhee,Spotted Towhee,1.0,Spotted Towhee (100.00%) | Orchard Oriole (Adult Male) (0.00%) | Orchard Oriole (Immature Male) (0.00%) | Rose-breasted Grosbeak (Adult Male) (0.00%) | Eastern Towhee (0.00%)
IMG_6955.JPG,"37.9870308, -119.9175096",2025-05-24 18:29:49,1,0.9989511966705322,5.201,Fox Sparrow,Fox Sparrow,Fox Sparrow (Sooty),0.996,Fox Sparrow (Sooty) (99.63%) | Fox Sparrow (Thick-billed/Slate-colored) (0.26%) | Song Sparrow (0.06%) | Fox Sparrow (Red) (0.02%) | Mourning Warbler (0.02%)
IMG_6956.JPG,"37.9870308, -119.9175096",2025-05-24 18:29:55,1,0.9982914328575134,4.536,Fox Sparrow,Fox Sparrow,Fox Sparrow (Sooty),0.95,Fox Sparrow (Sooty) (95.00%) | Fox Sparrow (Thick-billed/Slate-colored) (4.85%) | Fox Sparrow (Red) (0.10%) | Purple Finch (Female/immature) (0.04%) | Mourning Warbler (0.01%)
IMG_6957.JPG,"37.9870308, -119.9175096",2025-05-24 18:29:59,1,0.9803984761238098,5.166,,Manual: Fox Sparrow,Fox Sparrow (Sooty),0.489,Fox Sparrow (Sooty) (48.92%) | Fox Sparrow (Red) (45.36%) | Hermit Thrush (5.60%) | Song Sparrow (0.06%) | Swamp Sparrow (0.05%)
IMG_6958.JPG,"37.9870308, -119.9175096",2025-05-24 18:30:02,1,0.9979352951049805,5.248,,Manual: Fox Sparrow,Fox Sparrow (Thick-billed/Slate-colored),0.547,Fox Sparrow (Thick-billed/Slate-colored) (54.75%) | Fox Sparrow (Sooty) (43.50%) | Song Sparrow (1.17%) | Mourning Warbler (0.29%) | Fox Sparrow (Red) (0.18%)
IMG_6958.JPG,"37.9870308, -119.9175096",2025-05-24 18:30:02,2,0.9085415601730347,4.334,,Manual: Fox Sparrow,,0,
IMG_6959.JPG,"37.9870308, -119.9175096",2025-05-24 18:30:06,1,0.9974459409713745,5.044,Fox Sparrow,Fox Sparrow,Fox Sparrow (Sooty),0.644,Fox Sparrow (Sooty) (64.40%) | Fox Sparrow (Thick-billed/Slate-colored) (35.51%) | Song Sparrow (0.06%) | White-throated Sparrow (Tan-striped/immature) (0.01%) | Fox Sparrow (Red) (0.01%)
IMG_6960.JPG,"37.9870308, -119.9175096",2025-05-24 18:30:09,1,0.9956830739974976,5.01,,Manual: Fox Sparrow,Fox Sparrow (Sooty),0.97,Fox Sparrow (Sooty) (97.05%) | Fox Sparrow (Red) (1.61%) | Fox Sparrow (Thick-billed/Slate-colored) (1.27%) | Song Sparrow (0.06%) | Hermit Thrush (0.01%)
IMG_6961.JPG,"37.9870308, -119.9175096",2025-05-25 05:36:41,1,0.95760178565979,5.87,,Manual: Yellow-rumped Warbler,Rufous Hummingbird (Adult Male),0.745,Rufous Hummingbird (Adult Male) (74.55%) | Hermit Warbler (13.31%) | Yellow-rumped Warbler (Breeding Audubon's) (8.10%) | Double-crested Cormorant (Adult) (2.06%) | Northern Parula (1.18%)
IMG_6962.JPG,"37.9870308, -119.9175096",2025-05-25 05:36:45,1,0.9890012741088867,5.662,,,Hermit Warbler,0.695,Hermit Warbler (69.53%) | Yellow-rumped Warbler (Breeding Myrtle) (25.88%) | American Redstart (Adult Male) (2.31%) | Rufous Hummingbird (Adult Male) (1.68%) | Golden-crowned Kinglet (0.17%)
IMG_6963.JPG,"37.9870308, -119.9175096",2025-05-25 05:36:59,1,0.98093581199646,5.726,,Manual: Yellow-rumped Warbler,Rufous Hummingbird (Adult Male),0.895,Rufous Hummingbird (Adult Male) (89.54%) | American Redstart (Adult Male) (9.38%) | Hermit Warbler (0.96%) | Yellow-rumped Warbler (Breeding Myrtle) (0.08%) | Baltimore Oriole (Adult male) (0.02%)
IMG_6964.JPG,"37.9870308, -119.9175096",2025-05-25 05:37:45,1,0.9987896084785461,5.765,Yellow-rumped Warbler,Yellow-rumped Warbler,Yellow-rumped Warbler (Breeding Audubon's),1.0,Yellow-rumped Warbler (Breeding Audubon's) (99.97%) | Yellow-rumped Warbler (Breeding Myrtle) (0.02%) | Magnolia Warbler (Breeding male) (0.01%) | Yellow-headed Blackbird (Female/Immature Male) (0.00%) | Acorn Woodpecker (0.00%)
IMG_6965.JPG,"37.9870308, -119.9175096",2025-05-25 05:37:46,1,0.9985349178314209,5.461,Yellow-rumped Warbler,Yellow-rumped Warbler,Yellow-rumped Warbler (Breeding Audubon's),0.998,Yellow-rumped Warbler (Breeding Audubon's) (99.83%) | Yellow-rumped Warbler (Breeding Myrtle) (0.15%) | Magnolia Warbler (Breeding male) (0.01%) | Yellow-headed Blackbird (Female/Immature Male) (0.00%) | Acorn Woodpecker (0.00%)
IMG_6966.JPG,"37.9870308, -119.9175096",2025-05-25 05:37:49,1,0.9981892704963684,5.475,Yellow-rumped Warbler,Yellow-rumped Warbler,Yellow-rumped Warbler (Breeding Audubon's),0.535,Yellow-rumped Warbler (Breeding Audubon's) (53.52%) | Yellow-rumped Warbler (Breeding Myrtle) (46.46%) | Eastern Meadowlark (0.01%) | Mountain Chickadee (0.00%) | Yellow-rumped Warbler (Winter/juvenile Myrtle) (0.00%)
IMG_6967.JPG,"37.9870308, -119.9175096",2025-05-25 05:37:50,1,0.9978286623954773,5.511,Yellow-rumped Warbler,Yellow-rumped Warbler,Yellow-rumped Warbler (Breeding Audubon's),0.566,Yellow-rumped Warbler (Breeding Audubon's) (56.59%) | Yellow-rumped Warbler (Breeding Myrtle) (43.40%) | Eastern Meadowlark (0.00%) | Magnolia Warbler (Breeding male) (0.00%) | Magnolia Warbler (Female/immature male) (0.00%)
IMG_6969.JPG,"37.9870308, -119.9175096",2025-05-25 05:51:06,1,0.9991523027420044,4.529,Green-tailed Towhee,Green-tailed Towhee,Green-tailed Towhee,0.999,Green-tailed Towhee (99.94%) | Ovenbird (0.03%) | Veery (0.02%) | Chestnut-sided Warbler (Female/immature male) (0.00%) | Nashville Warbler (0.00%)
IMG_6970.JPG,"37.9870308, -119.9175096",2025-05-25 05:51:17,1,0.9991341233253479,4.634,,Manual: Green-tailed Towhee,Ovenbird,0.68,Ovenbird (67.99%) | Green-tailed Towhee (23.69%) | Veery (3.68%) | California Towhee (2.03%) | Black-billed Cuckoo (0.90%)
IMG_6972.JPG,"37.9870308, -119.9175096",2025-05-25 05:55:24,1,0.9990655779838562,4.37,Yellow-rumped Warbler,Yellow-rumped Warbler,Yellow-rumped Warbler (Breeding Audubon's),0.936,Yellow-rumped Warbler (Breeding Audubon's) (93.61%) | Yellow-rumped Warbler (Winter/juvenile Audubon's) (6.39%) | Black-tailed Gnatcatcher (0.00%) | Eastern Meadowlark (0.00%) | Downy Woodpecker (0.00%)
IMG_6973.JPG,"37.9870308, -119.9175096",2025-05-25 05:55:27,1,0.9990493655204773,4.197,Yellow-rumped Warbler,Yellow-rumped Warbler,Yellow-rumped Warbler (Breeding Audubon's),0.958,Yellow-rumped Warbler (Breeding Audubon's) (95.83%) | Yellow-rumped Warbler (Breeding Myrtle) (4.13%) | Yellow-rumped Warbler (Winter/juvenile Audubon's) (0.03%) | Black-tailed Gnatcatcher (0.01%) | Eastern Meadowlark (0.01%)
IMG_6974.JPG,"37.9870308, -119.9175096",2025-05-25 05:55:33,1,0.9992269277572632,5.013,Yellow-rumped Warbler,Yellow-rumped Warbler,Yellow-rumped Warbler (Breeding Audubon's),0.909,Yellow-rumped Warbler (Breeding Audubon's) (90.92%) | Yellow-rumped Warbler (Breeding Myrtle) (9.08%) | Yellow-rumped Warbler (Winter/juvenile Audubon's) (0.00%) | Yellow-throated Warbler (0.00%) | White-winged Crossbill (Female/juvenile) (0.00%)
IMG_6975.JPG,"37.9870308, -119.9175096",2025-05-25 07:02:48,1,0.9994033575057983,6.314,Dark-eyed Junco (Oregon),Dark-eyed Junco (Oregon),Dark-eyed Junco (Oregon),1.0,Dark-eyed Junco (Oregon) (100.00%) | Indigo Bunting (Female/juvenile) (0.00%) | Dark-eyed Junco (Red-backed/Gray-headed) (0.00%) | Dark-eyed Junco (Pink-sided) (0.00%) | Eastern Towhee (0.00%)
IMG_6976.JPG,"37.9870308, -119.9175096",2025-05-25 07:03:20,1,0.9989493489265442,6.065,Purple Finch (Female/immature),Purple Finch (Female/immature),Purple Finch (Female/immature),1.0,Purple Finch (Female/immature) (100.00%) | Cassin's Finch (Female/immature) (0.00%) | House Finch (Female/immature) (0.00%) | Lark Bunting (Female/Nonbreeding male) (0.00%) | Fox Sparrow (Red) (0.00%)
IMG_6977.JPG,"37.9870308, -119.9175096",2025-05-25 07:03:22,1,0.9979604482650757,5.973,,,Purple Finch (Female/immature),0.921,Purple Finch (Female/immature) (92.09%) | Cassin's Finch (Female/immature) (3.98%) | Lark Bunting (Female/Nonbreeding male) (3.05%) | Rose-breasted Grosbeak (Female/immature male) (0.63%) | House Finch (Female/immature) (0.12%)
IMG_6978.JPG,"37.9870308, -119.9175096",2025-05-25 07:03:23,1,0.9990255832672119,6.323,Purple Finch (Female/immature),Purple Finch (Female/immature),Purple Finch (Female/immature),0.999,Purple Finch (Female/immature) (99.86%) | Lark Bunting (Female/Nonbreeding male) (0.10%) | Red Crossbill (Female/juvenile) (0.02%) | Rose-breasted Grosbeak (Female/immature male) (0.01%) | Cassin's Finch (Female/immature) (0.00%)
IMG_6979.JPG,"37.9870308, -119.9175096",2025-05-25 07:03:26,1,0.9989325404167175,6.052,,,Purple Finch (Female/immature),0.965,Purple Finch (Female/immature) (96.51%) | Lark Bunting (Female/Nonbreeding male) (2.78%) | Song Sparrow (0.53%) | Rose-breasted Grosbeak (Female/immature male) (0.16%) | Cassin's Finch (Female/immature) (0.01%)
IMG_6980.JPG,"37.9870308, -119.9175096",2025-05-25 07:03:34,1,0.9983320832252502,6.046,Purple Finch (Female/immature),Purple Finch (Female/immature),Purple Finch (Female/immature),0.994,Purple Finch (Female/immature) (99.43%) | Song Sparrow (0.35%) | Rose-breasted Grosbeak (Female/immature male) (0.08%) | Cassin's Finch (Female/immature) (0.08%) | Lark Bunting (Female/Nonbreeding male) (0.05%)
IMG_6981.JPG,"37.9870308, -119.9175096",2025-05-25 07:03:39,1,0.9966970682144165,6.041,,,House Finch (Female/immature),0.789,House Finch (Female/immature) (78.89%) | Cassin's Finch (Female/immature) (16.45%) | Purple Finch (Female/immature) (4.05%) | Pine Siskin (0.29%) | Rose-breasted Grosbeak (Female/immature male) (0.26%)
IMG_6982.JPG,"37.9870308, -119.9175096",2025-05-25 07:03:45,1,0.9989142417907715,6.018,Purple Finch (Female/immature),Purple Finch (Female/immature),Purple Finch (Female/immature),0.997,Purple Finch (Female/immature) (99.69%) | Cassin's Finch (Female/immature) (0.13%) | Lark Bunting (Female/Nonbreeding male) (0.11%) | House Finch (Female/immature) (0.04%) | Red Crossbill (Female/juvenile) (0.02%)
IMG_6983.JPG,"37.9870308, -119.9175096",2025-05-25 07:03:49,1,0.9973514080047607,6.532,Cassin's Finch (Female/immature),Cassin's Finch (Female/immature),Cassin's Finch (Female/immature),0.999,Cassin's Finch (Female/immature) (99.85%) | Indigo Bunting (Female/juvenile) (0.04%) | Yellow-rumped Warbler (Winter/juvenile Audubon's) (0.04%) | Lark Bunting (Female/Nonbreeding male) (0.03%) | Purple Finch (Female/immature) (0.02%)
IMG_6984.JPG,"37.9870308, -119.9175096",2025-05-25 07:04:17,1,0.9995174407958984,6.007,Purple Finch (Female/immature),Purple Finch (Female/immature),Purple Finch (Female/immature),1.0,Purple Finch (Female/immature) (100.00%) | House Finch (Female/immature) (0.00%) | Purple Finch (Adult Male) (0.00%) | Fox Sparrow (Red) (0.00%) | Cassin's Finch (Adult Male) (0.00%)
IMG_6985.JPG,"37.9870308, -119.9175096",2025-05-25 07:05:11,1,0.9976836442947388,5.54,Chipping Sparrow (Breeding),Chipping Sparrow (Breeding),Chipping Sparrow (Breeding),1.0,Chipping Sparrow (Breeding) (99.99%) | American Tree Sparrow (0.01%) | Golden-crowned Sparrow (Adult) (0.00%) | Chipping Sparrow (Immature/nonbreeding adult) (0.00%) | Lazuli Bunting (Female/juvenile) (0.00%)
IMG_6986.JPG,"37.9870308, -119.9175096",2025-05-25 07:05:13,1,0.9967838525772095,5.724,Chipping Sparrow (Immature/nonbreeding adult),Chipping Sparrow (Immature/nonbreeding adult),Chipping Sparrow (Immature/nonbreeding adult),0.996,Chipping Sparrow (Immature/nonbreeding adult) (99.63%) | Brewer's Sparrow (0.11%) | Lark Sparrow (0.09%) | Chipping Sparrow (Breeding) (0.09%) | Clay-colored Sparrow (0.04%)
IMG_6987.JPG,No GPS Data,2025-05-25 07:05:21,0,0,0.0,,Manual: Chipping Sparrow,,0,
IMG_6988.JPG,"37.9870308, -119.9175096",2025-05-25 07:56:00,1,0.9941111207008362,5.024,Turkey Vulture,Turkey Vulture,Turkey Vulture,1.0,Turkey Vulture (100.00%) | Band-tailed Pigeon (0.00%) | Common Raven (0.00%) | Black Vulture (0.00%) | Great Cormorant (Adult) (0.00%)
IMG_6989.JPG,"37.9870308, -119.9175096",2025-05-25 07:56:02,1,0.9994428753852844,4.824,Turkey Vulture,Turkey Vulture,Turkey Vulture,1.0,Turkey Vulture (100.00%) | Common Raven (0.00%) | Black Vulture (0.00%) | Golden Eagle (Adult) (0.00%) | Band-tailed Pigeon (0.00%)
IMG_6990.JPG,"37.9870308, -119.9175096",2025-05-25 07:56:06,1,0.9976533055305481,5.016,Turkey Vulture,Turkey Vulture,Turkey Vulture,1.0,Turkey Vulture (100.00%) | Great Cormorant (Adult) (0.00%) | Golden Eagle (Adult) (0.00%) | Band-tailed Pigeon (0.00%) | Common Raven (0.00%)
IMG_6991.JPG,"37.9870308, -119.9175096",2025-05-25 07:56:29,1,0.9991023540496826,3.944,Turkey Vulture,Turkey Vulture,Turkey Vulture,1.0,Turkey Vulture (100.00%) | Black Vulture (0.00%) | Golden Eagle (Adult) (0.00%) | Great Cormorant (Adult) (0.00%) | Common Raven (0.00%)
IMG_6992.JPG,"37.9870308, -119.9175096",2025-05-25 07:56:33,1,0.9923319816589355,4.312,Turkey Vulture,Turkey Vulture,Turkey Vulture,1.0,Turkey Vulture (100.00%) | Golden Eagle (Adult) (0.00%) | Black Vulture (0.00%) | Great Cormorant (Adult) (0.00%) | Harris's Hawk (0.00%)
IMG_6993.JPG,"37.9870308, -119.9175096",2025-05-25 07:56:39,1,0.997490406036377,4.491,Turkey Vulture,Turkey Vulture,Turkey Vulture,1.0,Turkey Vulture (100.00%) | Black Vulture (0.00%) | Great Cormorant (Adult) (0.00%) | Golden Eagle (Adult) (0.00%) | Common Raven (0.00%)
IMG_6995.JPG,"37.9870308, -119.9175096",2025-05-25 07:56:43,1,0.9983727931976318,3.961,Turkey Vulture,Turkey Vulture,Turkey Vulture,1.0,Turkey Vulture (100.00%) | Black Vulture (0.00%) | Great Cormorant (Adult) (0.00%) | Golden Eagle (Adult) (0.00%) | Common Raven (0.00%)
IMG_6996.JPG,"37.9870308, -119.9175096",2025-05-25 08:02:15,1,0.9995507597923279,5.595,Turkey Vulture,Turkey Vulture,Turkey Vulture,1.0,Turkey Vulture (100.00%) | Black Vulture (0.00%) | Common Raven (0.00%) | Great Cormorant (Adult) (0.00%) | Golden Eagle (Adult) (0.00%)
IMG_6997.JPG,"37.9870308, -119.9175096",2025-05-25 08:02:19,1,0.9995365142822266,4.758,Turkey Vulture,Turkey Vulture,Turkey Vulture,1.0,Turkey Vulture (100.00%) | Black Vulture (0.00%) | Common Raven (0.00%) | Golden Eagle (Adult) (0.00%) | Great Cormorant (Adult) (0.00%)
IMG_6998.JPG,"37.9870308, -119.9175096",2025-05-25 08:02:21,1,0.9996077418327332,5.675,Turkey Vulture,Turkey Vulture,Turkey Vulture,1.0,Turkey Vulture (100.00%) | Black Vulture (0.00%) | Common Raven (0.00%) | Common Grackle (0.00%) | Golden Eagle (Adult) (0.00%)
IMG_6999.JPG,"37.9870308, -119.9175096",2025-05-25 08:09:37,2,0.7840292453765869,4.8,,Manual: Turkey Vulture,,0,
IMG_7000.JPG,"37.9870308, -119.9175096",2025-05-25 09:49:24,1,0.9971289038658142,6.134,Acorn Woodpecker,Acorn Woodpecker,Acorn Woodpecker,1.0,Acorn Woodpecker (99.98%) | Horned Grebe (Nonbreeding/juvenile) (0.01%) | Nuttall's Woodpecker (0.00%) | Yellow-rumped Warbler (Breeding Myrtle) (0.00%) | Rose-breasted Grosbeak (Adult Male) (0.00%)
IMG_7001.JPG,"37.9870308, -119.9175096",2025-05-25 09:49:51,1,0.9986698627471924,6.413,,Manual: Acorn Woodpecker,Red-naped Sapsucker,0.643,Red-naped Sapsucker (64.34%) | Acorn Woodpecker (23.06%) | Red-headed Woodpecker (Adult) (12.18%) | Red-breasted Sapsucker (0.39%) | Horned Grebe (Nonbreeding/juvenile) (0.02%)
IMG_7002.JPG,"37.9870308, -119.9175096",2025-05-25 09:49:53,1,0.9984452128410339,6.581,Acorn Woodpecker,Acorn Woodpecker,Acorn Woodpecker,1.0,Acorn Woodpecker (100.00%) | Costa's Hummingbird (Adult Male) (0.00%) | Red-naped Sapsucker (0.00%) | Carolina Chickadee (0.00%) | Red-headed Woodpecker (Adult) (0.00%)
IMG_7003.JPG,"37.9870308, -119.9175096",2025-05-25 09:49:54,1,0.9988288283348083,5.583,Acorn Woodpecker,Acorn Woodpecker,Acorn Woodpecker,1.0,Acorn Woodpecker (100.00%) | Red-headed Woodpecker (Immature) (0.00%) | Carolina Chickadee (0.00%) | White-throated Swift (0.00%) | Red-naped Sapsucker (0.00%)
IMG_7004.JPG,"37.9870308, -119.9175096",2025-05-25 09:49:56,1,0.9987810254096985,5.455,,Manual: Acorn Woodpecker,Acorn Woodpecker,0.783,Acorn Woodpecker (78.26%) | Rose-breasted Grosbeak (Adult Male) (16.90%) | Ring-billed Gull (Immature) (1.44%) | Red-headed Woodpecker (Immature) (1.43%) | Red-naped Sapsucker (0.65%)
IMG_7005.JPG,"37.9870308, -119.9175096",2025-05-25 09:50:02,1,0.9942135214805603,6.972,,Manual: Acorn Woodpecker,Sharp-shinned Hawk (Immature),0.398,Sharp-shinned Hawk (Immature) (39.76%) | Acorn Woodpecker (38.41%) | Red-headed Woodpecker (Immature) (10.77%) | Horned Grebe (Nonbreeding/juvenile) (5.55%) | Red-naped Sapsucker (2.75%)
IMG_7006.JPG,"37.9870308, -119.9175096",2025-05-25 09:50:30,1,0.996956467628479,5.988,Acorn Woodpecker,Acorn Woodpecker,Acorn Woodpecker,1.0,Acorn Woodpecker (100.00%) | Yellow-rumped Warbler (Breeding Myrtle) (0.00%) | Eastern Kingbird (0.00%) | Red-naped Sapsucker (0.00%) | Rose-breasted Grosbeak (Adult Male) (0.00%)
IMG_7007.JPG,"37.9870308, -119.9175096",2025-05-25 10:54:55,1,0.9989067316055298,6.47,,,Cassin's Finch (Female/immature),0.736,Cassin's Finch (Female/immature) (73.57%) | House Finch (Female/immature) (13.04%) | Chipping Sparrow (Immature/nonbreeding adult) (6.51%) | Indigo Bunting (Female/juvenile) (3.77%) | Purple Finch (Female/immature) (1.78%)
IMG_7008.JPG,"37.9870308, -119.9175096",2025-05-25 10:54:58,1,0.9992035031318665,6.926,,,Purple Finch (Female/immature),0.635,Purple Finch (Female/immature) (63.52%) | Cassin's Finch (Female/immature) (35.23%) | Palm Warbler (0.84%) | Louisiana Waterthrush (0.14%) | House Finch (Female/immature) (0.06%)
IMG_7012.JPG,"37.9870308, -119.9175096",2025-05-25 11:04:47,1,0.9982923865318298,6.259,Fox Sparrow,Fox Sparrow,Fox Sparrow (Sooty),0.995,Fox Sparrow (Sooty) (99.52%) | Fox Sparrow (Thick-billed/Slate-colored) (0.43%) | Lark Bunting (Female/Nonbreeding male) (0.03%) | Song Sparrow (0.01%) | Fox Sparrow (Red) (0.01%)
IMG_7013.JPG,"37.9870308, -119.9175096",2025-05-25 11:04:49,1,0.9936163425445557,5.729,,Manual: Fox Sparrow,Nuttall's Woodpecker,0.494,Nuttall's Woodpecker (49.36%) | Fox Sparrow (Thick-billed/Slate-colored) (47.90%) | Hermit Thrush (2.07%) | MacGillivray's Warbler (0.26%) | Fox Sparrow (Sooty) (0.22%)
IMG_7014.JPG,"37.9870308, -119.9175096",2025-05-25 11:04:51,1,0.9988124370574951,6.462,,Manual: Fox Sparrow,Fox Sparrow (Thick-billed/Slate-colored),0.869,Fox Sparrow (Thick-billed/Slate-colored) (86.86%) | Song Sparrow (7.98%) | White-throated Sparrow (Tan-striped/immature) (3.27%) | Fox Sparrow (Sooty) (1.63%) | Fox Sparrow (Red) (0.13%)
IMG_7015.JPG,"37.9870308, -119.9175096",2025-05-25 11:04:54,1,0.8872918486595154,6.518,Fox Sparrow,Fox Sparrow,Fox Sparrow (Sooty),0.978,Fox Sparrow (Sooty) (97.82%) | Fox Sparrow (Thick-billed/Slate-colored) (2.13%) | White-throated Sparrow (Tan-striped/immature) (0.04%) | Lark Bunting (Female/Nonbreeding male) (0.01%) | Nuttall's Woodpecker (0.01%)
IMG_7016.JPG,"37.9870308, -119.9175096",2025-05-25 11:05:17,1,0.983997106552124,6.062,Fox Sparrow,Fox Sparrow,Fox Sparrow (Thick-billed/Slate-colored),0.995,Fox Sparrow (Thick-billed/Slate-colored) (99.54%) | Fox Sparrow (Sooty) (0.46%) | White-throated Sparrow (Tan-striped/immature) (0.00%) | Northern Flicker (Yellow-shafted) (0.00%) | Purple Finch (Female/immature) (0.00%)
IMG_7017.JPG,"37.9870308, -119.9175096",2025-05-25 11:05:20,1,0.9989074468612671,6.198,Fox Sparrow,Fox Sparrow,Fox Sparrow (Thick-billed/Slate-colored),0.537,Fox Sparrow (Thick-billed/Slate-colored) (53.74%) | Fox Sparrow (Sooty) (46.15%) | Purple Finch (Female/immature) (0.05%) | White-throated Sparrow (Tan-striped/immature) (0.02%) | Northern Flicker (Yellow-shafted) (0.01%)
IMG_7018.JPG,"37.9870308, -119.9175096",2025-05-25 11:05:22,1,0.9990094900131226,6.237,Fox Sparrow,Fox Sparrow,Fox Sparrow (Thick-billed/Slate-colored),0.919,Fox Sparrow (Thick-billed/Slate-colored) (91.93%) | Fox Sparrow (Sooty) (8.07%) | Purple Finch (Female/immature) (0.00%) | White-throated Sparrow (Tan-striped/immature) (0.00%) | Canyon Towhee (0.00%)
IMG_7020.JPG,"37.9870308, -119.9175096",2025-05-25 13:28:23,1,0.9974688291549683,4.919,,Manual: Chipping Sparrow,Lark Sparrow,0.709,Lark Sparrow (70.93%) | Clay-colored Sparrow (21.44%) | Horned Lark (4.79%) | Semipalmated Sandpiper (1.21%) | Snow Bunting (Nonbreeding) (1.13%)
IMG_7021.JPG,"37.9870308, -119.9175096",2025-05-25 13:28:25,1,0.9989091157913208,5.45,,Manual: Chipping Sparrow,Horned Lark,0.496,Horned Lark (49.57%) | Rough-legged Hawk (Light morph) (25.78%) | Lark Sparrow (12.95%) | Clay-colored Sparrow (3.74%) | Gray-crowned Rosy-Finch (3.04%)
IMG_7022.JPG,"37.9870308, -119.9175096",2025-05-25 13:28:27,1,0.9991656541824341,5.017,,Manual: Chipping Sparrow,Clay-colored Sparrow,0.892,Clay-colored Sparrow (89.23%) | Chipping Sparrow (Breeding) (9.30%) | Chipping Sparrow (Immature/nonbreeding adult) (1.28%) | Gray-crowned Rosy-Finch (0.11%) | Lark Sparrow (0.05%)
IMG_7023.JPG,"37.9870308, -119.9175096",2025-05-25 13:28:29,1,0.9990109205245972,5.232,Chipping Sparrow,Chipping Sparrow,Chipping Sparrow (Breeding),0.946,Chipping Sparrow (Breeding) (94.56%) | Chipping Sparrow (Immature/nonbreeding adult) (5.32%) | Clay-colored Sparrow (0.05%) | Rough-legged Hawk (Light morph) (0.02%) | Cassin's Finch (Adult Male) (0.01%)
IMG_7024.JPG,"37.9870308, -119.9175096",2025-05-25 13:28:31,1,0.9989829659461975,5.403,,Manual: Chipping Sparrow,Clay-colored Sparrow,0.758,Clay-colored Sparrow (75.82%) | Chipping Sparrow (Immature/nonbreeding adult) (15.85%) | Chipping Sparrow (Breeding) (8.14%) | Cassin's Finch (Adult Male) (0.18%) | Lark Sparrow (0.00%)
IMG_7025.JPG,"37.9870308, -119.9175096",2025-05-25 13:28:33,1,0.9988943934440613,5.789,,Manual: Chipping Sparrow,Chipping Sparrow (Breeding),0.87,Chipping Sparrow (Breeding) (87.01%) | Chipping Sparrow (Immature/nonbreeding adult) (3.91%) | Clay-colored Sparrow (3.83%) | Chestnut-sided Warbler (Breeding male) (2.33%) | Lark Sparrow (1.13%)
IMG_7026.JPG,"37.9870308, -119.9175096",2025-05-25 13:28:34,1,0.9986587762832642,5.827,Chipping Sparrow (Breeding),Chipping Sparrow (Breeding),Chipping Sparrow (Breeding),1.0,Chipping Sparrow (Breeding) (100.00%) | White-throated Sparrow (White-striped) (0.00%) | Chipping Sparrow (Immature/nonbreeding adult) (0.00%) | Chestnut-sided Warbler (Female/immature male) (0.00%) | American Tree Sparrow (0.00%)
IMG_7027.JPG,"37.9870308, -119.9175096",2025-05-25 13:28:36,2,0.9979366064071655,6.689,,Manual: Chipping Sparrow,,0,
IMG_7031.JPG,"37.9870308, -119.9175096",2025-05-25 14:31:21,1,0.9979127049446106,6.864,,Manual: Cassin's Finch,Cassin's Finch (Adult Male),0.889,Cassin's Finch (Adult Male) (88.93%) | Purple Finch (Adult Male) (9.03%) | Summer Tanager (Immature Male) (1.25%) | Bullock's Oriole (Female/Immature male) (0.69%) | Rose-breasted Grosbeak (Adult Male) (0.06%)
IMG_7032.JPG,"37.9870308, -119.9175096",2025-05-25 14:31:22,1,0.9982191920280457,6.312,Cassin's Finch (Adult Male),Cassin's Finch (Adult Male),Cassin's Finch (Adult Male),1.0,Cassin's Finch (Adult Male) (99.98%) | Purple Finch (Adult Male) (0.02%) | Blue Grosbeak (Female/juvenile) (0.00%) | Bullock's Oriole (Female/Immature male) (0.00%) | Summer Tanager (Immature Male) (0.00%)
IMG_7033.JPG,"37.9870308, -119.9175096",2025-05-25 14:31:23,1,0.9986063838005066,6.796,Cassin's Finch (Adult Male),Cassin's Finch (Adult Male),Cassin's Finch (Adult Male),0.994,Cassin's Finch (Adult Male) (99.42%) | Blue Grosbeak (Female/juvenile) (0.32%) | Purple Finch (Adult Male) (0.24%) | Bullock's Oriole (Female/Immature male) (0.01%) | House Finch (Adult Male) (0.00%)
IMG_7034.JPG,"37.9870308, -119.9175096",2025-05-25 14:31:25,1,0.9978365302085876,6.615,,Manual: Cassin's Finch,Cassin's Finch (Adult Male),0.726,Cassin's Finch (Adult Male) (72.60%) | Purple Finch (Adult Male) (22.71%) | Veery (2.10%) | House Sparrow (Female/Juvenile) (1.34%) | Tennessee Warbler (0.77%)
IMG_7035.JPG,"37.9870308, -119.9175096",2025-05-25 14:31:27,1,0.9982494115829468,7.055,,Manual: Cassin's Finch,Cassin's Finch (Adult Male),0.745,Cassin's Finch (Adult Male) (74.46%) | Purple Finch (Adult Male) (25.52%) | House Finch (Adult Male) (0.02%) | Blue Grosbeak (Female/juvenile) (0.00%) | Bullock's Oriole (Female/Immature male) (0.00%)
IMG_7036.JPG,"37.9870308, -119.9175096",2025-05-25 14:31:28,1,0.9918632507324219,6.81,Cassin's Finch (Adult Male),Cassin's Finch (Adult Male),Cassin's Finch (Adult Male),1.0,Cassin's Finch (Adult Male) (100.00%) | Brown-headed Nuthatch (0.00%) | Hoary Redpoll (0.00%) | Bullock's Oriole (Female/Immature male) (0.00%) | Cassin's Finch (Female/immature) (0.00%)
IMG_7037.JPG,"37.9870308, -119.9175096",2025-05-25 14:32:02,1,0.9987701773643494,7.022,Fox Sparrow,Fox Sparrow,Fox Sparrow (Thick-billed/Slate-colored),1.0,Fox Sparrow (Thick-billed/Slate-colored) (100.00%) | Fox Sparrow (Sooty) (0.00%) | Nuttall's Woodpecker (0.00%) | Purple Finch (Female/immature) (0.00%) | Eastern Towhee (0.00%)
IMG_7039.JPG,"37.9870308, -119.9175096",2025-05-25 14:32:07,2,0.8574879169464111,7.614,,,,0,
IMG_7040.JPG,"37.9870308, -119.9175096",2025-05-25 14:32:08,1,0.9976887702941895,8.505,Fox Sparrow (Thick-billed/Slate-colored),Fox Sparrow (Thick-billed/Slate-colored),Fox Sparrow (Thick-billed/Slate-colored),1.0,Fox Sparrow (Thick-billed/Slate-colored) (100.00%) | Mourning Warbler (0.00%) | Eastern Towhee (0.00%) | Fox Sparrow (Sooty) (0.00%) | Hermit Thrush (0.00%)
IMG_7041.JPG,"37.9870308, -119.9175096",2025-05-25 14:32:13,1,0.9986541271209717,8.027,,,Fox Sparrow (Sooty),0.488,Fox Sparrow (Sooty) (48.78%) | Fox Sparrow (Thick-billed/Slate-colored) (43.06%) | California Towhee (3.04%) | Green-tailed Towhee (1.37%) | Juniper Titmouse (0.64%)
IMG_7042.JPG,No GPS Data,2025-05-25 14:32:14,0,0,0.0,,,,0,
IMG_7043.JPG,"37.9870308, -119.9175096",2025-05-25 14:32:15,1,0.9980918765068054,8.271,,,Hermit Thrush,0.558,Hermit Thrush (55.80%) | Common Yellowthroat (Female/immature male) (16.35%) | European Starling (Juvenile) (10.21%) | Fox Sparrow (Sooty) (5.73%) | Canyon Towhee (4.99%)
IMG_7044.JPG,"37.9870308, -119.9175096",2025-05-25 14:32:16,1,0.9971268773078918,8.599,,,Hermit Thrush,0.539,Hermit Thrush (53.90%) | Cordilleran Flycatcher (39.23%) | Juniper Titmouse (5.82%) | Fox Sparrow (Thick-billed/Slate-colored) (0.28%) | Townsend's Solitaire (0.13%)
IMG_7045.JPG,"37.9870308, -119.9175096",2025-05-25 14:32:18,1,0.9989973902702332,8.141,,,Juniper Titmouse,0.523,Juniper Titmouse (52.30%) | Swamp Sparrow (34.02%) | Eastern Towhee (6.83%) | Common Yellowthroat (Female/immature male) (2.68%) | American Redstart (Adult Male) (1.81%)
IMG_7047.JPG,"37.9870308, -119.9175096",2025-05-25 14:32:22,1,0.9931668639183044,8.39,,,Fox Sparrow (Thick-billed/Slate-colored),0.944,Fox Sparrow (Thick-billed/Slate-colored) (94.36%) | Hermit Thrush (5.54%) | Fox Sparrow (Sooty) (0.10%) | Eastern Towhee (0.00%) | Northern Pygmy-Owl (0.00%)
IMG_7048.JPG,"37.9870308, -119.9175096",2025-05-25 14:32:25,1,0.9956244826316833,8.302,,,Fox Sparrow (Thick-billed/Slate-colored),0.886,Fox Sparrow (Thick-billed/Slate-colored) (88.59%) | Hermit Thrush (7.23%) | Fox Sparrow (Sooty) (3.64%) | Eastern Towhee (0.42%) | California Towhee (0.06%)
IMG_7049.JPG,"37.9870308, -119.9175096",2025-05-25 14:32:27,1,0.933864951133728,7.452,,,Canyon Towhee,0.911,Canyon Towhee (91.05%) | Fox Sparrow (Thick-billed/Slate-colored) (2.86%) | Pyrrhuloxia (2.71%) | Townsend's Solitaire (2.19%) | Black-tailed Gnatcatcher (0.25%)
IMG_7050.JPG,"37.9870308, -119.9175096",2025-05-25 14:32:28,1,0.9975246787071228,7.806,,,California Towhee,0.512,California Towhee (51.16%) | Fox Sparrow (Thick-billed/Slate-colored) (44.99%) | Hermit Thrush (2.79%) | Pyrrhuloxia (0.41%) | Black-tailed Gnatcatcher (0.37%)
IMG_7051.JPG,"37.9870308, -119.9175096",2025-05-25 14:32:30,1,0.9570608735084534,7.562,,,Hermit Thrush,0.625,Hermit Thrush (62.48%) | California Towhee (21.09%) | Black-tailed Gnatcatcher (6.24%) | Canyon Towhee (5.24%) | Fox Sparrow (Thick-billed/Slate-colored) (2.32%)
IMG_7052.JPG,"37.9870308, -119.9175096",2025-05-25 14:40:12,1,0.9986538887023926,6.764,Western Wood-Pewee,Western Wood-Pewee,Western Wood-Pewee,1.0,Western Wood-Pewee (100.00%) | Eastern Wood-Pewee (0.00%) | Cordilleran Flycatcher (0.00%) | Least Flycatcher (0.00%) | Eastern Kingbird (0.00%)
IMG_7053.JPG,"37.9870308, -119.9175096",2025-05-25 14:40:14,1,0.9986500144004822,7.723,Western Wood-Pewee,Western Wood-Pewee,Western Wood-Pewee,1.0,Western Wood-Pewee (100.00%) | Northern Rough-winged Swallow (0.00%) | Say's Phoebe (0.00%) | Mountain Bluebird (0.00%) | Eastern Wood-Pewee (0.00%)
IMG_7054.JPG,"37.9870308, -119.9175096",2025-05-25 14:40:16,1,0.9984083771705627,6.573,Western Wood-Pewee,Western Wood-Pewee,Western Wood-Pewee,1.0,Western Wood-Pewee (99.99%) | Northern Rough-winged Swallow (0.00%) | Eastern Wood-Pewee (0.00%) | Mountain Bluebird (0.00%) | Eastern Kingbird (0.00%)
IMG_7056.JPG,"37.9870308, -119.9175096",2025-05-25 16:33:59,1,0.998536229133606,7.599,Acorn Woodpecker,Manual: Acorn Woodpecker,Acorn Woodpecker,0.999,Acorn Woodpecker (99.92%) | Red-headed Woodpecker (Adult) (0.08%) | Red-naped Sapsucker (0.00%) | Brown-headed Cowbird (Male) (0.00%) | Horned Grebe (Nonbreeding/juvenile) (0.00%)
IMG_7057.JPG,"37.9870308, -119.9175096",2025-05-25 16:33:59,1,0.9966742992401123,6.427,,Manual: Acorn Woodpecker,Acorn Woodpecker,0.919,Acorn Woodpecker (91.95%) | Red-headed Woodpecker (Adult) (7.57%) | Sharp-shinned Hawk (Adult ) (0.46%) | Violet-green Swallow (0.01%) | Red-naped Sapsucker (0.00%)
IMG_7058.JPG,"37.9870308, -119.9175096",2025-05-25 16:34:04,1,0.9988429546356201,6.527,,Manual: Acorn Woodpecker,Acorn Woodpecker,0.583,Acorn Woodpecker (58.29%) | Red-naped Sapsucker (41.20%) | Sharp-shinned Hawk (Adult ) (0.50%) | Violet-green Swallow (0.00%) | Red-headed Woodpecker (Adult) (0.00%)
IMG_7059.JPG,"37.9870308, -119.9175096",2025-05-25 16:34:08,1,0.9980940222740173,6.372,Acorn Woodpecker,Acorn Woodpecker,Acorn Woodpecker,1.0,Acorn Woodpecker (100.00%) | Ruddy Duck (Winter male) (0.00%) | Black-crowned Night-Heron (Adult) (0.00%) | Red-naped Sapsucker (0.00%) | Horned Grebe (Nonbreeding/juvenile) (0.00%)
IMG_7060.JPG,"37.9870308, -119.9175096",2025-05-25 16:40:20,1,0.9966275095939636,6.144,,Manual: Black-headed Grosbeak,Black-headed Grosbeak (Adult Male),0.914,"Black-headed Grosbeak (Adult Male) (91.38%) | Varied Thrush (4.84%) | American Redstart (Adult Male) (3.30%) | Blackburnian Warbler (0.24%) | Bay-breasted Warbler (Female, Nonbreeding male, Immature) (0.08%)"
IMG_7061.JPG,"37.9870308, -119.9175096",2025-05-25 16:45:03,1,0.9991374015808105,5.458,,Manual: Western Tanager,Western Tanager (Breeding Male),0.773,Western Tanager (Breeding Male) (77.31%) | Baltimore Oriole (Adult male) (19.37%) | Hooded Oriole (Adult male) (3.00%) | Western Tanager (Female/Nonbreeding Male) (0.21%) | Orchard Oriole (Female/Juvenile) (0.09%)
IMG_7062.JPG,"37.9870308, -119.9175096",2025-05-25 16:45:10,1,0.9990137815475464,5.393,Western Tanager,Western Tanager,Western Tanager (Breeding Male),1.0,Western Tanager (Breeding Male) (100.00%) | Western Tanager (Female/Nonbreeding Male) (0.00%) | Orchard Oriole (Female/Juvenile) (0.00%) | Hooded Oriole (Adult male) (0.00%) | Baltimore Oriole (Adult male) (0.00%)
IMG_7067.JPG,"37.9870308, -119.9175096",2025-05-25 16:56:51,1,0.9982306361198425,6.203,Acorn Woodpecker,Acorn Woodpecker,Acorn Woodpecker,0.999,Acorn Woodpecker (99.87%) | Red-naped Sapsucker (0.13%) | Red-headed Woodpecker (Adult) (0.00%) | American Redstart (Adult Male) (0.00%) | Horned Grebe (Nonbreeding/juvenile) (0.00%)
IMG_7068.JPG,"37.9870308, -119.9175096",2025-05-25 16:56:53,3,0.9156140685081482,5.903,,,,0,
IMG_7069.JPG,"37.9870308, -119.9175096",2025-05-25 17:39:07,1,0.9996877908706665,6.106,,Manual: Black-throated Gray Warbler,Black-and-white Warbler,0.955,Black-and-white Warbler (95.46%) | Black-throated Gray Warbler (4.54%) | Hoary Redpoll (0.00%) | Louisiana Waterthrush (0.00%) | Blackburnian Warbler (0.00%)
IMG_7070.JPG,"37.9870308, -119.9175096",2025-05-26 07:12:00,1,0.9990037083625793,4.556,,,Fox Sparrow (Thick-billed/Slate-colored),0.88,Fox Sparrow (Thick-billed/Slate-colored) (87.99%) | Hermit Thrush (5.80%) | Canyon Towhee (4.07%) | Ash-throated Flycatcher (1.08%) | Townsend's Solitaire (0.46%)
IMG_7071.JPG,"37.9870308, -119.9175096",2025-05-26 07:12:02,1,0.9982861876487732,4.617,,,Ash-throated Flycatcher,0.906,Ash-throated Flycatcher (90.64%) | Fox Sparrow (Thick-billed/Slate-colored) (4.90%) | Hermit Thrush (2.92%) | Townsend's Solitaire (1.25%) | Yellow-billed Cuckoo (0.21%)
IMG_7072.JPG,"37.9870308, -119.9175096",2025-05-26 07:12:04,1,0.9990782737731934,4.993,,,Canyon Towhee,0.373,Canyon Towhee (37.28%) | House Finch (Female/immature) (31.34%) | Townsend's Solitaire (11.07%) | Fox Sparrow (Thick-billed/Slate-colored) (8.19%) | Ash-throated Flycatcher (8.12%)
IMG_7073.JPG,"37.9870308, -119.9175096",2025-05-26 07:12:07,1,0.9991095662117004,4.997,,,Ash-throated Flycatcher,0.907,Ash-throated Flycatcher (90.72%) | Fox Sparrow (Thick-billed/Slate-colored) (6.82%) | Hermit Thrush (0.97%) | Townsend's Solitaire (0.91%) | Dark-eyed Junco (Pink-sided) (0.39%)
IMG_7074.JPG,"37.9870308, -119.9175096",2025-05-26 07:12:10,1,0.9990925788879395,5.021,,,Townsend's Solitaire,0.62,Townsend's Solitaire (61.96%) | Ash-throated Flycatcher (32.78%) | European Starling (Juvenile) (2.42%) | White-crowned Sparrow (Adult) (1.29%) | Sharp-shinned Hawk (Immature) (0.50%)
IMG_7075.JPG,"37.9870308, -119.9175096",2025-05-26 07:12:30,1,0.998778760433197,5.175,,,Townsend's Solitaire,0.938,Townsend's Solitaire (93.77%) | Ash-throated Flycatcher (5.12%) | Fox Sparrow (Thick-billed/Slate-colored) (0.94%) | Cordilleran Flycatcher (0.07%) | California Towhee (0.04%)
IMG_7076.JPG,"37.9870308, -119.9175096",2025-05-26 07:12:31,1,0.9989863038063049,5.23,Ash-throated Flycatcher,Ash-throated Flycatcher,Ash-throated Flycatcher,0.997,Ash-throated Flycatcher (99.66%) | Townsend's Solitaire (0.15%) | California Towhee (0.12%) | Fox Sparrow (Thick-billed/Slate-colored) (0.05%) | Cordilleran Flycatcher (0.01%)
IMG_7077.JPG,"37.9870308, -119.9175096",2025-05-26 07:12:34,1,0.9992594122886658,4.992,,,Hermit Thrush,0.475,Hermit Thrush (47.55%) | Ash-throated Flycatcher (22.33%) | Fox Sparrow (Thick-billed/Slate-colored) (14.97%) | California Towhee (7.84%) | House Finch (Female/immature) (2.31%)
IMG_7078.JPG,"37.9870308, -119.9175096",2025-05-26 07:12:36,1,0.9990697503089905,5.169,,,California Towhee,0.849,California Towhee (84.89%) | House Finch (Female/immature) (7.41%) | Fox Sparrow (Thick-billed/Slate-colored) (3.29%) | MacGillivray's Warbler (1.61%) | Ash-throated Flycatcher (1.00%)
IMG_7079.JPG,"37.9870308, -119.9175096",2025-05-26 07:12:39,1,0.9990882873535156,5.193,,,California Towhee,0.295,California Towhee (29.48%) | MacGillivray's Warbler (15.25%) | Nashville Warbler (12.80%) | Rufous-crowned Sparrow (12.31%) | Golden-crowned Sparrow (Immature) (8.59%)
IMG_7080.JPG,"37.9870308, -119.9175096",2025-05-26 07:12:45,1,0.9990955591201782,5.551,,,Hermit Thrush,0.989,Hermit Thrush (98.93%) | Fox Sparrow (Thick-billed/Slate-colored) (0.92%) | Ash-throated Flycatcher (0.09%) | California Towhee (0.04%) | Eastern Towhee (0.00%)
IMG_7081.JPG,"37.9870308, -119.9175096",2025-05-26 07:21:41,1,0.9976295232772827,6.605,,,Blue Grosbeak (Female/juvenile),0.794,Blue Grosbeak (Female/juvenile) (79.42%) | House Finch (Female/immature) (11.15%) | Cattle Egret (3.50%) | Rufous Hummingbird (Adult Male) (1.02%) | Dickcissel (0.91%)
IMG_7082.JPG,"37.9870308, -119.9175096",2025-05-26 07:21:43,1,0.9971893429756165,7.522,,,Cassin's Finch (Adult Male),0.341,Cassin's Finch (Adult Male) (34.10%) | Field Sparrow (22.65%) | Indigo Bunting (Female/juvenile) (17.61%) | Eastern Phoebe (14.15%) | Veery (3.27%)
IMG_7083.JPG,"37.9870308, -119.9175096",2025-05-26 07:21:45,1,0.9987840056419373,6.34,,,Cassin's Finch (Adult Male),0.516,Cassin's Finch (Adult Male) (51.57%) | Dickcissel (32.64%) | Purple Finch (Adult Male) (8.89%) | House Sparrow (Female/Juvenile) (4.68%) | Field Sparrow (1.02%)
IMG_7084.JPG,"37.9870308, -119.9175096",2025-05-26 07:21:47,1,0.9985551238059998,6.481,,,Cassin's Finch (Adult Male),0.983,Cassin's Finch (Adult Male) (98.35%) | Purple Finch (Adult Male) (1.24%) | House Sparrow (Female/Juvenile) (0.19%) | Pine Grosbeak (Adult Male) (0.17%) | Fox Sparrow (Red) (0.01%)
IMG_7085.JPG,"37.9870308, -119.9175096",2025-05-26 07:22:01,1,0.9984540939331055,6.07,Fox Sparrow (Thick-billed/Slate-colored),Fox Sparrow (Thick-billed/Slate-colored),Fox Sparrow (Thick-billed/Slate-colored),0.996,Fox Sparrow (Thick-billed/Slate-colored) (99.59%) | Hermit Thrush (0.41%) | Broad-winged Hawk (Immature) (0.00%) | Northern Flicker (Yellow-shafted) (0.00%) | Harris's Sparrow (Immature) (0.00%)
IMG_7086.JPG,"37.9870308, -119.9175096",2025-05-26 07:22:03,1,0.9988464117050171,6.323,Fox Sparrow (Thick-billed/Slate-colored),Fox Sparrow (Thick-billed/Slate-colored),Fox Sparrow (Thick-billed/Slate-colored),0.991,Fox Sparrow (Thick-billed/Slate-colored) (99.10%) | Hermit Thrush (0.86%) | Lincoln's Sparrow (0.03%) | Fox Sparrow (Sooty) (0.01%) | Lark Bunting (Female/Nonbreeding male) (0.00%)
IMG_7087.JPG,"37.9870308, -119.9175096",2025-05-26 07:22:04,1,0.9967712759971619,6.634,,,Hermit Thrush,0.764,Hermit Thrush (76.44%) | Fox Sparrow (Thick-billed/Slate-colored) (23.56%) | Nuttall's Woodpecker (0.00%) | Canyon Towhee (0.00%) | MacGillivray's Warbler (0.00%)
IMG_7088.JPG,"37.9870308, -119.9175096",2025-05-26 07:22:05,1,0.9986987113952637,6.752,Fox Sparrow (Thick-billed/Slate-colored),Fox Sparrow (Thick-billed/Slate-colored),Fox Sparrow (Thick-billed/Slate-colored),1.0,Fox Sparrow (Thick-billed/Slate-colored) (100.00%) | White-throated Sparrow (Tan-striped/immature) (0.00%) | Hermit Thrush (0.00%) | Spotted Sandpiper (Breeding) (0.00%) | California Towhee (0.00%)
IMG_7089.JPG,"37.9870308, -119.9175096",2025-05-26 07:22:28,2,0.9572985172271729,5.621,,,,0,
IMG_7090.JPG,"37.9870308, -119.9175096",2025-05-26 07:22:50,1,0.9987409710884094,7.304,Cassin's Finch (Adult Male),Cassin's Finch (Adult Male),Cassin's Finch (Adult Male),1.0,Cassin's Finch (Adult Male) (100.00%) | Bullock's Oriole (Female/Immature male) (0.00%) | Blue Grosbeak (Female/juvenile) (0.00%) | Summer Tanager (Immature Male) (0.00%) | Purple Finch (Adult Male) (0.00%)
IMG_7091.JPG,"37.9870308, -119.9175096",2025-05-26 07:22:53,1,0.9988355040550232,7.23,,,Blue Grosbeak (Female/juvenile),0.904,Blue Grosbeak (Female/juvenile) (90.42%) | Cassin's Finch (Adult Male) (9.18%) | Bullock's Oriole (Female/Immature male) (0.39%) | Rose-breasted Grosbeak (Adult Male) (0.00%) | Summer Tanager (Immature Male) (0.00%)
IMG_7092.JPG,"37.9870308, -119.9175096",2025-05-26 07:22:54,1,0.9984695315361023,5.656,Cassin's Finch (Adult Male),Cassin's Finch (Adult Male),Cassin's Finch (Adult Male),0.995,Cassin's Finch (Adult Male) (99.52%) | Summer Tanager (Immature Male) (0.48%) | Bullock's Oriole (Female/Immature male) (0.01%) | Blue Grosbeak (Female/juvenile) (0.00%) | Fox Sparrow (Red) (0.00%)
IMG_7093.JPG,"37.9870308, -119.9175096",2025-05-26 07:22:57,1,0.9991433620452881,6.817,Cassin's Finch (Adult Male),Cassin's Finch (Adult Male),Cassin's Finch (Adult Male),1.0,Cassin's Finch (Adult Male) (100.00%) | Summer Tanager (Immature Male) (0.00%) | Blue Grosbeak (Female/juvenile) (0.00%) | Bullock's Oriole (Female/Immature male) (0.00%) | House Finch (Adult Male) (0.00%)
IMG_7094.JPG,"37.9870308, -119.9175096",2025-05-26 07:23:02,1,0.9990723133087158,10.022,,,Cassin's Finch (Adult Male),0.767,Cassin's Finch (Adult Male) (76.67%) | House Finch (Adult Male) (12.51%) | Summer Tanager (Immature Male) (6.86%) | Purple Finch (Adult Male) (3.88%) | Blue Grosbeak (Female/juvenile) (0.05%)
IMG_7095.JPG,"37.9870308, -119.9175096",2025-05-26 07:23:05,1,0.9967490434646606,8.703,Cassin's Finch (Adult Male),Cassin's Finch (Adult Male),Cassin's Finch (Adult Male),0.998,Cassin's Finch (Adult Male) (99.80%) | Summer Tanager (Immature Male) (0.16%) | Bullock's Oriole (Female/Immature male) (0.04%) | Blue Grosbeak (Female/juvenile) (0.00%) | House Finch (Adult Male) (0.00%)
IMG_7096.JPG,"37.9870308, -119.9175096",2025-05-26 07:23:12,1,0.9988055229187012,8.587,Cassin's Finch (Adult Male),Cassin's Finch (Adult Male),Cassin's Finch (Adult Male),0.998,Cassin's Finch (Adult Male) (99.75%) | House Finch (Adult Male) (0.18%) | Blue Grosbeak (Female/juvenile) (0.05%) | Bullock's Oriole (Female/Immature male) (0.01%) | Purple Finch (Adult Male) (0.00%)
IMG_7097.JPG,"37.9870308, -119.9175096",2025-05-26 07:23:16,1,0.9991492033004761,9.246,,,Cassin's Finch (Adult Male),0.982,Cassin's Finch (Adult Male) (98.23%) | Blue Grosbeak (Female/juvenile) (0.89%) | Purple Finch (Adult Male) (0.86%) | Summer Tanager (Immature Male) (0.01%) | Cattle Egret (0.00%)
IMG_7098.JPG,"37.9870308, -119.9175096",2025-05-26 07:24:56,4,0.9862068295478821,5.876,,,,0,
IMG_7099.JPG,"37.9870308, -119.9175096",2025-05-26 07:25:01,1,0.9990143775939941,4.926,Fox Sparrow (Thick-billed/Slate-colored),Fox Sparrow (Thick-billed/Slate-colored),Fox Sparrow (Thick-billed/Slate-colored),1.0,Fox Sparrow (Thick-billed/Slate-colored) (100.00%) | White-throated Sparrow (Tan-striped/immature) (0.00%) | Fox Sparrow (Sooty) (0.00%) | Lark Bunting (Female/Nonbreeding male) (0.00%) | Broad-winged Hawk (Adult) (0.00%)
IMG_7100.JPG,"37.9870308, -119.9175096",2025-05-26 07:25:03,2,0.7025250792503357,5.342,,,,0,
IMG_7101.JPG,"37.9870308, -119.9175096",2025-05-26 07:27:30,1,0.9993605017662048,6.733,Fox Sparrow (Thick-billed/Slate-colored),Fox Sparrow (Thick-billed/Slate-colored),Fox Sparrow (Thick-billed/Slate-colored),1.0,Fox Sparrow (Thick-billed/Slate-colored) (99.97%) | Lark Bunting (Female/Nonbreeding male) (0.02%) | Fox Sparrow (Sooty) (0.01%) | Lincoln's Sparrow (0.00%) | Calliope Hummingbird (Adult Male) (0.00%)
IMG_7102.JPG,"37.9870308, -119.9175096",2025-05-26 07:27:32,1,0.9990895986557007,7.083,Fox Sparrow (Thick-billed/Slate-colored),Fox Sparrow (Thick-billed/Slate-colored),Fox Sparrow (Thick-billed/Slate-colored),0.997,Fox Sparrow (Thick-billed/Slate-colored) (99.75%) | Hermit Thrush (0.06%) | Fox Sparrow (Sooty) (0.05%) | Calliope Hummingbird (Adult Male) (0.04%) | White-throated Sparrow (Tan-striped/immature) (0.04%)
IMG_7103.JPG,"37.9870308, -119.9175096",2025-05-26 07:27:34,1,0.9992628693580627,7.044,Fox Sparrow (Thick-billed/Slate-colored),Fox Sparrow (Thick-billed/Slate-colored),Fox Sparrow (Thick-billed/Slate-colored),1.0,Fox Sparrow (Thick-billed/Slate-colored) (99.96%) | Lark Bunting (Female/Nonbreeding male) (0.04%) | Fox Sparrow (Sooty) (0.00%) | White-throated Sparrow (Tan-striped/immature) (0.00%) | Mourning Warbler (0.00%)
IMG_7104.JPG,"37.9870308, -119.9175096",2025-05-26 07:30:29,1,0.9983494281768799,7.429,,,Western Wood-Pewee,0.82,"Western Wood-Pewee (81.96%) | Eastern Wood-Pewee (17.97%) | Black-chinned Hummingbird (Female, immature) (0.02%) | Eastern Phoebe (0.02%) | Say's Phoebe (0.02%)"
IMG_7105.JPG,"37.9870308, -119.9175096",2025-05-26 07:30:31,3,0.8208137154579163,7.722,,,,0,
IMG_7106.JPG,"37.9870308, -119.9175096",2025-05-26 07:30:34,2,0.7189794778823853,7.692,,,,0,
IMG_7107.JPG,"37.9870308, -119.9175096",2025-05-26 11:24:55,1,0.9993035793304443,6.528,House Sparrow,House Sparrow,House Sparrow (Male),1.0,House Sparrow (Male) (100.00%) | House Sparrow (Female/Juvenile) (0.00%) | Chestnut-backed Chickadee (0.00%) | Blue Grosbeak (Female/juvenile) (0.00%) | Harris's Sparrow (Adult) (0.00%)
IMG_7114.JPG,"37.8319846, -122.5249494",2025-06-19 09:06:33,1,0.9844880700111389,5.163,,,Mallard (Female/Eclipse male),0.822,Mallard (Female/Eclipse male) (82.19%) | Mottled Duck (15.58%) | American Black Duck (0.91%) | Northern Shoveler (Female/Eclipse male) (0.77%) | Cinnamon Teal (Female/juvenile) (0.54%)
IMG_7115.JPG,"37.8319846, -122.5249494",2025-06-19 09:09:30,2,0.9936979413032532,5.81,,,,0,
IMG_7116.JPG,"37.8319846, -122.5249494",2025-06-19 09:15:08,1,0.9995947480201721,7.551,Double-crested Cormorant (Immature),Double-crested Cormorant (Immature),Double-crested Cormorant (Immature),0.999,Double-crested Cormorant (Immature) (99.88%) | Great Cormorant (Immature) (0.12%) | Great Cormorant (Adult) (0.00%) | Neotropic Cormorant (0.00%) | Double-crested Cormorant (Adult) (0.00%)
IMG_7117.JPG,"37.8319846, -122.5249494",2025-06-19 09:15:10,1,0.9994161128997803,7.775,Double-crested Cormorant (Immature),Double-crested Cormorant (Immature),Double-crested Cormorant (Immature),0.998,Double-crested Cormorant (Immature) (99.77%) | Great Cormorant (Adult) (0.17%) | Great Cormorant (Immature) (0.03%) | Neotropic Cormorant (0.01%) | Double-crested Cormorant (Adult) (0.01%)
IMG_7118.JPG,No GPS Data,2025-06-19 09:21:08,0,0,0.0,,,,0,
IMG_7119.JPG,No GPS Data,2025-06-19 09:21:12,0,0,0.0,,,,0,
IMG_7120.JPG,"37.8319846, -122.5249494",2025-06-19 09:44:47,1,0.9749802350997925,5.78,,,Wrentit,0.843,Wrentit (84.29%) | Black-tailed Gnatcatcher (15.70%) | Swamp Sparrow (0.00%) | Bewick's Wren (0.00%) | Juniper Titmouse (0.00%)
IMG_7121.JPG,"37.8319846, -122.5249494",2025-06-19 09:44:50,1,0.999150276184082,5.68,Wrentit,Wrentit,Wrentit,0.993,Wrentit (99.25%) | Black-tailed Gnatcatcher (0.75%) | Swamp Sparrow (0.00%) | Juniper Titmouse (0.00%) | Eastern Towhee (0.00%)
IMG_7122.JPG,No GPS Data,2025-06-19 09:44:52,0,0,0.0,,,,0,
IMG_7123.JPG,"37.8319846, -122.5249494",2025-06-19 09:44:55,1,0.9993601441383362,6.078,Wrentit,Wrentit,Wrentit,1.0,Wrentit (100.00%) | Black-tailed Gnatcatcher (0.00%) | Bushtit (0.00%) | Swamp Sparrow (0.00%) | Ruby-crowned Kinglet (0.00%)
IMG_7124.JPG,"37.8319846, -122.5249494",2025-06-19 09:44:57,1,0.9972584247589111,5.565,Wrentit,Wrentit,Wrentit,0.998,Wrentit (99.84%) | Black-tailed Gnatcatcher (0.11%) | Bushtit (0.05%) | Swamp Sparrow (0.00%) | Eastern Phoebe (0.00%)
IMG_7125.JPG,No GPS Data,2025-06-19 09:44:58,0,0,0.0,,,,0,
IMG_7127.JPG,"37.8319846, -122.5249494",2025-06-19 10:03:43,1,0.997078537940979,7.087,,,European Starling (Breeding Adult),0.911,European Starling (Breeding Adult) (91.09%) | Purple Martin (Adult male) (5.54%) | Brown-headed Cowbird (Male) (2.94%) | Fish Crow (0.34%) | Bronzed Cowbird (0.07%)
IMG_7128.JPG,"37.8319846, -122.5249494",2025-06-19 10:03:48,1,0.9969820380210876,6.659,European Starling (Breeding Adult),European Starling (Breeding Adult),European Starling (Breeding Adult),0.998,European Starling (Breeding Adult) (99.77%) | Purple Martin (Adult male) (0.22%) | Fish Crow (0.01%) | Brewer's Blackbird (Male) (0.00%) | American Goldfinch (Breeding Male) (0.00%)
IMG_7129.JPG,"37.8319846, -122.5249494",2025-06-19 10:03:51,1,0.9987824559211731,4.884,European Starling (Breeding Adult),European Starling (Breeding Adult),European Starling (Breeding Adult),1.0,European Starling (Breeding Adult) (99.99%) | Brewer's Blackbird (Male) (0.01%) | Purple Martin (Adult male) (0.00%) | Fish Crow (0.00%) | Brown-headed Cowbird (Male) (0.00%)
IMG_7130.JPG,"37.8319846, -122.5249494",2025-06-19 10:03:57,1,0.9973028898239136,6.47,European Starling (Breeding Adult),European Starling (Breeding Adult),European Starling (Breeding Adult),1.0,European Starling (Breeding Adult) (100.00%) | Fish Crow (0.00%) | Brewer's Blackbird (Male) (0.00%) | Lesser Scaup (Breeding male) (0.00%) | Purple Martin (Adult male) (0.00%)
IMG_7131.JPG,"37.8319846, -122.5249494",2025-06-19 10:03:58,1,0.7674791216850281,8.283,European Starling (Breeding Adult),European Starling (Breeding Adult),European Starling (Breeding Adult),0.999,European Starling (Breeding Adult) (99.94%) | Brewer's Blackbird (Male) (0.06%) | Purple Martin (Adult male) (0.00%) | Fish Crow (0.00%) | American Goldfinch (Breeding Male) (0.00%)
IMG_7132.JPG,"37.8319846, -122.5249494",2025-06-19 10:03:59,1,0.9983708262443542,6.754,,,European Starling (Breeding Adult),0.975,European Starling (Breeding Adult) (97.48%) | Brewer's Blackbird (Male) (1.48%) | Purple Martin (Adult male) (1.03%) | Fish Crow (0.00%) | Brown-headed Cowbird (Male) (0.00%)
IMG_7133.JPG,"37.8319846, -122.5249494",2025-06-19 10:04:01,1,0.9985736608505249,6.833,European Starling (Breeding Adult),European Starling (Breeding Adult),European Starling (Breeding Adult),1.0,European Starling (Breeding Adult) (99.98%) | Purple Martin (Adult male) (0.01%) | Brown-headed Cowbird (Male) (0.01%) | Bronzed Cowbird (0.00%) | Rough-legged Hawk (Dark morph) (0.00%)
IMG_7134.JPG,"37.8319846, -122.5249494",2025-06-19 10:04:02,1,0.9986097812652588,6.425,European Starling (Breeding Adult),European Starling (Breeding Adult),European Starling (Breeding Adult),0.996,European Starling (Breeding Adult) (99.59%) | Purple Martin (Adult male) (0.24%) | Brewer's Blackbird (Male) (0.16%) | Fish Crow (0.01%) | Brown-headed Cowbird (Male) (0.00%)
IMG_7135.JPG,"37.8319846, -122.5249494",2025-06-19 10:25:57,2,0.9958717226982117,7.849,,,,0,
IMG_7136.JPG,"37.8319846, -122.5249494",2025-06-19 10:26:06,1,0.996966540813446,7.431,,,Red-tailed Hawk (Light morph immature),0.783,"Red-tailed Hawk (Light morph immature) (78.30%) | Cliff Swallow (8.83%) | Golden Eagle (Adult) (5.17%) | Allen's Hummingbird (Female, immature) (2.43%) | Rough-legged Hawk (Light morph) (1.09%)"
IMG_7137.JPG,No GPS Data,2025-06-19 10:26:08,0,0,0.0,,,,0,
IMG_7138.JPG,"37.8319846, -122.5249494",2025-06-19 10:26:11,1,0.9990577101707458,6.661,,,Western Meadowlark,0.522,Western Meadowlark (52.19%) | Rough-legged Hawk (Dark morph) (36.32%) | Sharp-shinned Hawk (Immature) (3.34%) | Belted Kingfisher (3.17%) | Red-headed Woodpecker (Immature) (2.00%)
IMG_7139.JPG,"37.8319846, -122.5249494",2025-06-19 10:26:13,1,0.9991759657859802,6.695,"Northern Harrier (Female, immature)","Northern Harrier (Female, immature)","Northern Harrier (Female, immature)",1.0,"Northern Harrier (Female, immature) (99.97%) | Great Black-backed Gull (Adult) (0.02%) | Allen's Hummingbird (Female, immature) (0.00%) | Common Raven (0.00%) | American Kestrel (Female, immature) (0.00%)"
IMG_7140.JPG,"37.8319846, -122.5249494",2025-06-19 10:26:17,1,0.9987949132919312,8.974,,,"Northern Harrier (Female, immature)",0.955,"Northern Harrier (Female, immature) (95.45%) | Cliff Swallow (1.43%) | Great Cormorant (Adult) (1.36%) | House Sparrow (Female/Juvenile) (0.53%) | Allen's Hummingbird (Female, immature) (0.31%)"
IMG_7141.JPG,"37.8319846, -122.5249494",2025-06-19 10:28:35,1,0.999552309513092,7.825,,,Rough-legged Hawk (Dark morph),0.848,"Rough-legged Hawk (Dark morph) (84.79%) | Northern Harrier (Female, immature) (14.27%) | Sharp-shinned Hawk (Adult ) (0.32%) | Golden Eagle (Adult) (0.28%) | Red-tailed Hawk (Dark morph) (0.17%)"
IMG_7142.JPG,"37.8319846, -122.5249494",2025-06-19 10:28:40,1,0.9992677569389343,7.576,,,Rough-legged Hawk (Dark morph),0.908,Rough-legged Hawk (Dark morph) (90.81%) | Red-tailed Hawk (Light morph immature) (8.87%) | Swainson's Hawk (Dark morph ) (0.13%) | Swainson's Hawk (Immature) (0.06%) | Red-tailed Hawk (Dark morph) (0.03%)
IMG_7143.JPG,"37.8319846, -122.5249494",2025-06-19 10:29:34,1,0.9991858601570129,7.446,Western Bluebird,Western Bluebird,Western Bluebird,1.0,"Western Bluebird (99.97%) | Western Gull (Adult) (0.03%) | Broad-tailed Hummingbird (Female, immature) (0.00%) | Eastern Bluebird (0.00%) | Red-headed Woodpecker (Adult) (0.00%)"
IMG_7145.JPG,"37.8319846, -122.5249494",2025-06-19 10:29:38,1,0.9993521571159363,6.486,Western Bluebird,Western Bluebird,Western Bluebird,0.997,"Western Bluebird (99.73%) | Yellow-rumped Warbler (Breeding Audubon's) (0.17%) | Broad-tailed Hummingbird (Female, immature) (0.06%) | Western Gull (Adult) (0.04%) | Red-headed Woodpecker (Adult) (0.00%)"
IMG_7146.JPG,"37.8319846, -122.5249494",2025-06-19 10:29:38,1,0.9992722868919373,6.686,Western Bluebird,Western Bluebird,Western Bluebird,1.0,"Western Bluebird (100.00%) | Western Gull (Adult) (0.00%) | Broad-tailed Hummingbird (Female, immature) (0.00%) | Eastern Bluebird (0.00%) | American Redstart (Adult Male) (0.00%)"
IMG_7147.JPG,"37.8319846, -122.5249494",2025-06-19 10:29:39,1,0.9986349940299988,6.941,Western Bluebird,Western Bluebird,Western Bluebird,1.0,"Western Bluebird (99.99%) | Broad-tailed Hummingbird (Female, immature) (0.01%) | Western Gull (Adult) (0.00%) | American Redstart (Adult Male) (0.00%) | Red-headed Woodpecker (Adult) (0.00%)"
IMG_7148.JPG,"37.8319846, -122.5249494",2025-06-19 10:29:52,1,0.9880492091178894,5.54,,,Red-tailed Hawk (Light morph immature),0.417,"Red-tailed Hawk (Light morph immature) (41.68%) | Cooper's Hawk (Immature) (15.67%) | Cooper's Hawk (Adult) (11.62%) | Broad-winged Hawk (Immature) (8.89%) | Northern Harrier (Female, immature) (6.85%)"
IMG_7149.JPG,"37.8319846, -122.5249494",2025-06-19 10:29:55,1,0.998721182346344,5.6,,,Red-tailed Hawk (Light morph immature),0.683,"Red-tailed Hawk (Light morph immature) (68.33%) | Broad-winged Hawk (Immature) (31.04%) | Northern Harrier (Female, immature) (0.44%) | American Robin (Juvenile) (0.05%) | Cooper's Hawk (Immature) (0.03%)"
IMG_7150.JPG,"37.8319846, -122.5249494",2025-06-19 10:29:57,1,0.9958621263504028,5.288,Red-tailed Hawk (Light morph immature),Red-tailed Hawk (Light morph immature),Red-tailed Hawk (Light morph immature),0.997,Red-tailed Hawk (Light morph immature) (99.69%) | Broad-winged Hawk (Immature) (0.29%) | California Gull (Immature) (0.00%) | Red-shouldered Hawk (Immature) (0.00%) | Swainson's Hawk (Immature) (0.00%)
IMG_7151.JPG,"37.8319846, -122.5249494",2025-06-19 10:29:59,1,0.9974308609962463,5.245,,,Red-tailed Hawk (Light morph immature),0.977,"Red-tailed Hawk (Light morph immature) (97.65%) | Broad-winged Hawk (Immature) (1.44%) | Eastern Bluebird (0.34%) | Black-chinned Hummingbird (Female, immature) (0.23%) | Yellow-bellied Sapsucker (0.14%)"
IMG_7152.JPG,"37.8319846, -122.5249494",2025-06-19 10:30:00,1,0.998579740524292,5.793,,,Red-tailed Hawk (Light morph immature),0.981,Red-tailed Hawk (Light morph immature) (98.05%) | Broad-winged Hawk (Immature) (1.93%) | Swainson's Hawk (Immature) (0.01%) | Red-shouldered Hawk (Immature) (0.00%) | Swainson's Hawk (Light morph ) (0.00%)
IMG_7153.JPG,"37.8319846, -122.5249494",2025-06-19 10:30:02,1,0.9980271458625793,5.53,Red-tailed Hawk (Light morph immature),Red-tailed Hawk (Light morph immature),Red-tailed Hawk (Light morph immature),0.996,Red-tailed Hawk (Light morph immature) (99.56%) | Broad-winged Hawk (Immature) (0.44%) | Swainson's Hawk (Immature) (0.00%) | Red-shouldered Hawk (Immature) (0.00%) | Red-tailed Hawk (Light morph adult) (0.00%)
IMG_7154.JPG,"37.8319846, -122.5249494",2025-06-19 10:30:04,1,0.9969971179962158,5.07,Red-tailed Hawk (Light morph immature),Red-tailed Hawk (Light morph immature),Red-tailed Hawk (Light morph immature),0.999,Red-tailed Hawk (Light morph immature) (99.88%) | Broad-winged Hawk (Immature) (0.12%) | Red-shouldered Hawk (Immature) (0.00%) | Cooper's Hawk (Immature) (0.00%) | Cooper's Hawk (Adult) (0.00%)
IMG_7155.JPG,"37.8319846, -122.5249494",2025-06-19 10:30:06,1,0.9970496892929077,5.358,Red-tailed Hawk (Light morph immature),Red-tailed Hawk (Light morph immature),Red-tailed Hawk (Light morph immature),1.0,"Red-tailed Hawk (Light morph immature) (99.96%) | Broad-winged Hawk (Immature) (0.02%) | Black-chinned Hummingbird (Female, immature) (0.02%) | Sharp-shinned Hawk (Immature) (0.00%) | California Gull (Immature) (0.00%)"
IMG_7156.JPG,"37.8319846, -122.5249494",2025-06-19 10:30:20,1,0.9961362481117249,7.53,,,Northern Flicker (Yellow-shafted),0.726,Northern Flicker (Yellow-shafted) (72.57%) | Ladder-backed Woodpecker (14.04%) | Northern Flicker (Red-shafted) (10.48%) | Hooded Merganser (Female/immature male) (1.15%) | Gila Woodpecker (0.52%)
IMG_7157.JPG,No GPS Data,2025-06-19 10:30:21,0,0,0.0,,,,0,
IMG_7158.JPG,"37.8319846, -122.5249494",2025-06-19 10:30:23,1,0.9965824484825134,9.398,,,Northern Flicker (Yellow-shafted),0.948,"Northern Flicker (Yellow-shafted) (94.83%) | Black-chinned Hummingbird (Female, immature) (2.36%) | Red-headed Woodpecker (Immature) (0.70%) | Spotted Sandpiper (Nonbreeding/juvenile) (0.70%) | Black Scoter (Female/juvenile) (0.70%)"
IMG_7159.JPG,"37.8319846, -122.5249494",2025-06-19 10:30:26,1,0.9785233736038208,9.147,,,Northern Flicker (Yellow-shafted),0.665,"Northern Flicker (Yellow-shafted) (66.48%) | Ladder-backed Woodpecker (31.13%) | Double-crested Cormorant (Immature) (0.73%) | Black-chinned Hummingbird (Female, immature) (0.41%) | Solitary Sandpiper (0.35%)"
IMG_7164.JPG,"37.8319846, -122.5249494",2025-06-19 10:30:56,1,0.9992609620094299,7.812,,,Mountain Bluebird,0.643,Mountain Bluebird (64.31%) | Western Bluebird (28.72%) | Brewer's Blackbird (Female/Juvenile) (2.26%) | Mourning Dove (2.08%) | Rufous Hummingbird (Adult Male) (1.18%)
IMG_7165.JPG,"37.8319846, -122.5249494",2025-06-19 10:34:51,1,0.9992094039916992,6.235,,,Brown-headed Cowbird (Female/Juvenile),0.963,Brown-headed Cowbird (Female/Juvenile) (96.30%) | Red-tailed Hawk (Dark morph) (2.82%) | Western Wood-Pewee (0.54%) | Black Rosy-Finch (0.28%) | Brewer's Blackbird (Female/Juvenile) (0.01%)
IMG_7166.JPG,"37.8319846, -122.5249494",2025-06-19 10:34:52,1,0.9987484216690063,6.176,,,Brown-headed Cowbird (Female/Juvenile),0.984,Brown-headed Cowbird (Female/Juvenile) (98.39%) | Black-chinned Hummingbird (Adult Male) (0.54%) | Mountain Bluebird (0.37%) | Western Bluebird (0.26%) | Western Wood-Pewee (0.15%)
IMG_7167.JPG,"37.8319846, -122.5249494",2025-06-19 10:34:54,1,0.9985277652740479,6.292,Western Bluebird,Western Bluebird,Western Bluebird,0.999,Western Bluebird (99.94%) | Western Wood-Pewee (0.03%) | Brown-headed Cowbird (Female/Juvenile) (0.01%) | Mountain Bluebird (0.01%) | Brewer's Blackbird (Female/Juvenile) (0.00%)
IMG_7168.JPG,"37.8319846, -122.5249494",2025-06-19 10:34:57,1,0.999237060546875,5.865,,,Wilson's Warbler,0.775,"Wilson's Warbler (77.45%) | Tennessee Warbler (22.51%) | Prairie Warbler (0.03%) | Costa's Hummingbird (Female, immature) (0.00%) | Orange-crowned Warbler (0.00%)"
IMG_7169.JPG,"37.8319846, -122.5249494",2025-06-19 10:35:01,1,0.9991546869277954,7.189,,,Tennessee Warbler,0.884,Tennessee Warbler (88.41%) | Summer Tanager (Female) (10.68%) | Prairie Warbler (0.72%) | Wilson's Warbler (0.11%) | Orange-crowned Warbler (0.04%)
IMG_7170.JPG,"37.8319846, -122.5249494",2025-06-19 10:35:03,1,0.9990099668502808,6.924,Orange-crowned Warbler,Orange-crowned Warbler,Tennessee Warbler,1.0,Tennessee Warbler (100.00%) | Wilson's Warbler (0.00%) | Prairie Warbler (0.00%) | Lesser Goldfinch (Adult Male) (0.00%) | Red Crossbill (Female/juvenile) (0.00%)
IMG_7171.JPG,"37.8319846, -122.5249494",2025-06-19 10:35:04,1,0.999121367931366,6.779,,,Tennessee Warbler,0.989,Tennessee Warbler (98.87%) | Orange-crowned Warbler (0.45%) | Wilson's Warbler (0.31%) | Painted Bunting (Female/juvenile) (0.12%) | Scarlet Tanager (Female/Nonbreeding Male) (0.08%)
IMG_7172.JPG,"37.8319846, -122.5249494",2025-06-19 10:35:06,1,0.9988241791725159,7.38,Orange-crowned Warbler,Orange-crowned Warbler,Tennessee Warbler,0.998,Tennessee Warbler (99.84%) | Prairie Warbler (0.09%) | Wilson's Warbler (0.06%) | Summer Tanager (Female) (0.01%) | Orchard Oriole (Female/Juvenile) (0.00%)
IMG_7173.JPG,"37.8319846, -122.5249494",2025-06-19 10:35:09,1,0.9993354678153992,6.983,Orange-crowned Warbler,Orange-crowned Warbler,Tennessee Warbler,0.992,Tennessee Warbler (99.20%) | Summer Tanager (Female) (0.46%) | Wilson's Warbler (0.33%) | Nashville Warbler (0.01%) | Orange-crowned Warbler (0.00%)
IMG_7174.JPG,"37.8319846, -122.5249494",2025-06-19 10:35:21,1,0.999466598033905,5.841,,,Western Bluebird,0.912,Western Bluebird (91.16%) | Townsend's Solitaire (2.41%) | Western Wood-Pewee (1.73%) | European Starling (Juvenile) (1.71%) | Mountain Bluebird (0.92%)
IMG_7175.JPG,"37.8319846, -122.5249494",2025-06-19 10:35:24,1,0.9992194175720215,5.758,,,Western Bluebird,0.572,Western Bluebird (57.21%) | Brewer's Blackbird (Female/Juvenile) (24.93%) | Clark's Nutcracker (8.26%) | Mountain Bluebird (4.51%) | Northern Shrike (2.30%)
IMG_7176.JPG,"37.8319846, -122.5249494",2025-06-19 10:35:26,1,0.9991211295127869,5.67,,,Mountain Bluebird,0.971,Mountain Bluebird (97.12%) | Clark's Nutcracker (0.90%) | Brewer's Blackbird (Female/Juvenile) (0.84%) | Townsend's Solitaire (0.53%) | Brown-headed Cowbird (Female/Juvenile) (0.17%)
IMG_7177.JPG,"37.8319846, -122.5249494",2025-06-19 10:36:21,1,0.9990517497062683,5.51,Western Bluebird,Western Bluebird,Western Bluebird,1.0,Western Bluebird (100.00%) | Red-headed Woodpecker (Adult) (0.00%) | American Redstart (Adult Male) (0.00%) | Red-shouldered Hawk (Adult ) (0.00%) | Mountain Bluebird (0.00%)
IMG_7178.JPG,"37.8319846, -122.5249494",2025-06-19 10:36:25,1,0.9968256950378418,5.35,Western Bluebird,Western Bluebird,Western Bluebird,1.0,Western Bluebird (100.00%) | Red-headed Woodpecker (Adult) (0.00%) | American Redstart (Adult Male) (0.00%) | Red-shouldered Hawk (Adult ) (0.00%) | Mountain Bluebird (0.00%)
IMG_7179.JPG,"37.8319846, -122.5249494",2025-06-19 10:36:29,1,0.9987887740135193,6.802,Western Bluebird,Western Bluebird,Western Bluebird,1.0,Western Bluebird (99.99%) | Red-shouldered Hawk (Adult ) (0.00%) | Mountain Bluebird (0.00%) | Eastern Bluebird (0.00%) | American Redstart (Adult Male) (0.00%)
IMG_7180.JPG,"37.8319846, -122.5249494",2025-06-19 11:02:39,1,0.9968919157981873,7.971,,,Western Bluebird,0.59,Western Bluebird (59.05%) | Eastern Phoebe (20.12%) | Chihuahuan Raven (17.43%) | Eastern Meadowlark (1.96%) | Pygmy Nuthatch (0.55%)
IMG_7181.JPG,"37.8319846, -122.5249494",2025-06-19 11:02:41,1,0.9973829388618469,6.556,Eastern Phoebe,Eastern Phoebe,Eastern Phoebe,1.0,Eastern Phoebe (99.98%) | American Tree Sparrow (0.01%) | Western Bluebird (0.00%) | Eastern Meadowlark (0.00%) | Western Sandpiper (0.00%)
IMG_7182.JPG,"37.8319846, -122.5249494",2025-06-19 11:07:44,2,0.9823702573776245,7.293,,,,0,
IMG_7183.JPG,"37.8319846, -122.5249494",2025-06-19 11:07:47,1,0.9993448853492737,5.743,,,Western Scrub-Jay,0.979,Western Scrub-Jay (97.91%) | Black-crested Titmouse (0.64%) | Steller's Jay (0.57%) | Boat-tailed Grackle (0.39%) | Rufous Hummingbird (Adult Male) (0.17%)
IMG_7184.JPG,"37.8319846, -122.5249494",2025-06-19 11:07:49,1,0.9993785619735718,5.999,,,Western Scrub-Jay,0.479,Western Scrub-Jay (47.93%) | Blue Jay (30.41%) | Red-shouldered Hawk (Adult ) (10.45%) | Clark's Nutcracker (7.68%) | Rufous Hummingbird (Adult Male) (0.78%)
IMG_7185.JPG,"37.8319846, -122.5249494",2025-06-19 11:45:37,1,0.9994204044342041,6.476,Double-crested Cormorant (Immature),Double-crested Cormorant (Immature),Double-crested Cormorant (Immature),1.0,Double-crested Cormorant (Immature) (100.00%) | Great Cormorant (Adult) (0.00%) | Western Kingbird (0.00%) | Great Cormorant (Immature) (0.00%) | Northern Gannet (Immature/Juvenile) (0.00%)
IMG_7186.JPG,"37.8319846, -122.5249494",2025-06-19 11:45:40,1,0.9996234178543091,6.053,Double-crested Cormorant (Immature),Double-crested Cormorant (Immature),Double-crested Cormorant (Immature),1.0,Double-crested Cormorant (Immature) (100.00%) | Northern Gannet (Immature/Juvenile) (0.00%) | Western Kingbird (0.00%) | Reddish Egret (Dark morph) (0.00%) | Great Cormorant (Adult) (0.00%)
IMG_7187.JPG,"37.8319846, -122.5249494",2025-06-19 11:45:41,1,0.9995336532592773,6.73,,,Double-crested Cormorant (Immature),0.847,Double-crested Cormorant (Immature) (84.73%) | Great Cormorant (Immature) (14.45%) | Great Cormorant (Adult) (0.71%) | Northern Gannet (Immature/Juvenile) (0.09%) | Pelagic Cormorant (0.01%)
IMG_7188.JPG,"37.8319846, -122.5249494",2025-06-19 11:45:43,1,0.9992966651916504,5.923,,,Double-crested Cormorant (Immature),0.916,Double-crested Cormorant (Immature) (91.59%) | Great Cormorant (Immature) (7.61%) | Great Cormorant (Adult) (0.75%) | Pelagic Cormorant (0.03%) | Cooper's Hawk (Adult) (0.01%)
IMG_7193.JPG,No GPS Data,2025-06-19 12:02:58,0,0,0.0,,,,0,
IMG_7194.JPG,"37.8319846, -122.5249494",2025-06-19 12:03:03,7,0.9839102029800415,12.52,,,,0,
IMG_7198.JPG,"37.8319846, -122.5249494",2025-06-19 12:04:33,6,0.9961407780647278,7.46,,,,0,
IMG_7199.JPG,"37.8319846, -122.5249494",2025-06-19 12:04:42,3,0.9916433095932007,8.282,,,,0,
IMG_7200.JPG,No GPS Data,2025-06-19 12:06:25,0,0,0.0,,,,0,
IMG_7201.JPG,No GPS Data,2025-06-19 12:06:27,0,0,0.0,,,,0,
IMG_7202.JPG,No GPS Data,2025-06-19 12:06:34,0,0,0.0,,,,0,
IMG_7203.JPG,No GPS Data,2025-06-19 12:06:37,0,0,0.0,,,,0,
IMG_7204.JPG,No GPS Data,2025-06-19 12:06:39,0,0,0.0,,,,0,
IMG_7205.JPG,No GPS Data,2025-06-19 12:06:41,0,0,0.0,,,,0,
IMG_7206.JPG,No GPS Data,2025-06-19 12:06:44,0,0,0.0,,,,0,
IMG_7207.JPG,"37.8319846, -122.5249494",2025-06-19 12:06:59,1,0.8066131472587585,11.871,,,Black Oystercatcher,0.444,Black Oystercatcher (44.36%) | Spotted Sandpiper (Breeding) (26.01%) | European Starling (Breeding Adult) (25.63%) | Mourning Warbler (1.12%) | Heermann's Gull (Immature) (0.81%)
IMG_7208.JPG,No GPS Data,2025-06-19 12:07:01,0,0,0.0,,,,0,
IMG_7209.JPG,"37.8319846, -122.5249494",2025-06-19 12:07:03,1,0.9969576597213745,8.494,,,Heermann's Gull (Immature),0.902,Heermann's Gull (Immature) (90.22%) | Black Skimmer (3.09%) | Surf Scoter (Male) (2.74%) | Common Raven (1.87%) | Turkey Vulture (0.66%)
IMG_7210.JPG,"37.8319846, -122.5249494",2025-06-19 12:07:04,1,0.8782663345336914,8.167,,,Black Oystercatcher,0.593,Black Oystercatcher (59.26%) | Heermann's Gull (Immature) (17.82%) | Common Raven (9.44%) | Surf Scoter (Male) (6.26%) | Spotted Sandpiper (Breeding) (3.14%)
IMG_7211.JPG,"37.8319846, -122.5249494",2025-06-19 12:07:07,1,0.9978280663490295,9.23,,,Turkey Vulture,0.548,Turkey Vulture (54.85%) | Surf Scoter (Male) (30.10%) | Great Cormorant (Adult) (5.86%) | Rough-legged Hawk (Dark morph) (3.43%) | Common Tern (2.43%)
IMG_7212.JPG,"37.8319846, -122.5249494",2025-06-19 12:07:08,1,0.9888705611228943,11.849,Common Raven,Common Raven,Common Raven,0.997,Common Raven (99.73%) | Black Oystercatcher (0.18%) | Mourning Warbler (0.06%) | Surf Scoter (Male) (0.01%) | Common Gallinule (Adult) (0.01%)
IMG_7213.JPG,No GPS Data,2025-06-19 12:07:09,0,0,0.0,,,,0,
IMG_7214.JPG,No GPS Data,2025-06-19 12:09:25,0,0,0.0,,,,0,
IMG_7215.JPG,No GPS Data,2025-06-19 12:09:28,0,0,0.0,,,,0,
IMG_7216.JPG,No GPS Data,2025-06-19 12:09:32,0,0,0.0,,,,0,
IMG_7219.JPG,"37.8319846, -122.5249494",2025-06-19 12:09:59,7,0.9962749481201172,10.078,,,,0,
IMG_7220.JPG,"37.8319846, -122.5249494",2025-06-19 12:10:01,7,0.9970206618309021,10.092,,,,0,
IMG_7221.JPG,"37.8319846, -122.5249494",2025-06-19 12:10:31,1,0.9966602325439453,5.806,House Finch,House Finch,House Finch (Female/immature),1.0,House Finch (Female/immature) (100.00%) | House Finch (Adult Male) (0.00%) | Red Crossbill (Female/juvenile) (0.00%) | Purple Finch (Female/immature) (0.00%) | Blue Grosbeak (Female/juvenile) (0.00%)
IMG_7222.JPG,"37.8319846, -122.5249494",2025-06-19 12:10:37,1,0.9957225322723389,4.646,House Finch (Female/immature),House Finch (Female/immature),House Finch (Female/immature),1.0,House Finch (Female/immature) (100.00%) | Canyon Towhee (0.00%) | Cassin's Finch (Female/immature) (0.00%) | Western Wood-Pewee (0.00%) | Harris's Sparrow (Immature) (0.00%)
IMG_7223.JPG,"37.8319846, -122.5249494",2025-06-19 12:10:45,1,0.9949504137039185,5.807,House Finch (Female/immature),House Finch (Female/immature),House Finch (Female/immature),1.0,"House Finch (Female/immature) (100.00%) | Scaled Quail (0.00%) | Cassin's Finch (Female/immature) (0.00%) | Purple Finch (Female/immature) (0.00%) | Vermilion Flycatcher (Female, immature) (0.00%)"
IMG_7224.JPG,No GPS Data,2025-06-19 12:10:45,0,0,0.0,,,,0,
IMG_7225.JPG,No GPS Data,2025-06-19 12:11:17,0,0,0.0,,,,0,
IMG_7226.JPG,No GPS Data,2025-06-19 12:11:19,0,0,0.0,,,,0,
IMG_7227.JPG,No GPS Data,2025-06-19 12:14:10,0,0,0.0,,,,0,
IMG_7228.JPG,"37.8319846, -122.5249494",2025-06-19 12:14:16,1,0.9829203486442566,6.318,,,Black Scoter (Female/juvenile),0.765,Black Scoter (Female/juvenile) (76.46%) | Red-necked Grebe (Nonbreeding/juvenile) (16.67%) | Northern Gannet (Immature/Juvenile) (4.04%) | Common Tern (1.12%) | Surf Scoter (Female/immature) (0.87%)
IMG_7229.JPG,No GPS Data,2025-06-19 12:14:20,0,0,0.0,,,,0,
IMG_7230.JPG,"37.8319846, -122.5249494",2025-06-19 12:14:30,2,0.997047483921051,7.414,,,,0,
IMG_7231.JPG,"37.8319846, -122.5249494",2025-06-19 12:14:33,2,0.9989991784095764,8.0,,,,0,
IMG_7232.JPG,"37.8319846, -122.5249494",2025-06-19 12:15:01,1,0.9988503456115723,6.574,,,Great Cormorant (Adult),0.933,Great Cormorant (Adult) (93.30%) | Pelagic Cormorant (3.79%) | Brandt's Cormorant (2.70%) | Neotropic Cormorant (0.21%) | Black Scoter (Male) (0.00%)
IMG_7233.JPG,"37.8319846, -122.5249494",2025-06-19 12:15:04,1,0.9994250535964966,6.832,,,Pacific Loon (Nonbreeding/juvenile),0.96,Pacific Loon (Nonbreeding/juvenile) (96.05%) | Neotropic Cormorant (2.53%) | Brandt's Cormorant (0.90%) | Black Guillemot (Breeding) (0.36%) | Great Cormorant (Adult) (0.15%)
IMG_7234.JPG,"37.8319846, -122.5249494",2025-06-19 12:16:29,1,0.9993422627449036,5.18,,,Black-legged Kittiwake (Adult),0.522,Black-legged Kittiwake (Adult) (52.17%) | Laughing Gull (Nonbreeding/Immature) (47.57%) | California Gull (Adult) (0.10%) | Vaux's Swift (0.07%) | Western Gull (Immature) (0.04%)
IMG_7235.JPG,"37.8319846, -122.5249494",2025-06-19 12:21:02,1,0.9967812299728394,6.29,,,Great Cormorant (Adult),0.937,"Great Cormorant (Adult) (93.72%) | Bald Eagle (Immature, juvenile) (5.72%) | Brown Pelican (0.23%) | Costa's Hummingbird (Adult Male) (0.08%) | Western Gull (Immature) (0.06%)"
IMG_7236.JPG,No GPS Data,2025-06-19 12:21:08,0,0,0.0,,,,0,
IMG_7237.JPG,No GPS Data,2025-06-19 12:23:52,0,0,0.0,,,,0,
IMG_7238.JPG,"37.8319846, -122.5249494",2025-06-19 12:23:55,3,0.896886944770813,8.798,,,,0,
IMG_7239.JPG,No GPS Data,2025-07-01 12:06:55,0,0,0.0,,,,0,
IMG_7240.JPG,No GPS Data,2025-07-01 12:07:05,0,0,0.0,,,,0,
IMG_7241.JPG,"36.60445633336887, -121.89235277085204",2025-07-01 12:07:12,1,0.9950177073478699,8.164,,,Laughing Gull (Nonbreeding/Immature),0.357,Laughing Gull (Nonbreeding/Immature) (35.74%) | Horned Grebe (Nonbreeding/juvenile) (17.87%) | Mississippi Kite (15.19%) | Forster's Tern (13.13%) | Ruddy Turnstone (8.84%)
IMG_7242.JPG,"36.60445633336887, -121.89235277085204",2025-07-01 12:07:17,1,0.9991683959960938,8.911,Gull,Manual: Western Gull,Glaucous-winged Gull (Immature),0.973,Glaucous-winged Gull (Immature) (97.26%) | Laughing Gull (Nonbreeding/Immature) (2.50%) | Chimney Swift (0.18%) | Fish Crow (0.01%) | Ruddy Turnstone (0.01%)
IMG_7243.JPG,"36.60445633336887, -121.89235277085204",2025-07-01 12:14:50,2,0.9830690622329712,5.154,,,,0,
IMG_7244.JPG,"36.60445633336887, -121.89235277085204",2025-07-01 12:14:53,1,0.9982203841209412,5.719,Pelagic Cormorant,Pelagic Cormorant,Pelagic Cormorant,0.994,Pelagic Cormorant (99.43%) | Brandt's Cormorant (0.57%) | Black Guillemot (Breeding) (0.00%) | Red-throated Loon (Nonbreeding/juvenile) (0.00%) | Common Eider (Immature/Eclipse male) (0.00%)
IMG_7245.JPG,"36.60445633336887, -121.89235277085204",2025-07-01 12:14:55,1,0.9986338019371033,4.975,,,Pelagic Cormorant,0.987,Pelagic Cormorant (98.66%) | Brandt's Cormorant (1.34%) | Red-throated Loon (Nonbreeding/juvenile) (0.00%) | Double-crested Cormorant (Adult) (0.00%) | Great Cormorant (Adult) (0.00%)
IMG_7247.JPG,"36.60445633336887, -121.89235277085204",2025-07-01 12:17:26,1,0.9993288516998291,4.343,Pigeon Guillemot (Breeding),Pigeon Guillemot (Breeding),Pigeon Guillemot (Breeding),1.0,"Pigeon Guillemot (Breeding) (100.00%) | White-winged Scoter (Female/juvenile) (0.00%) | Black Guillemot (Nonbreeding, juvenile) (0.00%) | Brandt's Cormorant (0.00%) | Gila Woodpecker (0.00%)"
IMG_7248.JPG,"36.60445633336887, -121.89235277085204",2025-07-01 12:17:28,1,0.9983021020889282,4.317,Pigeon Guillemot (Breeding),Pigeon Guillemot (Breeding),Pigeon Guillemot (Breeding),1.0,"Pigeon Guillemot (Breeding) (100.00%) | Gadwall (Breeding male) (0.00%) | Pigeon Guillemot (Nonbreeding, juvenile) (0.00%) | White-winged Scoter (Female/juvenile) (0.00%) | Greater Scaup (Breeding male) (0.00%)"
IMG_7249.JPG,"36.60445633336887, -121.89235277085204",2025-07-01 12:17:31,1,0.9996280670166016,4.746,Pigeon Guillemot,Pigeon Guillemot,Pigeon Guillemot (Breeding),1.0,"Pigeon Guillemot (Breeding) (100.00%) | Pigeon Guillemot (Nonbreeding, juvenile) (0.00%) | White-winged Scoter (Female/juvenile) (0.00%) | Black Guillemot (Nonbreeding, juvenile) (0.00%) | Brandt's Cormorant (0.00%)"
IMG_7250.JPG,"36.60445633336887, -121.89235277085204",2025-07-01 12:17:34,1,0.9994611144065857,4.584,Pigeon Guillemot (Breeding),Pigeon Guillemot (Breeding),Pigeon Guillemot (Breeding),1.0,"Pigeon Guillemot (Breeding) (100.00%) | White-winged Scoter (Female/juvenile) (0.00%) | Black Guillemot (Nonbreeding, juvenile) (0.00%) | Pigeon Guillemot (Nonbreeding, juvenile) (0.00%) | Pacific Loon (Nonbreeding/juvenile) (0.00%)"
IMG_7251.JPG,"36.60445633336887, -121.89235277085204",2025-07-01 12:17:36,1,0.9991245865821838,4.584,Pigeon Guillemot (Breeding),Pigeon Guillemot (Breeding),Pigeon Guillemot (Breeding),1.0,"Pigeon Guillemot (Breeding) (100.00%) | White-winged Scoter (Female/juvenile) (0.00%) | Black Guillemot (Nonbreeding, juvenile) (0.00%) | Brandt's Cormorant (0.00%) | Pigeon Guillemot (Nonbreeding, juvenile) (0.00%)"
IMG_7252.JPG,"36.60445633336887, -121.89235277085204",2025-07-01 12:57:25,1,0.9990208148956299,7.127,Pigeon Guillemot (Breeding),Pigeon Guillemot (Breeding),Pigeon Guillemot (Breeding),1.0,Pigeon Guillemot (Breeding) (99.99%) | Harlequin Duck (Male) (0.01%) | Greater Scaup (Breeding male) (0.00%) | White-winged Scoter (Male) (0.00%) | Black Guillemot (Breeding) (0.00%)
IMG_7253.JPG,"37.4986248, -122.2212947",2025-07-03 09:22:27,1,0.9995335340499878,5.55,House Finch (Female/immature),House Finch (Female/immature),House Finch (Female/immature),1.0,House Finch (Female/immature) (100.00%) | Fox Sparrow (Red) (0.00%) | Cassin's Finch (Female/immature) (0.00%) | Purple Finch (Female/immature) (0.00%) | Pine Siskin (0.00%)
IMG_7254.JPG,"37.4986248, -122.2212947",2025-07-03 09:22:29,1,0.9994822144508362,5.321,,,House Finch (Female/immature),0.615,House Finch (Female/immature) (61.52%) | Cassin's Finch (Female/immature) (38.48%) | Lesser Goldfinch (Female/juvenile) (0.00%) | Northern Waterthrush (0.00%) | Yellow-rumped Warbler (Winter/juvenile Audubon's) (0.00%)
IMG_7255.JPG,"37.4986248, -122.2212947",2025-07-03 09:23:20,1,0.9988422989845276,5.926,California Towhee,California Towhee,California Towhee,1.0,California Towhee (100.00%) | Wrentit (0.00%) | Common Yellowthroat (Female/immature male) (0.00%) | Canyon Towhee (0.00%) | Summer Tanager (Female) (0.00%)
IMG_7256.JPG,"37.4986248, -122.2212947",2025-07-03 09:23:26,1,0.9984980821609497,6.192,California Towhee,California Towhee,California Towhee,1.0,California Towhee (100.00%) | Summer Tanager (Female) (0.00%) | Abert's Towhee (0.00%) | Canyon Towhee (0.00%) | House Wren (0.00%)
IMG_7257.JPG,"37.4986248, -122.2212947",2025-07-03 09:33:39,2,0.9968518614768982,7.472,,,,0,
IMG_7258.JPG,"37.4986248, -122.2212947",2025-07-03 09:33:41,1,0.9751040935516357,6.887,,,Neotropic Cormorant,0.61,Neotropic Cormorant (61.00%) | Chihuahuan Raven (22.73%) | Anhinga (14.87%) | Great Cormorant (Adult) (1.15%) | Harris's Hawk (0.07%)
IMG_7259.JPG,"37.4986248, -122.2212947",2025-07-03 09:37:59,1,0.998210072517395,6.884,Marbled Godwit,Marbled Godwit,Marbled Godwit,1.0,Marbled Godwit (99.96%) | Willet (0.02%) | Ladder-backed Woodpecker (0.01%) | Long-billed Curlew (0.01%) | Whimbrel (0.00%)
IMG_7260.JPG,"37.4986248, -122.2212947",2025-07-03 09:38:01,1,0.9996551275253296,6.689,Long-billed Curlew,Long-billed Curlew,Long-billed Curlew,1.0,Long-billed Curlew (100.00%) | Marbled Godwit (0.00%) | White-faced Ibis (0.00%) | Whimbrel (0.00%) | Brewer's Sparrow (0.00%)
IMG_7261.JPG,"37.4986248, -122.2212947",2025-07-03 09:38:44,16,0.997459352016449,7.966,,,,0,
IMG_7262.JPG,"37.4986248, -122.2212947",2025-07-03 09:38:48,17,0.996966540813446,7.098,,,,0,
IMG_7263.JPG,"37.4986248, -122.2212947",2025-07-03 09:40:36,5,0.9540252685546875,9.542,,,,0,
IMG_7264.JPG,"37.4986248, -122.2212947",2025-07-03 09:40:40,3,0.998759388923645,7.516,,,,0,
IMG_7265.JPG,"37.4986248, -122.2212947",2025-07-03 09:55:44,1,0.9995042085647583,6.673,Forster's Tern,Forster's Tern,Forster's Tern,1.0,Forster's Tern (100.00%) | Common Tern (0.00%) | Great Egret (0.00%) | Scissor-tailed Flycatcher (0.00%) | Clark's Grebe (0.00%)
IMG_7267.JPG,"37.4986248, -122.2212947",2025-07-03 09:55:56,1,0.9993851184844971,6.01,Forster's Tern,Forster's Tern,Forster's Tern,1.0,Forster's Tern (100.00%) | Common Tern (0.00%) | Scissor-tailed Flycatcher (0.00%) | Carolina Chickadee (0.00%) | Barn Swallow (0.00%)
IMG_7268.JPG,"37.4986248, -122.2212947",2025-07-03 09:55:58,1,0.9982403516769409,5.979,Forster's Tern,Forster's Tern,Forster's Tern,1.0,Forster's Tern (99.99%) | Common Tern (0.01%) | Caspian Tern (0.00%) | Royal Tern (0.00%) | Black Skimmer (0.00%)
IMG_7269.JPG,"37.4986248, -122.2212947",2025-07-03 09:56:07,1,0.9987216591835022,6.893,Forster's Tern,Forster's Tern,Forster's Tern,0.999,Forster's Tern (99.87%) | Royal Tern (0.13%) | Caspian Tern (0.00%) | Black-legged Kittiwake (Adult) (0.00%) | Hoary Redpoll (0.00%)
IMG_7270.JPG,"37.4986248, -122.2212947",2025-07-03 09:56:10,1,0.9989068508148193,6.606,Forster's Tern,Forster's Tern,Forster's Tern,1.0,Forster's Tern (100.00%) | Common Tern (0.00%) | Hoary Redpoll (0.00%) | Royal Tern (0.00%) | Common Gallinule (Adult) (0.00%)
IMG_7271.JPG,"37.4986248, -122.2212947",2025-07-03 09:56:12,1,0.884074866771698,7.696,,,Forster's Tern,0.887,Forster's Tern (88.67%) | Common Tern (7.47%) | Royal Tern (3.73%) | Common Gallinule (Adult) (0.11%) | Great Egret (0.00%)
IMG_7272.JPG,"37.4986248, -122.2212947",2025-07-03 10:04:34,1,0.9995570778846741,6.125,,Manual: Western Gull,Great Black-backed Gull (Adult),0.928,Great Black-backed Gull (Adult) (92.83%) | California Gull (Adult) (3.43%) | Mew Gull (1.77%) | Glaucous-winged Gull (Adult) (1.01%) | Western Gull (Adult) (0.29%)
IMG_7273.JPG,"37.4986248, -122.2212947",2025-07-03 10:04:38,1,0.9983474016189575,6.356,,,Glaucous-winged Gull (Adult),0.459,Glaucous-winged Gull (Adult) (45.90%) | Mew Gull (41.14%) | Great Black-backed Gull (Adult) (7.78%) | Herring Gull (Adult) (4.28%) | Cattle Egret (0.36%)
IMG_7274.JPG,"37.4986248, -122.2212947",2025-07-03 10:05:02,3,0.704169511795044,7.081,,,,0,
IMG_7275.JPG,"37.4986248, -122.2212947",2025-07-03 10:05:07,3,0.9914824962615967,6.782,,,,0,
IMG_7276.JPG,"37.4986248, -122.2212947",2025-07-03 10:05:08,4,0.9898706078529358,7.223,,,,0,
IMG_7277.JPG,"37.4986248, -122.2212947",2025-07-03 10:05:23,4,0.9987044334411621,6.75,,,,0,
IMG_7278.JPG,"37.4986248, -122.2212947",2025-07-03 10:05:25,4,0.9982261061668396,6.48,,,,0,
IMG_7279.JPG,"37.4986248, -122.2212947",2025-07-03 10:05:29,4,0.9962561130523682,7.109,,,,0,
IMG_7280.JPG,"37.4986248, -122.2212947",2025-07-03 10:05:32,4,0.9959393739700317,6.692,,,,0,
IMG_7281.JPG,"37.0444907, -121.1973953",2025-08-07 08:09:27,1,0.9978874325752258,5.203,Western Bluebird,Western Bluebird,Western Bluebird,1.0,"Western Bluebird (100.00%) | Broad-tailed Hummingbird (Female, immature) (0.00%) | Orchard Oriole (Adult Male) (0.00%) | Eastern Bluebird (0.00%) | Gray-crowned Rosy-Finch (0.00%)"
IMG_7282.JPG,"37.0444907, -121.1973953",2025-08-07 08:10:07,1,0.9992367029190063,5.209,California Quail,California Quail,California Quail (Male),0.997,"California Quail (Male) (99.69%) | California Quail (Female/juvenile) (0.30%) | Fox Sparrow (Sooty) (0.00%) | Costa's Hummingbird (Female, immature) (0.00%) | Harlequin Duck (Male) (0.00%)"
IMG_7283.JPG,"37.0444907, -121.1973953",2025-08-07 08:10:09,2,0.9868848323822021,7.886,,,,0,
IMG_7284.JPG,"37.0444907, -121.1973953",2025-08-07 08:12:31,1,0.9986415505409241,7.182,,,European Starling (Juvenile),0.851,"European Starling (Juvenile) (85.14%) | Brewer's Blackbird (Female/Juvenile) (6.40%) | Brewer's Blackbird (Male) (3.64%) | Costa's Hummingbird (Female, immature) (2.10%) | Red-winged Blackbird (Female/juvenile) (0.98%)"
IMG_7285.JPG,"37.0444907, -121.1973953",2025-08-07 08:13:11,1,0.9987722039222717,7.609,Loggerhead Shrike,Loggerhead Shrike,Loggerhead Shrike,1.0,"Loggerhead Shrike (100.00%) | Northern Shrike (0.00%) | Ruby-throated Hummingbird (Female, immature) (0.00%) | Pygmy Nuthatch (0.00%) | Forster's Tern (0.00%)"
IMG_7286.JPG,"37.0444907, -121.1973953",2025-08-07 08:13:14,1,0.9989219903945923,7.35,Loggerhead Shrike,Loggerhead Shrike,Loggerhead Shrike,1.0,"Loggerhead Shrike (100.00%) | Northern Shrike (0.00%) | Ruby-throated Hummingbird (Female, immature) (0.00%) | Pygmy Nuthatch (0.00%) | Rose-breasted Grosbeak (Female/immature male) (0.00%)"
IMG_7287.JPG,"37.0444907, -121.1973953",2025-08-07 08:13:15,1,0.9990888833999634,7.108,Loggerhead Shrike,Loggerhead Shrike,Loggerhead Shrike,1.0,"Loggerhead Shrike (100.00%) | Northern Shrike (0.00%) | Ruby-throated Hummingbird (Female, immature) (0.00%) | Pygmy Nuthatch (0.00%) | Rose-breasted Grosbeak (Female/immature male) (0.00%)"
IMG_7288.JPG,"37.0444907, -121.1973953",2025-08-07 08:13:18,1,0.9989390969276428,7.829,Loggerhead Shrike,Loggerhead Shrike,Loggerhead Shrike,1.0,"Loggerhead Shrike (100.00%) | Northern Shrike (0.00%) | Sharp-shinned Hawk (Adult ) (0.00%) | Ruby-throated Hummingbird (Female, immature) (0.00%) | Pygmy Nuthatch (0.00%)"
IMG_7289.JPG,"37.0444907, -121.1973953",2025-08-07 08:13:28,1,0.9993033409118652,5.54,,,Gambel's Quail (Female/juvenile),0.812,Gambel's Quail (Female/juvenile) (81.21%) | California Quail (Female/juvenile) (18.66%) | California Quail (Male) (0.04%) | Harris's Sparrow (Immature) (0.03%) | Fox Sparrow (Sooty) (0.01%)
IMG_7290.JPG,"37.0444907, -121.1973953",2025-08-07 08:13:34,1,0.9993274211883545,5.108,,,California Quail (Female/juvenile),0.717,California Quail (Female/juvenile) (71.70%) | Gambel's Quail (Female/juvenile) (28.29%) | Harris's Sparrow (Immature) (0.01%) | Fox Sparrow (Sooty) (0.00%) | Gila Woodpecker (0.00%)
IMG_7291.JPG,"37.0444907, -121.1973953",2025-08-07 08:13:36,1,0.9991718530654907,5.363,,,California Quail (Female/juvenile),0.936,California Quail (Female/juvenile) (93.55%) | Gambel's Quail (Female/juvenile) (6.45%) | Fox Sparrow (Sooty) (0.00%) | Scaled Quail (0.00%) | Gila Woodpecker (0.00%)
IMG_7292.JPG,"37.0444907, -121.1973953",2025-08-07 08:13:37,1,0.9993207454681396,5.387,California Quail (Female/juvenile),California Quail (Female/juvenile),California Quail (Female/juvenile),0.993,California Quail (Female/juvenile) (99.27%) | Gambel's Quail (Female/juvenile) (0.73%) | Fox Sparrow (Sooty) (0.00%) | Harris's Sparrow (Immature) (0.00%) | Cordilleran Flycatcher (0.00%)
IMG_7293.JPG,"37.0444907, -121.1973953",2025-08-07 08:13:44,1,0.9992861151695251,5.313,,,California Quail (Female/juvenile),0.755,California Quail (Female/juvenile) (75.54%) | Gambel's Quail (Female/juvenile) (24.28%) | California Quail (Male) (0.13%) | Fox Sparrow (Sooty) (0.02%) | Gila Woodpecker (0.01%)
IMG_7294.JPG,"37.0444907, -121.1973953",2025-08-07 08:14:16,1,0.9979401230812073,11.057,,,European Starling (Juvenile),0.97,European Starling (Juvenile) (97.05%) | Cattle Egret (0.58%) | Swainson's Thrush (0.42%) | Yellow-headed Blackbird (Female/Immature Male) (0.33%) | Orchard Oriole (Immature Male) (0.30%)
IMG_7295.JPG,"37.0444907, -121.1973953",2025-08-07 08:15:23,1,0.9989663362503052,5.759,,,Loggerhead Shrike,0.91,Loggerhead Shrike (90.97%) | Clark's Nutcracker (5.38%) | Sharp-shinned Hawk (Adult ) (1.68%) | Northern Shrike (1.26%) | Townsend's Solitaire (0.61%)
IMG_7299.JPG,"37.0444907, -121.1973953",2025-08-07 08:15:35,1,0.9982274174690247,6.125,Loggerhead Shrike,Loggerhead Shrike,Loggerhead Shrike,1.0,Loggerhead Shrike (100.00%) | Northern Shrike (0.00%) | Clark's Nutcracker (0.00%) | Downy Woodpecker (0.00%) | Florida Scrub-Jay (0.00%)
IMG_7301.JPG,"37.0444907, -121.1973953",2025-08-07 08:15:45,1,0.9991957545280457,5.937,Loggerhead Shrike,Loggerhead Shrike,Loggerhead Shrike,1.0,Loggerhead Shrike (99.98%) | Northern Shrike (0.02%) | Sharp-shinned Hawk (Adult ) (0.00%) | Clark's Nutcracker (0.00%) | Snow Bunting (Breeding adult) (0.00%)
IMG_7302.JPG,"37.0444907, -121.1973953",2025-08-07 08:15:47,1,0.9994255304336548,5.902,Loggerhead Shrike,Loggerhead Shrike,Loggerhead Shrike,1.0,Loggerhead Shrike (99.99%) | Northern Shrike (0.01%) | Forster's Tern (0.00%) | Snow Bunting (Breeding adult) (0.00%) | Clark's Nutcracker (0.00%)
IMG_7303.JPG,"37.0444907, -121.1973953",2025-08-07 08:15:50,1,0.9995443224906921,6.488,Loggerhead Shrike,Loggerhead Shrike,Loggerhead Shrike,1.0,"Loggerhead Shrike (100.00%) | Northern Shrike (0.00%) | Clark's Nutcracker (0.00%) | Black-throated Blue Warbler (Adult Male) (0.00%) | Ruby-throated Hummingbird (Female, immature) (0.00%)"
IMG_7305.JPG,"37.0444907, -121.1973953",2025-08-07 11:34:55,2,0.9966391324996948,5.965,,,,0,
IMG_7307.JPG,"37.0444907, -121.1973953",2025-08-07 11:35:13,1,0.9984550476074219,6.273,,,Cooper's Hawk (Adult),0.467,Cooper's Hawk (Adult) (46.73%) | Northern Flicker (Red-shafted) (20.87%) | Blue Grosbeak (Female/juvenile) (13.87%) | Yellow-billed Cuckoo (3.96%) | Eastern Bluebird (3.46%)
IMG_7308.JPG,No GPS Data,2025-08-07 11:35:31,0,0,0.0,,,,0,
IMG_7309.JPG,"37.0444907, -121.1973953",2025-08-07 11:35:44,1,0.9996352195739746,5.216,Brewer's Blackbird (Male),Brewer's Blackbird (Male),Brewer's Blackbird (Male),1.0,Brewer's Blackbird (Male) (99.97%) | Bronzed Cowbird (0.03%) | Rusty Blackbird (0.01%) | Common Grackle (0.00%) | Common Goldeneye (Breeding male) (0.00%)
IMG_7310.JPG,"37.0444907, -121.1973953",2025-08-07 11:35:45,1,0.99968421459198,5.145,Brewer's Blackbird (Male),Brewer's Blackbird (Male),Brewer's Blackbird (Male),0.999,Brewer's Blackbird (Male) (99.87%) | Common Grackle (0.12%) | Rusty Blackbird (0.00%) | Bronzed Cowbird (0.00%) | Great-tailed Grackle (0.00%)
IMG_7311.JPG,"37.0444907, -121.1973953",2025-08-07 11:38:59,1,0.9992420673370361,5.064,,Manual: Say's Pheobe,Say's Phoebe,0.964,Say's Phoebe (96.41%) | Mexican Jay (3.59%) | Pyrrhuloxia (0.00%) | Townsend's Solitaire (0.00%) | Canyon Towhee (0.00%)
IMG_7312.JPG,"37.0444907, -121.1973953",2025-08-07 11:39:03,1,0.9993488192558289,5.38,Say's Phoebe,Say's Phoebe,Say's Phoebe,1.0,"Say's Phoebe (100.00%) | Mexican Jay (0.00%) | Townsend's Solitaire (0.00%) | Vermilion Flycatcher (Female, immature) (0.00%) | Hutton's Vireo (0.00%)"
IMG_7313.JPG,"37.0444907, -121.1973953",2025-08-07 11:39:06,1,0.9992958307266235,5.2,Say's Phoebe,Say's Phoebe,Say's Phoebe,1.0,"Say's Phoebe (99.99%) | Vermilion Flycatcher (Female, immature) (0.01%) | Western Wood-Pewee (0.00%) | Summer Tanager (Female) (0.00%) | Mexican Jay (0.00%)"
IMG_7315.JPG,"37.0444907, -121.1973953",2025-08-07 11:39:16,1,0.9992364645004272,4.771,Say's Phoebe,Say's Phoebe,Say's Phoebe,0.999,"Say's Phoebe (99.94%) | Vermilion Flycatcher (Female, immature) (0.06%) | Summer Tanager (Female) (0.00%) | Western Wood-Pewee (0.00%) | Mexican Jay (0.00%)"
IMG_7317.JPG,"37.0444907, -121.1973953",2025-08-07 11:40:07,1,0.9987409710884094,5.965,Black Phoebe,Black Phoebe,Black Phoebe,1.0,Black Phoebe (100.00%) | Eastern Phoebe (0.00%) | Eastern Kingbird (0.00%) | Vermilion Flycatcher (Adult male) (0.00%) | Great Crested Flycatcher (0.00%)
IMG_7318.JPG,"37.0444907, -121.1973953",2025-08-07 11:55:05,2,0.9974881410598755,6.738,,,,0,
IMG_7322.JPG,"37.0444907, -121.1973953",2025-08-07 11:55:52,1,0.9994311928749084,5.959,Mourning Dove,Mourning Dove,Mourning Dove,1.0,Mourning Dove (100.00%) | Common Ground-Dove (0.00%) | Band-tailed Pigeon (0.00%) | Eurasian Collared-Dove (0.00%) | Heermann's Gull (Immature) (0.00%)
IMG_7324.JPG,"37.0444907, -121.1973953",2025-08-07 11:55:57,1,0.9991477727890015,6.106,Mourning Dove,Mourning Dove,Mourning Dove,1.0,Mourning Dove (100.00%) | White-winged Dove (0.00%) | Band-tailed Pigeon (0.00%) | Common Ground-Dove (0.00%) | Heermann's Gull (Immature) (0.00%)
IMG_7328.JPG,"37.0444907, -121.1973953",2025-08-07 12:15:25,1,0.9993175268173218,7.796,Western/Clark's Grebe,Manual: Clark's Grebe,Western Grebe,0.989,Western Grebe (98.94%) | Clark's Grebe (1.05%) | Horned Grebe (Nonbreeding/juvenile) (0.01%) | Eared Grebe (Nonbreeding/juvenile) (0.00%) | Greater Yellowlegs (0.00%)
IMG_7331.JPG,"37.0444907, -121.1973953",2025-08-07 12:16:29,1,0.9994992017745972,7.249,Clark's Grebe,Manual: Clark's Grebe,Clark's Grebe,1.0,Clark's Grebe (100.00%) | Greater Yellowlegs (0.00%) | Western Grebe (0.00%) | Red-necked Grebe (Nonbreeding/juvenile) (0.00%) | Horned Grebe (Nonbreeding/juvenile) (0.00%)
IMG_7332.JPG,"37.0444907, -121.1973953",2025-08-07 12:21:52,1,0.9991581439971924,5.653,Northern Mockingbird,Northern Mockingbird,Northern Mockingbird,0.998,"Northern Mockingbird (99.79%) | Common Gallinule (Immature) (0.10%) | Black-chinned Hummingbird (Female, immature) (0.09%) | Scaled Quail (0.01%) | Yellow-billed Cuckoo (0.01%)"
IMG_7336.JPG,"37.0444907, -121.1973953",2025-08-07 12:22:22,1,0.9986404776573181,5.697,Northern Mockingbird,Northern Mockingbird,Northern Mockingbird,0.999,"Northern Mockingbird (99.87%) | Black-chinned Hummingbird (Female, immature) (0.12%) | Common Gallinule (Immature) (0.01%) | Scaled Quail (0.00%) | Townsend's Solitaire (0.00%)"
IMG_7342.JPG,"36.90760433066193, -121.4131445898004",2025-08-07 16:57:01,1,0.9995725750923157,5.659,Song Sparrow,Song Sparrow,Song Sparrow,1.0,Song Sparrow (99.99%) | Savannah Sparrow (0.00%) | Nuttall's Woodpecker (0.00%) | Lark Bunting (Female/Nonbreeding male) (0.00%) | Fox Sparrow (Red) (0.00%)
IMG_7343.JPG,"36.90760433066193, -121.4131445898004",2025-08-07 16:57:03,1,0.9992293119430542,5.642,Song Sparrow,Song Sparrow,Song Sparrow,1.0,Song Sparrow (100.00%) | White-throated Sparrow (Tan-striped/immature) (0.00%) | Lincoln's Sparrow (0.00%) | Savannah Sparrow (0.00%) | Calliope Hummingbird (Adult Male) (0.00%)
IMG_7345.JPG,"36.90760433066193, -121.4131445898004",2025-08-07 18:03:25,1,0.9989215135574341,5.399,House Finch (Female/immature),House Finch (Female/immature),House Finch (Female/immature),1.0,House Finch (Female/immature) (99.99%) | Cassin's Finch (Female/immature) (0.01%) | Red Crossbill (Female/juvenile) (0.01%) | Pine Siskin (0.00%) | Purple Finch (Female/immature) (0.00%)
IMG_7347.JPG,"36.90760433066193, -121.4131445898004",2025-08-07 18:05:49,1,0.9984025359153748,4.603,,,House Finch (Adult Male),0.979,House Finch (Adult Male) (97.94%) | Blue Grosbeak (Female/juvenile) (1.68%) | Red-breasted Sapsucker (0.33%) | Pine Grosbeak (Adult Male) (0.02%) | Bullock's Oriole (Female/Immature male) (0.01%)
IMG_7349.JPG,"34.0833746, -117.7981269",2025-08-09 09:23:18,1,0.9963628649711609,6.457,Western/Clark's Grebe,Manual: Western Grebe,Western Grebe,1.0,Western Grebe (100.00%) | Clark's Grebe (0.00%) | Red-necked Grebe (Breeding) (0.00%) | Greater Yellowlegs (0.00%) | Red-necked Grebe (Nonbreeding/juvenile) (0.00%)
IMG_7353.JPG,"34.0833746, -117.7981269",2025-08-09 09:34:31,1,0.9984866380691528,5.787,Mourning Dove,Mourning Dove,Mourning Dove,1.0,Mourning Dove (100.00%) | Common Ground-Dove (0.00%) | White-winged Dove (0.00%) | Common Tern (0.00%) | Band-tailed Pigeon (0.00%)
IMG_7354.JPG,"34.0833746, -117.7981269",2025-08-09 09:34:57,1,0.9986401200294495,5.345,,Manual: Allen's Hummingbird,"Calliope Hummingbird (Female, immature)",0.769,"Calliope Hummingbird (Female, immature) (76.90%) | Allen's Hummingbird (Adult Male) (18.03%) | Ruby-throated Hummingbird (Adult Male) (3.10%) | Ruby-throated Hummingbird (Female, immature) (0.74%) | Allen's Hummingbird (Female, immature) (0.69%)"
IMG_7356.JPG,"34.0833746, -117.7981269",2025-08-09 09:35:09,1,0.9996156692504883,5.084,Hummingbird,Manual: Allen's Hummingbird,Allen's Hummingbird (Adult Male),0.987,"Allen's Hummingbird (Adult Male) (98.74%) | Rufous Hummingbird (Female, immature) (0.46%) | Costa's Hummingbird (Adult Male) (0.42%) | Broad-tailed Hummingbird (Female, immature) (0.14%) | Costa's Hummingbird (Female, immature) (0.03%)"
IMG_7357.JPG,"34.0833746, -117.7981269",2025-08-09 09:35:18,1,0.995227575302124,4.826,,Manual: Allen's Hummingbird,Allen's Hummingbird (Adult Male),0.914,"Allen's Hummingbird (Adult Male) (91.38%) | Calliope Hummingbird (Female, immature) (3.65%) | Allen's Hummingbird (Female, immature) (3.30%) | Rufous Hummingbird (Female, immature) (1.61%) | Ruby-throated Hummingbird (Female, immature) (0.05%)"
IMG_7358.JPG,"34.0833746, -117.7981269",2025-08-09 09:35:18,1,0.9953246116638184,5.362,Hummingbird,Manual: Allen's Hummingbird,Allen's Hummingbird (Adult Male),1.0,"Allen's Hummingbird (Adult Male) (100.00%) | Rufous Hummingbird (Female, immature) (0.00%) | Ruby-throated Hummingbird (Female, immature) (0.00%) | Allen's Hummingbird (Female, immature) (0.00%) | Calliope Hummingbird (Female, immature) (0.00%)"
IMG_7360.JPG,"34.0833746, -117.7981269",2025-08-09 09:35:21,1,0.9657782316207886,6.125,Hummingbird,Manual: Allen's Hummingbird,Allen's Hummingbird (Adult Male),0.99,"Allen's Hummingbird (Adult Male) (99.02%) | Ruby-throated Hummingbird (Adult Male) (0.49%) | Rufous Hummingbird (Adult Male) (0.29%) | Ruby-throated Hummingbird (Female, immature) (0.08%) | Allen's Hummingbird (Female, immature) (0.05%)"
IMG_7364.JPG,"34.0833746, -117.7981269",2025-08-09 09:35:26,1,0.9960190653800964,5.075,,Manual: Allen's Hummingbird,Allen's Hummingbird (Adult Male),0.929,"Allen's Hummingbird (Adult Male) (92.88%) | Ruby-throated Hummingbird (Adult Male) (5.38%) | Allen's Hummingbird (Female, immature) (0.49%) | Calliope Hummingbird (Female, immature) (0.45%) | Ruby-throated Hummingbird (Female, immature) (0.27%)"
IMG_7365.JPG,"34.0833746, -117.7981269",2025-08-09 09:35:29,1,0.9988383650779724,4.873,,Manual: Allen's Hummingbird,"Calliope Hummingbird (Female, immature)",0.825,"Calliope Hummingbird (Female, immature) (82.55%) | Ruby-throated Hummingbird (Adult Male) (9.21%) | Anna's Hummingbird (Adult Male) (2.78%) | Allen's Hummingbird (Adult Male) (2.07%) | Allen's Hummingbird (Female, immature) (1.59%)"
IMG_7366.JPG,"34.0833746, -117.7981269",2025-08-09 09:35:30,1,0.999268114566803,4.243,,Manual: Allen's Hummingbird,Allen's Hummingbird (Adult Male),0.975,"Allen's Hummingbird (Adult Male) (97.52%) | Anna's Hummingbird (Adult Male) (0.82%) | Calliope Hummingbird (Female, immature) (0.75%) | Broad-tailed Hummingbird (Adult Male) (0.60%) | Allen's Hummingbird (Female, immature) (0.11%)"
IMG_7367.JPG,"34.0833746, -117.7981269",2025-08-09 09:35:31,2,0.7316049933433533,5.109,,Manual: Allen's Hummingbird,,0,
IMG_7369.JPG,"34.0833746, -117.7981269",2025-08-09 09:48:14,1,0.9990147352218628,7.191,,,Western Scrub-Jay,0.95,Western Scrub-Jay (95.00%) | Boat-tailed Grackle (4.99%) | Blue Jay (0.00%) | Florida Scrub-Jay (0.00%) | Eastern Bluebird (0.00%)
IMG_7370.JPG,"34.0833746, -117.7981269",2025-08-09 09:48:17,1,0.9986016154289246,6.774,,,Eastern Bluebird,0.525,Eastern Bluebird (52.50%) | Western Scrub-Jay (26.89%) | Eastern Towhee (16.14%) | Florida Scrub-Jay (4.35%) | Boat-tailed Grackle (0.08%)
IMG_7371.JPG,No GPS Data,2025-08-10 06:29:06,0,0,0.0,,,,0,
IMG_7372.JPG,"36.1045956, -118.5699312",2025-08-10 06:29:10,1,0.9867456555366516,4.106,,,Red-breasted Sapsucker,0.445,Red-breasted Sapsucker (44.48%) | Common Raven (35.78%) | Costa's Hummingbird (Adult Male) (13.78%) | Pileated Woodpecker (2.58%) | Rufous Hummingbird (Adult Male) (0.78%)
IMG_7373.JPG,No GPS Data,2025-08-10 06:32:19,0,0,0.0,,,,0,
IMG_7374.JPG,No GPS Data,2025-08-10 06:32:25,0,0,0.0,,,,0,
IMG_7375.JPG,No GPS Data,2025-08-10 06:32:28,0,0,0.0,,,,0,
IMG_7376.JPG,No GPS Data,2025-08-10 06:32:29,0,0,0.0,,,,0,
IMG_7377.JPG,No GPS Data,2025-08-10 06:32:31,0,0,0.0,,,,0,
IMG_7378.JPG,"36.1045956, -118.5699312",2025-08-10 06:32:33,1,0.9978762865066528,4.608,,,Red-naped Sapsucker,0.535,"Red-naped Sapsucker (53.47%) | Sharp-shinned Hawk (Adult ) (24.76%) | Pygmy Nuthatch (17.58%) | Rose-breasted Grosbeak (Adult Male) (0.71%) | Pigeon Guillemot (Nonbreeding, juvenile) (0.57%)"
IMG_7379.JPG,No GPS Data,2025-08-10 06:32:41,0,0,0.0,,,,0,
IMG_7380.JPG,No GPS Data,2025-08-10 06:33:38,0,0,0.0,,,,0,
IMG_7381.JPG,"36.1045956, -118.5699312",2025-08-10 06:33:40,1,0.985353946685791,4.543,,,Red-naped Sapsucker,0.948,"Red-naped Sapsucker (94.79%) | Rose-breasted Grosbeak (Adult Male) (1.86%) | Eastern Kingbird (0.76%) | Pigeon Guillemot (Nonbreeding, juvenile) (0.59%) | Laughing Gull (Breeding) (0.33%)"
IMG_7382.JPG,"36.1045956, -118.5699312",2025-08-10 06:33:41,1,0.9971597194671631,4.266,,,Red-naped Sapsucker,0.817,"Red-naped Sapsucker (81.68%) | Great Black-backed Gull (Adult) (13.92%) | Scarlet Tanager (Breeding Male) (2.01%) | Pigeon Guillemot (Nonbreeding, juvenile) (1.15%) | Black Skimmer (0.30%)"
IMG_7383.JPG,No GPS Data,2025-08-10 06:33:45,0,0,0.0,,Hairy Woodpecker,,0,
IMG_7384.JPG,No GPS Data,2025-08-10 06:33:56,0,0,0.0,,,,0,
IMG_7385.JPG,"36.1045956, -118.5699312",2025-08-10 06:34:24,1,0.9974162578582764,6.415,,,Red-breasted Sapsucker,0.696,Red-breasted Sapsucker (69.59%) | Red-naped Sapsucker (30.37%) | Red-headed Woodpecker (Immature) (0.02%) | Black Rosy-Finch (0.01%) | Northern Flicker (Yellow-shafted) (0.00%)
IMG_7386.JPG,"36.1045956, -118.5699312",2025-08-10 06:34:26,1,0.9853029251098633,6.428,Red-breasted Sapsucker,Red-breasted Sapsucker,Red-breasted Sapsucker,1.0,Red-breasted Sapsucker (99.97%) | Red-naped Sapsucker (0.02%) | Downy Woodpecker (0.00%) | Black-and-white Warbler (0.00%) | Ring-billed Gull (Immature) (0.00%)
IMG_7388.JPG,"36.1045956, -118.5699312",2025-08-10 06:36:32,1,0.9986082911491394,4.42,Steller's Jay,Steller's Jay,Steller's Jay,1.0,Steller's Jay (100.00%) | Western Scrub-Jay (0.00%) | Cooper's Hawk (Adult) (0.00%) | Brewer's Blackbird (Female/Juvenile) (0.00%) | Western Bluebird (0.00%)
IMG_7390.JPG,"36.1045956, -118.5699312",2025-08-10 06:36:35,1,0.9994035959243774,4.7,Steller's Jay,Steller's Jay,Steller's Jay,1.0,Steller's Jay (100.00%) | Boat-tailed Grackle (0.00%) | Phainopepla (Female/juvenile) (0.00%) | Brewer's Blackbird (Female/Juvenile) (0.00%) | Black-crested Titmouse (0.00%)
IMG_7393.JPG,"36.1045956, -118.5699312",2025-08-10 06:52:16,1,0.9997760653495789,5.619,,,Hermit Thrush,0.523,Hermit Thrush (52.30%) | Swainson's Thrush (47.70%) | Northern Flicker (Yellow-shafted) (0.00%) | Fox Sparrow (Thick-billed/Slate-colored) (0.00%) | Wood Thrush (0.00%)
IMG_7395.JPG,"36.1045956, -118.5699312",2025-08-10 06:52:32,1,0.9991996884346008,5.607,,,Northern Flicker (Yellow-shafted),0.538,Northern Flicker (Yellow-shafted) (53.82%) | Hermit Thrush (45.77%) | Swainson's Thrush (0.35%) | Eastern Bluebird (0.05%) | Veery (0.01%)
IMG_7396.JPG,"36.1045956, -118.5699312",2025-08-10 06:52:35,1,0.9995504021644592,5.633,,,Hermit Thrush,0.96,"Hermit Thrush (96.05%) | Northern Flicker (Yellow-shafted) (3.84%) | Swainson's Thrush (0.09%) | Veery (0.01%) | Broad-tailed Hummingbird (Female, immature) (0.01%)"
IMG_7399.JPG,"36.1045956, -118.5699312",2025-08-10 06:52:46,1,0.9993502497673035,5.733,,,Hermit Thrush,0.583,Hermit Thrush (58.33%) | Swainson's Thrush (41.52%) | Wood Thrush (0.09%) | Fox Sparrow (Thick-billed/Slate-colored) (0.04%) | Northern Flicker (Yellow-shafted) (0.01%)
IMG_7400.JPG,"37.52202520624462, -122.24971341534929",2025-09-12 15:52:20,10,0.9895254373550415,6.29,,,,0,
IMG_7401.JPG,"37.52202520624462, -122.24971341534929",2025-09-12 15:52:23,7,0.9847666621208191,6.784,,,,0,
IMG_7402.JPG,"37.52202520624462, -122.24971341534929",2025-09-12 15:53:42,27,0.829687774181366,7.7,,,,0,
IMG_7403.JPG,"37.52202520624462, -122.24971341534929",2025-09-12 15:53:56,26,0.8504100441932678,7.554,,,,0,
IMG_7404.JPG,"37.52202520624462, -122.24971341534929",2025-09-12 15:55:31,1,0.99901282787323,6.846,Red-necked Phalarope,Red-necked Phalarope,Wilson's Phalarope (Breeding),1.0,"Wilson's Phalarope (Breeding) (99.96%) | Wilson's Phalarope (Nonbreeding, juvenile) (0.04%) | Black-chinned Hummingbird (Female, immature) (0.00%) | Bonaparte's Gull (0.00%) | Semipalmated Sandpiper (0.00%)"
IMG_7405.JPG,"37.52202520624462, -122.24971341534929",2025-09-12 15:55:33,1,0.9993928670883179,7.0,Red-necked Phalarope,Red-necked Phalarope,Wilson's Phalarope (Breeding),1.0,"Wilson's Phalarope (Breeding) (100.00%) | Wilson's Phalarope (Nonbreeding, juvenile) (0.00%) | Pigeon Guillemot (Nonbreeding, juvenile) (0.00%) | Black-chinned Hummingbird (Female, immature) (0.00%) | Eared Grebe (Nonbreeding/juvenile) (0.00%)"
IMG_7406.JPG,"37.52202520624462, -122.24971341534929",2025-09-12 15:55:38,1,0.982698380947113,8.348,,,Wilson's Phalarope (Breeding),0.461,"Wilson's Phalarope (Breeding) (46.05%) | Horned Grebe (Nonbreeding/juvenile) (28.14%) | Wilson's Phalarope (Nonbreeding, juvenile) (23.23%) | Bonaparte's Gull (2.30%) | Black-chinned Hummingbird (Female, immature) (0.24%)"
IMG_7407.JPG,"37.52202520624462, -122.24971341534929",2025-09-12 15:55:40,1,0.9960899949073792,7.558,Red-necked Phalarope,Red-necked Phalarope,Wilson's Phalarope (Breeding),0.835,"Wilson's Phalarope (Breeding) (83.49%) | Wilson's Phalarope (Nonbreeding, juvenile) (16.51%) | American Wigeon (Female/Eclipse male) (0.00%) | Horned Grebe (Nonbreeding/juvenile) (0.00%) | Mew Gull (0.00%)"
IMG_7408.JPG,"37.52202520624462, -122.24971341534929",2025-09-12 15:55:42,1,0.9949674010276794,7.306,Red-necked Phalarope,Red-necked Phalarope,Wilson's Phalarope (Breeding),0.99,"Wilson's Phalarope (Breeding) (99.03%) | Wilson's Phalarope (Nonbreeding, juvenile) (0.95%) | Black-chinned Hummingbird (Female, immature) (0.01%) | Horned Grebe (Nonbreeding/juvenile) (0.00%) | American Wigeon (Female/Eclipse male) (0.00%)"
IMG_7409.JPG,"37.52202520624462, -122.24971341534929",2025-09-12 15:55:45,1,0.9982830286026001,6.923,Red-necked Phalarope,Red-necked Phalarope,Wilson's Phalarope (Breeding),0.88,"Wilson's Phalarope (Breeding) (88.01%) | Wilson's Phalarope (Nonbreeding, juvenile) (11.81%) | American Wigeon (Female/Eclipse male) (0.07%) | Horned Grebe (Nonbreeding/juvenile) (0.06%) | Bonaparte's Gull (0.02%)"
IMG_7410.JPG,"37.52202520624462, -122.24971341534929",2025-09-12 15:55:47,1,0.9973374009132385,8.305,Red-necked Phalarope,Red-necked Phalarope,Wilson's Phalarope (Breeding),0.529,"Wilson's Phalarope (Breeding) (52.90%) | Wilson's Phalarope (Nonbreeding, juvenile) (47.09%) | Black-chinned Hummingbird (Female, immature) (0.00%) | Semipalmated Sandpiper (0.00%) | Horned Grebe (Nonbreeding/juvenile) (0.00%)"
IMG_7411.JPG,"37.52202520624462, -122.24971341534929",2025-09-12 15:55:57,1,0.9981197714805603,6.116,Red-necked Phalarope,Red-necked Phalarope,Wilson's Phalarope (Breeding),1.0,"Wilson's Phalarope (Breeding) (99.99%) | Horned Grebe (Nonbreeding/juvenile) (0.00%) | Wilson's Phalarope (Nonbreeding, juvenile) (0.00%) | Semipalmated Sandpiper (0.00%) | Black-and-white Warbler (0.00%)"
IMG_7412.JPG,"37.52202520624462, -122.24971341534929",2025-09-12 15:56:00,1,0.9979259967803955,6.044,Red-necked Phalarope,Red-necked Phalarope,Wilson's Phalarope (Breeding),0.997,"Wilson's Phalarope (Breeding) (99.73%) | Wilson's Phalarope (Nonbreeding, juvenile) (0.27%) | Semipalmated Sandpiper (0.00%) | Horned Grebe (Nonbreeding/juvenile) (0.00%) | Long-tailed Duck (Summer male) (0.00%)"
IMG_7413.JPG,"37.52202520624462, -122.24971341534929",2025-09-12 15:56:03,1,0.9621828198432922,6.638,Red-necked Phalarope,Red-necked Phalarope,Wilson's Phalarope (Breeding),0.961,"Wilson's Phalarope (Breeding) (96.09%) | Wilson's Phalarope (Nonbreeding, juvenile) (3.91%) | Black-chinned Hummingbird (Female, immature) (0.00%) | Horned Grebe (Nonbreeding/juvenile) (0.00%) | Semipalmated Sandpiper (0.00%)"
IMG_7414.JPG,"37.52202520624462, -122.24971341534929",2025-09-12 15:56:08,1,0.8641577363014221,6.868,Red-necked Phalarope,Red-necked Phalarope,Wilson's Phalarope (Breeding),0.526,"Wilson's Phalarope (Breeding) (52.60%) | Wilson's Phalarope (Nonbreeding, juvenile) (47.37%) | Horned Grebe (Nonbreeding/juvenile) (0.03%) | Black-chinned Hummingbird (Female, immature) (0.00%) | American Wigeon (Female/Eclipse male) (0.00%)"
IMG_7415.JPG,"37.52202520624462, -122.24971341534929",2025-09-12 15:56:13,1,0.9989029169082642,7.501,Red-necked Phalarope,Red-necked Phalarope,"Wilson's Phalarope (Nonbreeding, juvenile)",0.991,"Wilson's Phalarope (Nonbreeding, juvenile) (99.15%) | Wilson's Phalarope (Breeding) (0.82%) | Bonaparte's Gull (0.03%) | Black-chinned Hummingbird (Female, immature) (0.00%) | Horned Grebe (Nonbreeding/juvenile) (0.00%)"
IMG_7416.JPG,"37.52202520624462, -122.24971341534929",2025-09-12 15:56:33,1,0.9981743097305298,5.773,Red-necked Phalarope,Red-necked Phalarope,Wilson's Phalarope (Breeding),0.799,"Wilson's Phalarope (Breeding) (79.91%) | Wilson's Phalarope (Nonbreeding, juvenile) (20.09%) | Horned Grebe (Nonbreeding/juvenile) (0.00%) | Bonaparte's Gull (0.00%) | Semipalmated Sandpiper (0.00%)"
IMG_7417.JPG,"37.52202520624462, -122.24971341534929",2025-09-12 15:56:36,1,0.9967749714851379,5.962,Red-necked Phalarope,Red-necked Phalarope,Wilson's Phalarope (Breeding),0.998,"Wilson's Phalarope (Breeding) (99.84%) | Wilson's Phalarope (Nonbreeding, juvenile) (0.16%) | Horned Grebe (Nonbreeding/juvenile) (0.00%) | Long-tailed Duck (Female/juvenile) (0.00%) | Pigeon Guillemot (Nonbreeding, juvenile) (0.00%)"
IMG_7418.JPG,"37.52202520624462, -122.24971341534929",2025-09-12 15:56:38,1,0.9989627599716187,6.615,Red-necked Phalarope,Red-necked Phalarope,Wilson's Phalarope (Breeding),1.0,"Wilson's Phalarope (Breeding) (100.00%) | Wilson's Phalarope (Nonbreeding, juvenile) (0.00%) | Semipalmated Sandpiper (0.00%) | Horned Grebe (Nonbreeding/juvenile) (0.00%) | Long-tailed Duck (Female/juvenile) (0.00%)"
IMG_7419.JPG,"37.52202520624462, -122.24971341534929",2025-09-12 15:56:40,1,0.9977166652679443,5.589,Red-necked Phalarope,Red-necked Phalarope,Wilson's Phalarope (Breeding),1.0,"Wilson's Phalarope (Breeding) (99.95%) | Wilson's Phalarope (Nonbreeding, juvenile) (0.05%) | Long-tailed Duck (Female/juvenile) (0.00%) | Horned Grebe (Nonbreeding/juvenile) (0.00%) | Semipalmated Sandpiper (0.00%)"
IMG_7420.JPG,"37.52202520624462, -122.24971341534929",2025-09-12 15:56:41,1,0.9980790615081787,5.782,Red-necked Phalarope,Red-necked Phalarope,Wilson's Phalarope (Breeding),1.0,"Wilson's Phalarope (Breeding) (99.97%) | Wilson's Phalarope (Nonbreeding, juvenile) (0.03%) | Pigeon Guillemot (Nonbreeding, juvenile) (0.00%) | Horned Grebe (Nonbreeding/juvenile) (0.00%) | Bonaparte's Gull (0.00%)"
IMG_7421.JPG,"37.52202520624462, -122.24971341534929",2025-09-12 15:56:44,1,0.9900532364845276,6.106,Red-necked Phalarope,Red-necked Phalarope,Wilson's Phalarope (Breeding),0.963,"Wilson's Phalarope (Breeding) (96.25%) | Wilson's Phalarope (Nonbreeding, juvenile) (3.75%) | Long-tailed Duck (Female/juvenile) (0.00%) | Horned Grebe (Nonbreeding/juvenile) (0.00%) | Long-tailed Duck (Summer male) (0.00%)"
IMG_7422.JPG,"37.52202520624462, -122.24971341534929",2025-09-12 15:56:47,1,0.997510552406311,5.332,Red-necked Phalarope,Red-necked Phalarope,Wilson's Phalarope (Breeding),0.999,"Wilson's Phalarope (Breeding) (99.94%) | Wilson's Phalarope (Nonbreeding, juvenile) (0.03%) | Long-tailed Duck (Female/juvenile) (0.02%) | Horned Grebe (Nonbreeding/juvenile) (0.01%) | Black-legged Kittiwake (Immature) (0.00%)"
IMG_7423.JPG,"37.52202520624462, -122.24971341534929",2025-09-12 15:56:51,1,0.9977967739105225,5.715,Red-necked Phalarope,Red-necked Phalarope,Wilson's Phalarope (Breeding),1.0,"Wilson's Phalarope (Breeding) (99.95%) | Wilson's Phalarope (Nonbreeding, juvenile) (0.05%) | Horned Grebe (Nonbreeding/juvenile) (0.00%) | Semipalmated Sandpiper (0.00%) | Long-tailed Duck (Female/juvenile) (0.00%)"
IMG_7424.JPG,"37.52202520624462, -122.24971341534929",2025-09-12 15:57:25,1,0.9983426332473755,7.465,Red-necked Phalarope,Red-necked Phalarope,Wilson's Phalarope (Breeding),0.982,"Wilson's Phalarope (Breeding) (98.20%) | Wilson's Phalarope (Nonbreeding, juvenile) (1.80%) | Horned Grebe (Nonbreeding/juvenile) (0.00%) | Long-tailed Duck (Female/juvenile) (0.00%) | Blue-winged Teal (Female/juvenile) (0.00%)"
IMG_7425.JPG,"37.52202520624462, -122.24971341534929",2025-09-12 15:57:30,1,0.9991670846939087,6.653,Red-necked Phalarope,Red-necked Phalarope,Wilson's Phalarope (Breeding),0.912,"Wilson's Phalarope (Breeding) (91.18%) | Wilson's Phalarope (Nonbreeding, juvenile) (8.82%) | Bonaparte's Gull (0.00%) | Pigeon Guillemot (Nonbreeding, juvenile) (0.00%) | American Avocet (0.00%)"
IMG_7426.JPG,"37.52202520624462, -122.24971341534929",2025-09-12 15:57:48,1,0.9987560510635376,5.898,Red-necked Phalarope,Red-necked Phalarope,Wilson's Phalarope (Breeding),0.988,"Wilson's Phalarope (Breeding) (98.84%) | Wilson's Phalarope (Nonbreeding, juvenile) (1.16%) | Horned Grebe (Nonbreeding/juvenile) (0.00%) | Long-tailed Duck (Female/juvenile) (0.00%) | Semipalmated Sandpiper (0.00%)"
IMG_7427.JPG,"37.52202520624462, -122.24971341534929",2025-09-12 15:57:50,1,0.9974950551986694,6.161,,,"Wilson's Phalarope (Nonbreeding, juvenile)",0.97,"Wilson's Phalarope (Nonbreeding, juvenile) (96.98%) | Horned Grebe (Nonbreeding/juvenile) (1.79%) | Bonaparte's Gull (0.87%) | Wilson's Phalarope (Breeding) (0.31%) | Pigeon Guillemot (Nonbreeding, juvenile) (0.02%)"
IMG_7428.JPG,"37.52202520624462, -122.24971341534929",2025-09-12 15:57:53,1,0.9983598589897156,5.518,Red-necked Phalarope,Red-necked Phalarope,Wilson's Phalarope (Breeding),0.998,"Wilson's Phalarope (Breeding) (99.81%) | Wilson's Phalarope (Nonbreeding, juvenile) (0.19%) | Horned Grebe (Nonbreeding/juvenile) (0.00%) | Semipalmated Sandpiper (0.00%) | Pigeon Guillemot (Nonbreeding, juvenile) (0.00%)"
IMG_7429.JPG,"37.52202520624462, -122.24971341534929",2025-09-12 15:57:54,1,0.9992408752441406,6.088,Red-necked Phalarope,Red-necked Phalarope,Wilson's Phalarope (Breeding),0.999,"Wilson's Phalarope (Breeding) (99.86%) | Wilson's Phalarope (Nonbreeding, juvenile) (0.14%) | Semipalmated Sandpiper (0.00%) | Horned Grebe (Nonbreeding/juvenile) (0.00%) | Pigeon Guillemot (Nonbreeding, juvenile) (0.00%)"
IMG_7430.JPG,"37.52202520624462, -122.24971341534929",2025-09-12 15:57:55,1,0.9994015693664551,5.751,Red-necked Phalarope,Red-necked Phalarope,Wilson's Phalarope (Breeding),0.995,"Wilson's Phalarope (Breeding) (99.48%) | Wilson's Phalarope (Nonbreeding, juvenile) (0.49%) | Semipalmated Sandpiper (0.03%) | Horned Grebe (Nonbreeding/juvenile) (0.00%) | Black-legged Kittiwake (Immature) (0.00%)"
IMG_7431.JPG,"37.52202520624462, -122.24971341534929",2025-09-12 15:57:57,1,0.9995046854019165,5.606,Red-necked Phalarope,Red-necked Phalarope,Wilson's Phalarope (Breeding),0.999,"Wilson's Phalarope (Breeding) (99.94%) | Wilson's Phalarope (Nonbreeding, juvenile) (0.06%) | Semipalmated Sandpiper (0.00%) | Horned Grebe (Nonbreeding/juvenile) (0.00%) | Black-legged Kittiwake (Immature) (0.00%)"
IMG_7432.JPG,"37.52202520624462, -122.24971341534929",2025-09-12 15:58:01,1,0.9993939399719238,5.973,Red-necked Phalarope,Red-necked Phalarope,Wilson's Phalarope (Breeding),0.978,"Wilson's Phalarope (Breeding) (97.79%) | Wilson's Phalarope (Nonbreeding, juvenile) (2.21%) | Horned Grebe (Nonbreeding/juvenile) (0.00%) | Long-tailed Duck (Female/juvenile) (0.00%) | Semipalmated Sandpiper (0.00%)"
IMG_7433.JPG,"37.531593, -122.073349",2025-11-15 11:26:52,2,0.999204695224762,4.748,,,,0,
IMG_7437.JPG,"37.531593, -122.073349",2025-11-15 11:27:01,3,0.9964030981063843,5.744,,,,0,
IMG_7439.JPG,"37.531593, -122.073349",2025-11-15 11:42:19,26,0.9181677103042603,7.017,,,,0,
IMG_7440.JPG,"37.531593, -122.073349",2025-11-15 11:42:20,24,0.9924216866493225,7.53,,,,0,
IMG_7441.JPG,"37.531593, -122.073349",2025-11-15 11:42:23,27,0.9875493049621582,7.266,,,,0,
IMG_7442.JPG,"37.531593, -122.073349",2025-11-15 11:44:31,2,0.9987725615501404,5.509,,,,0,
IMG_7443.JPG,"37.531593, -122.073349",2025-11-15 11:44:33,3,0.7134041786193848,7.682,,,,0,
IMG_7444.JPG,"37.531593, -122.073349",2025-11-15 11:44:37,3,0.89398592710495,6.288,,,,0,
IMG_7445.JPG,"37.531593, -122.073349",2025-11-15 11:44:56,5,0.9990596175193787,6.313,,,,0,
IMG_7446.JPG,"37.531593, -122.073349",2025-11-15 11:46:49,6,0.9814658164978027,9.58,,,,0,
IMG_7447.JPG,"37.531593, -122.073349",2025-11-15 11:46:50,3,0.9975835084915161,8.578,,,,0,
IMG_7449.JPG,"37.531593, -122.073349",2025-11-15 11:46:58,9,0.9947469830513,6.74,,,,0,
IMG_7450.JPG,"37.531593, -122.073349",2025-11-15 11:50:18,1,0.9993407130241394,5.912,Long-billed Curlew,Long-billed Curlew,Long-billed Curlew,1.0,Long-billed Curlew (100.00%) | Whimbrel (0.00%) | Short-billed Dowitcher (0.00%) | Marbled Godwit (0.00%) | Willet (0.00%)
IMG_7451.JPG,"37.531593, -122.073349",2025-11-15 11:50:19,1,0.9994710087776184,5.71,Long-billed Curlew,Long-billed Curlew,Long-billed Curlew,1.0,Long-billed Curlew (100.00%) | Whimbrel (0.00%) | Short-billed Dowitcher (0.00%) | Marbled Godwit (0.00%) | Willet (0.00%)
IMG_7452.JPG,"37.531593, -122.073349",2025-11-15 11:51:58,1,0.9991679191589355,7.206,Willet,Willet,Willet,1.0,Willet (100.00%) | Whimbrel (0.00%) | Marbled Godwit (0.00%) | Long-billed Curlew (0.00%) | California Gull (Immature) (0.00%)
IMG_7453.JPG,"37.531593, -122.073349",2025-11-15 11:52:04,1,0.9994149208068848,6.558,Long-billed Curlew,Long-billed Curlew,Long-billed Curlew,1.0,Long-billed Curlew (100.00%) | Marbled Godwit (0.00%) | Whimbrel (0.00%) | Short-billed Dowitcher (0.00%) | Gila Woodpecker (0.00%)
IMG_7454.JPG,"37.531593, -122.073349",2025-11-15 12:23:37,2,0.9895469546318054,9.026,,,,0,
IMG_7455.JPG,"37.531593, -122.073349",2025-11-15 12:23:46,8,0.9986879229545593,8.391,,,,0,
IMG_7456.JPG,"37.531593, -122.073349",2025-11-15 12:23:52,5,0.9324235320091248,9.22,,,,0,
IMG_7457.JPG,"37.531593, -122.073349",2025-11-15 12:24:01,5,0.9993523955345154,8.832,,,,0,
IMG_7458.JPG,"37.531593, -122.073349",2025-11-15 12:24:05,6,0.9925503730773926,8.781,,,,0,
IMG_7459.JPG,"37.531593, -122.073349",2025-11-15 12:25:26,4,0.7042966485023499,7.306,,,,0,
IMG_7460.JPG,"37.531593, -122.073349",2025-11-15 12:25:32,1,0.9954979419708252,7.423,,,Neotropic Cormorant,0.893,Neotropic Cormorant (89.27%) | Common Loon (Breeding) (2.98%) | Common Merganser (Breeding male) (2.21%) | Little Blue Heron (Adult) (1.56%) | Western Grebe (1.20%)
IMG_7461.JPG,"37.531593, -122.073349",2025-11-15 12:28:06,2,0.9985727071762085,5.953,,,,0,
IMG_7462.JPG,No GPS Data,2025-11-15 12:28:10,0,0,0.0,,,,0,
IMG_7463.JPG,"37.531593, -122.073349",2025-11-15 12:28:24,3,0.7568726539611816,7.511,,,,0,
IMG_7464.JPG,"37.531593, -122.073349",2025-11-15 12:28:29,2,0.9990912675857544,6.218,,,,0,
IMG_7465.JPG,"37.531593, -122.073349",2025-11-15 12:28:36,2,0.9988866448402405,5.824,,,,0,
IMG_7466.JPG,"37.531593, -122.073349",2025-11-15 12:28:38,2,0.9990935325622559,5.553,,,,0,
IMG_7467.JPG,"37.531593, -122.073349",2025-11-15 12:28:46,2,0.9991169571876526,5.38,,,,0,
IMG_7468.JPG,"37.531593, -122.073349",2025-11-15 12:28:47,2,0.9978838562965393,5.316,,,,0,
IMG_7469.JPG,"37.531593, -122.073349",2025-11-15 12:28:53,2,0.9711495041847229,5.653,,,,0,
IMG_7562.JPG,"36.6256743, -121.9162267",2025-11-26 15:37:50,1,0.9992879033088684,7.829,,Manual: Western Gull,Western Gull (Adult),0.841,Western Gull (Adult) (84.07%) | Great Black-backed Gull (Adult) (12.89%) | California Gull (Adult) (3.01%) | Western Gull (Immature) (0.02%) | Herring Gull (Adult) (0.00%)
IMG_7564.JPG,"36.6256743, -121.9162267",2025-11-26 15:39:46,2,0.9972938895225525,7.843,,,,0,
IMG_7567.JPG,"36.6256743, -121.9162267",2025-11-26 15:45:32,2,0.9978127479553223,9.425,,,,0,
IMG_7568.JPG,"36.6256743, -121.9162267",2025-11-26 15:45:34,2,0.9987751841545105,8.995,,,,0,
IMG_7569.JPG,"36.6256743, -121.9162267",2025-11-26 15:48:07,5,0.9978558421134949,6.365,,,,0,
IMG_7570.JPG,"36.6256743, -121.9162267",2025-11-26 15:49:41,1,0.9992280006408691,6.408,,,Great Egret,0.974,"Great Egret (97.43%) | Cattle Egret (2.14%) | Snowy Egret (0.43%) | Black-legged Kittiwake (Adult) (0.00%) | Broad-tailed Hummingbird (Female, immature) (0.00%)"
IMG_7571.JPG,"36.6256743, -121.9162267",2025-11-26 15:49:42,1,0.9990361928939819,6.646,,,Great Egret,0.53,Great Egret (53.02%) | Snowy Egret (23.17%) | Black-legged Kittiwake (Adult) (12.99%) | Reddish Egret (White morph) (10.76%) | Tundra Swan (0.02%)
IMG_7572.JPG,"36.6256743, -121.9162267",2025-11-26 15:49:49,1,0.9988337159156799,6.108,Great Egret,Great Egret,Great Egret,0.999,Great Egret (99.89%) | Cattle Egret (0.11%) | Snowy Egret (0.00%) | Tundra Swan (0.00%) | Summer Tanager (Adult Male) (0.00%)
IMG_7573.JPG,"36.6256743, -121.9162267",2025-11-26 15:49:51,1,0.9990079998970032,5.895,,,Great Egret,0.756,Great Egret (75.57%) | Snowy Egret (19.23%) | Cattle Egret (5.21%) | Reddish Egret (White morph) (0.00%) | Tundra Swan (0.00%)
IMG_7574.JPG,"36.6256743, -121.9162267",2025-11-26 15:51:05,3,0.9973798394203186,7.664,,,,0,
IMG_7575.JPG,"36.6256743, -121.9162267",2025-11-26 15:51:09,2,0.9723758697509766,6.853,,,,0,
IMG_7576.JPG,"36.6256743, -121.9162267",2025-11-26 15:51:11,2,0.9685071110725403,6.246,,,,0,
IMG_7577.JPG,"36.6256743, -121.9162267",2025-11-26 15:51:39,2,0.9685810208320618,5.607,,,,0,
IMG_7578.JPG,No GPS Data,2025-11-26 15:51:41,0,0,0.0,,,,0,
IMG_7579.JPG,"36.6256743, -121.9162267",2025-11-26 15:52:31,1,0.9965073466300964,8.924,,,Glaucous-winged Gull (Immature),0.906,"Glaucous-winged Gull (Immature) (90.58%) | Pigeon Guillemot (Nonbreeding, juvenile) (6.81%) | Herring Gull (Immature) (2.09%) | California Gull (Immature) (0.10%) | Black-chinned Hummingbird (Female, immature) (0.08%)"
IMG_7580.JPG,"36.6256743, -121.9162267",2025-11-26 15:53:23,1,0.9992733597755432,4.777,Red-winged Blackbird (Female/juvenile),Red-winged Blackbird (Female/juvenile),Red-winged Blackbird (Female/juvenile),1.0,Red-winged Blackbird (Female/juvenile) (100.00%) | White-winged Crossbill (Female/juvenile) (0.00%) | Brewer's Blackbird (Female/Juvenile) (0.00%) | Winter Wren (0.00%) | Yellow-headed Blackbird (Female/Immature Male) (0.00%)
IMG_7582.JPG,"36.6256743, -121.9162267",2025-11-26 15:53:31,1,0.9977412223815918,5.062,,,Brewer's Blackbird (Female/Juvenile),0.904,Brewer's Blackbird (Female/Juvenile) (90.41%) | Red-winged Blackbird (Female/juvenile) (7.71%) | California Towhee (1.62%) | Bronzed Cowbird (0.05%) | Yellow-headed Blackbird (Female/Immature Male) (0.04%)
IMG_7583.JPG,"36.6256743, -121.9162267",2025-11-26 15:56:32,1,0.9994571805000305,6.756,Gull,Manual: Western Gull,Western Gull (Adult),0.981,Western Gull (Adult) (98.07%) | Great Black-backed Gull (Adult) (1.93%) | Herring Gull (Adult) (0.00%) | Heermann's Gull (Adult) (0.00%) | Rough-legged Hawk (Dark morph) (0.00%)
IMG_7584.JPG,"36.6256743, -121.9162267",2025-11-26 15:56:38,1,0.9994761347770691,6.757,Gull,Manual: Western Gull,Western Gull (Adult),0.836,Western Gull (Adult) (83.63%) | Great Black-backed Gull (Adult) (16.37%) | Herring Gull (Adult) (0.00%) | Blue-headed Vireo (0.00%) | Heermann's Gull (Adult) (0.00%)
IMG_7586.JPG,"36.6256743, -121.9162267",2025-11-26 16:02:15,2,0.9979472756385803,7.941,,,,0,
IMG_7587.JPG,"36.6256743, -121.9162267",2025-11-26 16:05:43,1,0.9976286292076111,5.608,Brandt's Cormorant,Brandt's Cormorant,Brandt's Cormorant,1.0,Brandt's Cormorant (100.00%) | Great Cormorant (Adult) (0.00%) | Pelagic Cormorant (0.00%) | Neotropic Cormorant (0.00%) | Black Guillemot (Breeding) (0.00%)
IMG_7589.JPG,No GPS Data,2025-11-26 16:09:42,0,0,0.0,,,,0,
IMG_7592.JPG,No GPS Data,2025-11-26 16:09:47,0,0,0.0,,,,0,
IMG_7593.JPG,"36.6256743, -121.9162267",2025-11-26 16:15:40,4,0.9923405647277832,8.557,,,,0,
IMG_7597.JPG,"36.4853489, -121.175766",2025-11-28 12:07:09,1,0.9988981485366821,7.253,Say's Phoebe,Say's Phoebe,Say's Phoebe,1.0,Say's Phoebe (100.00%) | Western Wood-Pewee (0.00%) | Cassin's Kingbird (0.00%) | Townsend's Solitaire (0.00%) | Orchard Oriole (Immature Male) (0.00%)
IMG_7598.JPG,"36.4853489, -121.175766",2025-11-28 12:07:13,1,0.9988195300102234,9.608,Say's Phoebe,Say's Phoebe,Say's Phoebe,1.0,Say's Phoebe (100.00%) | Cassin's Kingbird (0.00%) | Eastern Phoebe (0.00%) | Northern Rough-winged Swallow (0.00%) | Western Bluebird (0.00%)
IMG_7599.JPG,"36.4853489, -121.175766",2025-11-28 12:23:44,1,0.9599714875221252,6.714,,,Red-tailed Hawk (Light morph adult),0.744,"Red-tailed Hawk (Light morph adult) (74.37%) | Red-tailed Hawk (Dark morph) (10.64%) | Northern Harrier (Female, immature) (3.88%) | Common Nighthawk (2.77%) | Cordilleran Flycatcher (1.99%)"
IMG_7600.JPG,"36.4853489, -121.175766",2025-11-28 12:23:46,1,0.9991118311882019,6.955,Red-tailed Hawk (Light morph adult),Red-tailed Hawk (Light morph adult),Red-tailed Hawk (Light morph adult),1.0,Red-tailed Hawk (Light morph adult) (100.00%) | Golden Eagle (Adult) (0.00%) | Red-tailed Hawk (Dark morph) (0.00%) | Swainson's Hawk (Dark morph ) (0.00%) | Pigeon Guillemot (Breeding) (0.00%)
IMG_7601.JPG,"36.4853489, -121.175766",2025-11-28 12:23:49,1,0.999265730381012,6.632,Red-tailed Hawk,Red-tailed Hawk,Red-tailed Hawk (Dark morph),0.996,Red-tailed Hawk (Dark morph) (99.56%) | Red-tailed Hawk (Light morph adult) (0.44%) | Cooper's Hawk (Adult) (0.00%) | Red-tailed Hawk (Light morph immature) (0.00%) | Great-tailed Grackle (0.00%)
IMG_7604.JPG,"36.4853489, -121.175766",2025-11-28 12:26:19,1,0.999380350112915,5.883,Red-tailed Hawk (Light morph adult),Red-tailed Hawk (Light morph adult),Red-tailed Hawk (Light morph adult),1.0,"Red-tailed Hawk (Light morph adult) (99.99%) | Golden Eagle (Adult) (0.01%) | Turkey Vulture (0.00%) | Red-tailed Hawk (Dark morph) (0.00%) | Allen's Hummingbird (Female, immature) (0.00%)"
IMG_7606.JPG,"36.4853489, -121.175766",2025-11-28 12:33:19,1,0.9993674159049988,4.911,Golden-crowned Sparrow (Immature),Golden-crowned Sparrow (Immature),Golden-crowned Sparrow (Immature),1.0,Golden-crowned Sparrow (Immature) (100.00%) | White-crowned Sparrow (Immature) (0.00%) | Least Sandpiper (0.00%) | Western Meadowlark (0.00%) | Glaucous-winged Gull (Adult) (0.00%)
IMG_7607.JPG,"36.4853489, -121.175766",2025-11-28 13:02:47,2,0.9154872894287109,6.024,,,,0,
IMG_7608.JPG,"36.4853489, -121.175766",2025-11-28 13:07:27,1,0.9992403984069824,5.593,,,Golden-crowned Sparrow (Immature),0.929,Golden-crowned Sparrow (Immature) (92.92%) | Least Sandpiper (5.22%) | Harris's Sparrow (Adult) (0.44%) | Nuttall's Woodpecker (0.35%) | Mallard (Female/Eclipse male) (0.28%)
IMG_7610.JPG,"36.4853489, -121.175766",2025-11-28 13:07:31,1,0.9994120597839355,5.968,,,Golden-crowned Sparrow (Immature),0.958,Golden-crowned Sparrow (Immature) (95.79%) | Spotted Towhee (2.74%) | Hooded Oriole (Female/Immature male) (1.40%) | Chestnut-backed Chickadee (0.06%) | Nuttall's Woodpecker (0.01%)
IMG_7611.JPG,"36.4853489, -121.175766",2025-11-28 13:12:19,1,0.9991768002510071,6.654,Turkey Vulture,Turkey Vulture,Turkey Vulture,1.0,Turkey Vulture (100.00%) | Common Raven (0.00%) | Golden Eagle (Adult) (0.00%) | Chihuahuan Raven (0.00%) | Golden Eagle (Immature) (0.00%)
IMG_7612.JPG,"36.4853489, -121.175766",2025-11-28 13:12:22,1,0.9996916055679321,5.694,Turkey Vulture,Turkey Vulture,Turkey Vulture,1.0,Turkey Vulture (100.00%) | Common Raven (0.00%) | Black Vulture (0.00%) | Great Cormorant (Adult) (0.00%) | Golden Eagle (Adult) (0.00%)
IMG_7613.JPG,"36.4853489, -121.175766",2025-11-28 13:12:31,1,0.9992708563804626,7.427,Turkey Vulture,Turkey Vulture,Turkey Vulture,1.0,Turkey Vulture (100.00%) | Common Raven (0.00%) | Golden Eagle (Adult) (0.00%) | Chihuahuan Raven (0.00%) | Rough-legged Hawk (Dark morph) (0.00%)
IMG_7614.JPG,"36.4853489, -121.175766",2025-11-28 14:02:00,1,0.9989204406738281,7.682,California Condor,California Condor,"Bald Eagle (Immature, juvenile)",0.999,"Bald Eagle (Immature, juvenile) (99.86%) | Golden Eagle (Immature) (0.07%) | Wood Stork (0.05%) | Chihuahuan Raven (0.01%) | Osprey (0.00%)"
IMG_7616.JPG,"36.4853489, -121.175766",2025-11-28 14:02:05,1,0.9990137815475464,7.01,California Condor,California Condor,"Bald Eagle (Immature, juvenile)",0.997,"Bald Eagle (Immature, juvenile) (99.70%) | Black Vulture (0.30%) | Common Raven (0.00%) | Great Cormorant (Adult) (0.00%) | American Crow (0.00%)"
IMG_7617.JPG,"36.4853489, -121.175766",2025-11-28 14:02:08,1,0.9995018243789673,6.739,California Condor,California Condor,"Bald Eagle (Immature, juvenile)",1.0,"Bald Eagle (Immature, juvenile) (100.00%) | Black Vulture (0.00%) | Golden Eagle (Immature) (0.00%) | Osprey (0.00%) | Common Raven (0.00%)"
IMG_7618.JPG,"36.4853489, -121.175766",2025-11-28 14:02:10,1,0.9994383454322815,7.694,California Condor,California Condor,"Bald Eagle (Immature, juvenile)",1.0,"Bald Eagle (Immature, juvenile) (100.00%) | Black Vulture (0.00%) | Golden Eagle (Immature) (0.00%) | Common Raven (0.00%) | Osprey (0.00%)"
IMG_7622.JPG,"36.4853489, -121.175766",2025-11-28 15:41:52,2,0.9556438326835632,4.573,,,,0,
IMG_7623.JPG,No GPS Data,2025-11-28 15:41:56,0,0,0.0,,,,0,
IMG_7624.JPG,"36.4853489, -121.175766",2025-11-28 16:48:41,4,0.9965035915374756,6.069,,,,0,
IMG_7625.JPG,"36.4853489, -121.175766",2025-11-28 16:48:48,2,0.983325719833374,5.47,,,,0,
IMG_7627.JPG,"37.52152943935485, -122.24964393940188",2025-12-13 14:49:32,1,0.9993880987167358,5.577,Say's Phoebe,Say's Phoebe,Say's Phoebe,1.0,"Say's Phoebe (100.00%) | Western Wood-Pewee (0.00%) | Cassin's Kingbird (0.00%) | Vermilion Flycatcher (Female, immature) (0.00%) | Hermit Thrush (0.00%)"
IMG_7628.JPG,"37.52152943935485, -122.24964393940188",2025-12-13 14:49:35,1,0.9992846846580505,6.849,Say's Phoebe,Say's Phoebe,Say's Phoebe,1.0,Say's Phoebe (100.00%) | Western Wood-Pewee (0.00%) | Chihuahuan Raven (0.00%) | Gambel's Quail (Female/juvenile) (0.00%) | Northern Flicker (Red-shafted) (0.00%)
IMG_7629.JPG,"37.52152943935485, -122.24964393940188",2025-12-13 14:49:41,1,0.9993003606796265,6.948,Say's Phoebe,Say's Phoebe,Say's Phoebe,1.0,"Say's Phoebe (100.00%) | Western Wood-Pewee (0.00%) | Cassin's Kingbird (0.00%) | Vermilion Flycatcher (Female, immature) (0.00%) | Eastern Phoebe (0.00%)"
IMG_7630.JPG,"37.52152943935485, -122.24964393940188",2025-12-13 14:54:28,3,0.9987717270851135,6.756,,,,0,
IMG_7631.JPG,"37.52152943935485, -122.24964393940188",2025-12-13 14:55:41,6,0.99813312292099,6.246,,,,0,
IMG_7632.JPG,"37.52152943935485, -122.24964393940188",2025-12-13 14:55:41,5,0.9955205917358398,6.434,,,,0,
IMG_7633.JPG,"37.52152943935485, -122.24964393940188",2025-12-13 14:55:57,6,0.9973613619804382,6.196,,,,0,
IMG_7635.JPG,"37.52152943935485, -122.24964393940188",2025-12-13 14:58:50,14,0.9697906970977783,5.903,,,,0,
IMG_7636.JPG,"37.52152943935485, -122.24964393940188",2025-12-13 14:59:33,2,0.9978360533714294,6.172,,,,0,
IMG_7637.JPG,"37.52152943935485, -122.24964393940188",2025-12-13 15:00:04,18,0.9941979646682739,7.218,,,,0,
IMG_7638.JPG,"37.52152943935485, -122.24964393940188",2025-12-13 15:00:09,25,0.9450780153274536,6.03,,,,0,
IMG_7639.JPG,"37.52152943935485, -122.24964393940188",2025-12-13 15:00:15,24,0.9912121891975403,6.558,,,,0,
IMG_7640.JPG,"37.52152943935485, -122.24964393940188",2025-12-13 15:02:26,25,0.9342458844184875,7.489,,,,0,
IMG_7642.JPG,"37.52152943935485, -122.24964393940188",2025-12-13 16:23:21,4,0.9910839796066284,5.607,,,,0,
IMG_7643.JPG,"37.52152943935485, -122.24964393940188",2025-12-13 16:23:37,14,0.992099940776825,6.548,,,,0,
IMG_7644.JPG,"37.52152943935485, -122.24964393940188",2025-12-13 16:23:45,2,0.99138343334198,7.224,,,,0,
IMG_7646.JPG,"37.52152943935485, -122.24964393940188",2025-12-13 16:25:35,23,0.8933743238449097,6.804,,,,0,
IMG_7647.JPG,"37.52152943935485, -122.24964393940188",2025-12-13 16:25:36,12,0.9958997368812561,6.111,,,,0,
IMG_7648.JPG,"37.52152943935485, -122.24964393940188",2025-12-13 16:25:37,8,0.998292863368988,6.443,,,,0,
IMG_7649.JPG,"37.52152943935485, -122.24964393940188",2025-12-13 16:25:38,10,0.927791953086853,6.325,,,,0,
IMG_7650.JPG,"37.52152943935485, -122.24964393940188",2025-12-13 16:26:01,12,0.9685797691345215,6.85,,,,0,
IMG_7652.JPG,"37.52152943935485, -122.24964393940188",2025-12-13 16:26:18,3,0.9870314002037048,5.992,,,,0,
IMG_7653.JPG,"37.52152943935485, -122.24964393940188",2025-12-13 16:26:19,13,0.9893258810043335,7.541,,,,0,
IMG_7655.JPG,"37.52152943935485, -122.24964393940188",2025-12-13 16:29:00,10,0.9979801774024963,6.551,,,,0,
IMG_7656.JPG,"37.52152943935485, -122.24964393940188",2025-12-13 16:29:01,4,0.998256266117096,5.843,,,,0,
IMG_7658.JPG,"37.52152943935485, -122.24964393940188",2025-12-13 16:29:28,17,0.9918127059936523,6.995,,,,0,
IMG_7659.JPG,"37.52152943935485, -122.24964393940188",2025-12-13 16:32:08,3,0.9938157796859741,4.719,,,,0,
IMG_7660.JPG,"37.52152943935485, -122.24964393940188",2025-12-13 16:32:13,4,0.9983164072036743,6.447,,,,0,
IMG_7661.JPG,"37.52152943935485, -122.24964393940188",2025-12-13 16:32:16,5,0.7064140439033508,6.181,,,,0,
IMG_7662.JPG,"37.52152943935485, -122.24964393940188",2025-12-13 16:32:49,4,0.9989436268806458,6.125,,,,0,
IMG_7663.JPG,"37.52152943935485, -122.24964393940188",2025-12-13 16:32:53,4,0.9991635084152222,5.863,,,,0,
IMG_7664.JPG,"37.52152943935485, -122.24964393940188",2025-12-13 16:34:12,13,0.7329609990119934,6.44,,,,0,
IMG_7665.JPG,"37.52152943935485, -122.24964393940188",2025-12-13 16:34:37,1,0.9988821148872375,6.494,Surf Scoter (Female/immature),Surf Scoter (Female/immature),Surf Scoter (Female/immature),0.998,Surf Scoter (Female/immature) (99.83%) | Greater Scaup (Female/Eclipse male) (0.12%) | Lesser Scaup (Female/Eclipse male) (0.04%) | Ruddy Duck (Breeding male) (0.01%) | Harlequin Duck (Female/juvenile) (0.00%)
IMG_7666.JPG,"37.52152943935485, -122.24964393940188",2025-12-13 16:36:43,4,0.9959508180618286,6.567,,,,0,
IMG_7667.JPG,"37.52152943935485, -122.24964393940188",2025-12-13 16:36:53,4,0.9979502558708191,6.852,,,,0,
IMG_7669.JPG,"37.487643421383474, -122.14271632194668",2026-01-10 11:12:37,1,0.9994593262672424,6.297,Least Sandpiper,Least Sandpiper,Least Sandpiper,0.991,Least Sandpiper (99.09%) | Surfbird (0.79%) | Semipalmated Sandpiper (0.11%) | Short-billed Dowitcher (0.01%) | Lesser Yellowlegs (0.00%)
IMG_7670.JPG,"37.487643421383474, -122.14271632194668",2026-01-10 11:12:46,2,0.9990106821060181,6.632,,,,0,
IMG_7671.JPG,"37.487643421383474, -122.14271632194668",2026-01-10 11:13:18,2,0.9988294243812561,6.798,,,,0,
IMG_7672.JPG,"37.487643421383474, -122.14271632194668",2026-01-10 11:13:52,3,0.9986308217048645,6.661,,,,0,
IMG_7673.JPG,"37.487643421383474, -122.14271632194668",2026-01-10 11:19:15,2,0.9971973896026611,6.618,,,,0,
IMG_7674.JPG,"37.487643421383474, -122.14271632194668",2026-01-10 11:31:05,1,0.9989690780639648,4.582,Green Heron or Young Black-crowned Night-Heron,Manual: Green Heron,Green Heron,1.0,Green Heron (100.00%) | Tricolored Heron (0.00%) | Black-crowned Night-Heron (Immature) (0.00%) | Cassin's Kingbird (0.00%) | White-throated Sparrow (White-striped) (0.00%)
IMG_7675.JPG,"37.487643421383474, -122.14271632194668",2026-01-10 11:31:08,1,0.9991167187690735,5.193,Green Heron or Young Black-crowned Night-Heron,Manual: Green Heron,Green Heron,1.0,Green Heron (100.00%) | Tricolored Heron (0.00%) | Great Blue Heron (0.00%) | Black-crowned Night-Heron (Adult) (0.00%) | Cassin's Kingbird (0.00%)
IMG_7678.JPG,"37.487643421383474, -122.14271632194668",2026-01-10 11:31:46,1,0.9996090531349182,5.673,Double-crested Cormorant (Immature),Double-crested Cormorant (Immature),Double-crested Cormorant (Immature),1.0,"Double-crested Cormorant (Immature) (100.00%) | American Black Duck (0.00%) | Double-crested Cormorant (Adult) (0.00%) | Northern Pintail (Breeding male) (0.00%) | Bald Eagle (Immature, juvenile) (0.00%)"
IMG_7679.JPG,"37.487643421383474, -122.14271632194668",2026-01-10 11:34:34,1,0.99907386302948,6.101,,,Green Heron,0.632,Green Heron (63.23%) | Black-crowned Night-Heron (Immature) (36.77%) | Great Blue Heron (0.00%) | Yellow-crowned Night-Heron (Immature) (0.00%) | Reddish Egret (Dark morph) (0.00%)
IMG_7680.JPG,"37.487643421383474, -122.14271632194668",2026-01-10 11:34:57,1,0.9992700219154358,5.976,Green Heron or Young Black-crowned Night-Heron,Manual: Black-crowned Night Heron,Green Heron,1.0,Green Heron (100.00%) | Black-crowned Night-Heron (Immature) (0.00%) | Great Blue Heron (0.00%) | Yellow-crowned Night-Heron (Immature) (0.00%) | Eastern Bluebird (0.00%)
IMG_7681.JPG,"37.487643421383474, -122.14271632194668",2026-01-10 11:35:03,1,0.9986870884895325,5.944,Green Heron or Young Black-crowned Night-Heron,Manual: Black-crowned Night Heron,Green Heron,1.0,Green Heron (100.00%) | Black-crowned Night-Heron (Immature) (0.00%) | Great Blue Heron (0.00%) | Yellow-crowned Night-Heron (Immature) (0.00%) | Black-crowned Night-Heron (Adult) (0.00%)
IMG_7682.JPG,"37.487643421383474, -122.14271632194668",2026-01-10 11:35:28,1,0.9991452693939209,6.137,Green Heron or Young Black-crowned Night-Heron,Manual: Black-crowned Night Heron,Green Heron,1.0,Green Heron (100.00%) | Black-crowned Night-Heron (Immature) (0.00%) | Great Blue Heron (0.00%) | Tricolored Heron (0.00%) | Black-crowned Night-Heron (Adult) (0.00%)
IMG_7684.JPG,"37.487643421383474, -122.14271632194668",2026-01-10 11:42:25,1,0.9992228746414185,4.146,Green-winged Teal (Male),Green-winged Teal (Male),Green-winged Teal (Male),1.0,Green-winged Teal (Male) (100.00%) | Northern Pintail (Breeding male) (0.00%) | Gadwall (Breeding male) (0.00%) | American Wigeon (Breeding male) (0.00%) | Cinnamon Teal (Male) (0.00%)
IMG_7685.JPG,"37.487643421383474, -122.14271632194668",2026-01-10 11:42:29,1,0.9991719722747803,3.633,Green-winged Teal (Male),Green-winged Teal (Male),Green-winged Teal (Male),1.0,Green-winged Teal (Male) (100.00%) | Gadwall (Breeding male) (0.00%) | Northern Pintail (Breeding male) (0.00%) | Cinnamon Teal (Male) (0.00%) | American Wigeon (Breeding male) (0.00%)
IMG_7686.JPG,"37.487643421383474, -122.14271632194668",2026-01-10 11:42:54,1,0.9977962970733643,5.574,,,Greater Yellowlegs,0.871,"Greater Yellowlegs (87.10%) | Lesser Yellowlegs (9.43%) | Willet (3.40%) | Wilson's Phalarope (Nonbreeding, juvenile) (0.07%) | Spotted Sandpiper (Nonbreeding/juvenile) (0.00%)"
IMG_7687.JPG,"37.487643421383474, -122.14271632194668",2026-01-10 11:42:56,2,0.790513813495636,5.458,,,,0,
IMG_7688.JPG,"37.487643421383474, -122.14271632194668",2026-01-10 11:42:58,1,0.9991458654403687,5.32,Greater Yellowlegs,Greater Yellowlegs,Lesser Yellowlegs,0.747,"Lesser Yellowlegs (74.69%) | Greater Yellowlegs (25.26%) | Spotted Sandpiper (Nonbreeding/juvenile) (0.04%) | Willet (0.01%) | Wilson's Phalarope (Nonbreeding, juvenile) (0.00%)"
IMG_7689.JPG,"37.487643421383474, -122.14271632194668",2026-01-10 11:43:44,1,0.9606983065605164,5.289,Greater Yellowlegs,Greater Yellowlegs,Lesser Yellowlegs,0.888,"Lesser Yellowlegs (88.77%) | Greater Yellowlegs (10.97%) | Willet (0.26%) | Solitary Sandpiper (0.00%) | Black-chinned Hummingbird (Female, immature) (0.00%)"
IMG_7690.JPG,"37.487643421383474, -122.14271632194668",2026-01-10 11:43:46,2,0.9772107601165771,5.419,,,,0,
IMG_7691.JPG,"37.487643421383474, -122.14271632194668",2026-01-10 11:43:48,2,0.9948015213012695,5.414,,,,0,
IMG_7692.JPG,"37.487643421383474, -122.14271632194668",2026-01-10 11:43:49,1,0.9977923631668091,5.395,Greater Yellowlegs,Greater Yellowlegs,Lesser Yellowlegs,0.968,"Lesser Yellowlegs (96.82%) | Greater Yellowlegs (2.59%) | Willet (0.59%) | Black-chinned Hummingbird (Female, immature) (0.00%) | Brewer's Sparrow (0.00%)"
IMG_7693.JPG,"37.487643421383474, -122.14271632194668",2026-01-10 11:50:39,2,0.9947697520256042,7.123,,,,0,
IMG_7694.JPG,"37.487643421383474, -122.14271632194668",2026-01-10 11:50:40,2,0.9799773693084717,7.957,,,,0,
IMG_7695.JPG,"37.487643421383474, -122.14271632194668",2026-01-10 11:50:42,2,0.9833871722221375,7.911,,,,0,
IMG_7696.JPG,"37.487643421383474, -122.14271632194668",2026-01-10 11:50:43,1,0.9966464638710022,7.311,,,Black-necked Stilt,0.738,"Black-necked Stilt (73.81%) | American Avocet (26.19%) | Wilson's Phalarope (Breeding) (0.00%) | Western Grebe (0.00%) | Wilson's Phalarope (Nonbreeding, juvenile) (0.00%)"
IMG_7697.JPG,"37.487643421383474, -122.14271632194668",2026-01-10 11:50:44,2,0.9992062449455261,8.543,,,,0,
IMG_7698.JPG,"37.487643421383474, -122.14271632194668",2026-01-10 11:56:01,1,0.9993290901184082,5.814,Say's Phoebe,Say's Phoebe,Say's Phoebe,1.0,"Say's Phoebe (100.00%) | Townsend's Solitaire (0.00%) | Western Wood-Pewee (0.00%) | Vermilion Flycatcher (Female, immature) (0.00%) | Northern Harrier (Female, immature) (0.00%)"
IMG_7699.JPG,"37.487643421383474, -122.14271632194668",2026-01-10 11:56:03,1,0.9994282126426697,6.086,Say's Phoebe,Say's Phoebe,Say's Phoebe,1.0,"Say's Phoebe (100.00%) | Vermilion Flycatcher (Female, immature) (0.00%) | Eastern Phoebe (0.00%) | Western Wood-Pewee (0.00%) | Gray Jay (0.00%)"
IMG_7700.JPG,"37.487643421383474, -122.14271632194668",2026-01-10 11:59:07,2,0.9989299178123474,6.41,,,,0,
IMG_7701.JPG,"37.487643421383474, -122.14271632194668",2026-01-10 11:59:26,3,0.9984632730484009,6.236,,,,0,
IMG_7702.JPG,"37.487643421383474, -122.14271632194668",2026-01-10 12:03:48,2,0.9713630676269531,6.289,,,,0,
IMG_7704.JPG,"37.487643421383474, -122.14271632194668",2026-01-10 12:08:08,1,0.9985182881355286,5.648,House Finch,House Finch,House Finch (Adult Male),1.0,House Finch (Adult Male) (100.00%) | House Finch (Female/immature) (0.00%) | Common Redpoll (0.00%) | Blue Grosbeak (Female/juvenile) (0.00%) | Cassin's Finch (Adult Male) (0.00%)
IMG_7707.JPG,"37.487643421383474, -122.14271632194668",2026-01-10 12:15:58,2,0.9983286261558533,6.235,,,,0,
IMG_7708.JPG,"37.487643421383474, -122.14271632194668",2026-01-10 12:20:14,1,0.9989354014396667,6.304,Say's Phoebe,Say's Phoebe,Say's Phoebe,1.0,"Say's Phoebe (100.00%) | Vermilion Flycatcher (Female, immature) (0.00%) | Cassin's Kingbird (0.00%) | Eastern Phoebe (0.00%) | Western Wood-Pewee (0.00%)"
IMG_7711.JPG,"37.487643421383474, -122.14271632194668",2026-01-10 12:20:58,1,0.9984270334243774,6.464,Yellow-rumped Warbler,Yellow-rumped Warbler,Yellow-rumped Warbler (Winter/juvenile Audubon's),0.999,Yellow-rumped Warbler (Winter/juvenile Audubon's) (99.89%) | Yellow-rumped Warbler (Winter/juvenile Myrtle) (0.10%) | Yellow-rumped Warbler (Breeding Audubon's) (0.00%) | Cape May Warbler (0.00%) | Dunlin (Nonbreeding/juvenile) (0.00%)
IMG_7714.JPG,"37.487643421383474, -122.14271632194668",2026-01-10 12:28:39,2,0.9785474538803101,6.607,,,,0,
IMG_7719.JPG,"37.487643421383474, -122.14271632194668",2026-01-19 11:41:13,1,0.9994755387306213,6.588,Say's Phoebe,Say's Phoebe,Say's Phoebe,1.0,Say's Phoebe (99.99%) | Cassin's Kingbird (0.00%) | Western Wood-Pewee (0.00%) | Eastern Phoebe (0.00%) | Black Phoebe (0.00%)
IMG_7722.JPG,"37.487643421383474, -122.14271632194668",2026-01-19 11:43:44,1,0.9990723133087158,6.988,White-tailed Kite,White-tailed Kite,White-tailed Kite,0.999,White-tailed Kite (99.92%) | Swallow-tailed Kite (0.03%) | Rough-legged Hawk (Light morph) (0.02%) | Mississippi Kite (0.02%) | Northern Harrier (Adult male) (0.00%)
IMG_7723.JPG,"37.487643421383474, -122.14271632194668",2026-01-19 11:44:32,1,0.9982159733772278,7.134,,,Ring-billed Gull (Immature),0.514,Ring-billed Gull (Immature) (51.38%) | Ring-billed Gull (Adult) (32.91%) | Little Blue Heron (Immature) (9.25%) | Mississippi Kite (1.97%) | Rough-legged Hawk (Light morph) (1.16%)
IMG_7724.JPG,"37.487643421383474, -122.14271632194668",2026-01-19 11:44:34,1,0.9922582507133484,7.06,,,Snowy Owl,0.659,Snowy Owl (65.92%) | Mississippi Kite (28.93%) | Black Tern (3.05%) | Great Cormorant (Adult) (0.50%) | White-throated Swift (0.34%)
IMG_7726.JPG,"37.487643421383474, -122.14271632194668",2026-01-19 11:45:12,1,0.9994105100631714,6.547,White-tailed Kite,White-tailed Kite,White-tailed Kite,1.0,"White-tailed Kite (100.00%) | Bald Eagle (Adult, subadult) (0.00%) | Fish Crow (0.00%) | Prairie Falcon (0.00%) | Laughing Gull (Breeding) (0.00%)"
IMG_7727.JPG,"37.487643421383474, -122.14271632194668",2026-01-19 11:45:13,1,0.9993646740913391,5.927,White-tailed Kite,White-tailed Kite,White-tailed Kite,1.0,White-tailed Kite (100.00%) | Great Black-backed Gull (Adult) (0.00%) | Rough-legged Hawk (Light morph) (0.00%) | Ring-billed Gull (Immature) (0.00%) | Dickcissel (0.00%)
IMG_7729.JPG,"37.487643421383474, -122.14271632194668",2026-01-19 11:45:21,1,0.9996707439422607,6.142,White-tailed Kite,White-tailed Kite,White-tailed Kite,1.0,"White-tailed Kite (100.00%) | Forster's Tern (0.00%) | Bald Eagle (Adult, subadult) (0.00%) | Prairie Falcon (0.00%) | Black-crowned Night-Heron (Adult) (0.00%)"
IMG_7730.JPG,"37.487643421383474, -122.14271632194668",2026-01-19 11:45:23,1,0.9985100626945496,7.244,White-tailed Kite,White-tailed Kite,White-tailed Kite,0.999,White-tailed Kite (99.94%) | Forster's Tern (0.06%) | Prairie Falcon (0.00%) | Snowy Owl (0.00%) | Northern Harrier (Adult male) (0.00%)
IMG_7732.JPG,"37.487643421383474, -122.14271632194668",2026-01-19 11:46:45,1,0.9941112399101257,8.859,White-tailed Kite,White-tailed Kite,White-tailed Kite,1.0,White-tailed Kite (100.00%) | Prairie Falcon (0.00%) | Mississippi Kite (0.00%) | Northern Harrier (Adult male) (0.00%) | Violet-green Swallow (0.00%)
IMG_7733.JPG,"37.487643421383474, -122.14271632194668",2026-01-19 11:46:47,1,0.9992679953575134,7.179,White-tailed Kite,White-tailed Kite,White-tailed Kite,0.999,White-tailed Kite (99.92%) | Mississippi Kite (0.04%) | Prairie Falcon (0.03%) | Forster's Tern (0.01%) | Western Screech-Owl (0.00%)
IMG_7734.JPG,"37.487643421383474, -122.14271632194668",2026-01-19 11:46:50,1,0.9984937906265259,7.149,White-tailed Kite,White-tailed Kite,White-tailed Kite,0.998,White-tailed Kite (99.76%) | Mississippi Kite (0.20%) | Ring-billed Gull (Adult) (0.03%) | Northern Harrier (Adult male) (0.00%) | Ross's Goose (0.00%)
IMG_7738.JPG,"37.487643421383474, -122.14271632194668",2026-01-19 11:50:19,1,0.999122679233551,5.983,White-crowned Sparrow,White-crowned Sparrow,White-crowned Sparrow (Adult),0.999,White-crowned Sparrow (Adult) (99.93%) | White-crowned Sparrow (Immature) (0.07%) | Western Tanager (Female/Nonbreeding Male) (0.00%) | Golden-crowned Kinglet (0.00%) | White-throated Sparrow (White-striped) (0.00%)
IMG_7741.JPG,"37.487643421383474, -122.14271632194668",2026-01-19 11:51:17,1,0.9976678490638733,5.928,Western Meadowlark,Western Meadowlark,Western Meadowlark,1.0,Western Meadowlark (100.00%) | Eastern Meadowlark (0.00%) | Swainson's Hawk (Immature) (0.00%) | Yellow-rumped Warbler (Breeding Audubon's) (0.00%) | Yellow-headed Blackbird (Female/Immature Male) (0.00%)
IMG_7742.JPG,"37.487643421383474, -122.14271632194668",2026-01-19 11:51:46,1,0.9977421760559082,5.573,Western Meadowlark,Western Meadowlark,Western Meadowlark,1.0,Western Meadowlark (100.00%) | Yellow-rumped Warbler (Breeding Audubon's) (0.00%) | Swainson's Hawk (Immature) (0.00%) | Yellow-breasted Chat (0.00%) | Yellow-headed Blackbird (Female/Immature Male) (0.00%)
IMG_7743.JPG,"37.487643421383474, -122.14271632194668",2026-01-19 11:52:23,2,0.9992341995239258,6.974,,Manual: Killdeer,,0,
IMG_7744.JPG,"37.487643421383474, -122.14271632194668",2026-01-19 11:53:44,1,0.998077392578125,6.75,Say's Phoebe,Say's Phoebe,Say's Phoebe,1.0,"Say's Phoebe (100.00%) | Western Kingbird (0.00%) | Western Wood-Pewee (0.00%) | Vermilion Flycatcher (Female, immature) (0.00%) | Cave Swallow (0.00%)"
IMG_7746.JPG,"37.487643421383474, -122.14271632194668",2026-01-19 11:55:00,24,0.7788209319114685,10.951,,,,0,
IMG_7747.JPG,"37.487643421383474, -122.14271632194668",2026-01-19 11:55:02,17,0.9869750738143921,9.775,,,,0,
IMG_7748.JPG,"37.487643421383474, -122.14271632194668",2026-01-19 11:56:53,2,0.86576247215271,8.423,,Manual: Ross's Goose,,0,
IMG_7749.JPG,"37.487643421383474, -122.14271632194668",2026-01-19 11:58:13,2,0.9992210865020752,8.41,,Manual: Ross's Goose,,0,
IMG_7750.JPG,"37.487643421383474, -122.14271632194668",2026-01-19 11:58:40,1,0.9992054104804993,5.942,,Manual: Ross's Goose,Ross's Goose,0.95,Ross's Goose (94.95%) | Snow Goose (White morph) (5.05%) | Bonaparte's Gull (0.00%) | White Ibis (Adult) (0.00%) | Tundra Swan (0.00%)
IMG_7751.JPG,"37.487643421383474, -122.14271632194668",2026-01-19 11:59:50,1,0.9994257688522339,6.197,Ross's Goose,Ross's Goose,Ross's Goose,1.0,Ross's Goose (99.96%) | Snow Goose (White morph) (0.03%) | Tundra Swan (0.00%) | Bonaparte's Gull (0.00%) | Gadwall (Female/Eclipse male) (0.00%)
IMG_7753.JPG,"37.487643421383474, -122.14271632194668",2026-01-19 11:59:58,1,0.999373733997345,5.863,Ross's Goose,Ross's Goose,Ross's Goose,1.0,"Ross's Goose (99.99%) | Snow Goose (White morph) (0.01%) | Gadwall (Female/Eclipse male) (0.00%) | Bonaparte's Gull (0.00%) | Anna's Hummingbird (Female, immature) (0.00%)"
IMG_7754.JPG,"37.487643421383474, -122.14271632194668",2026-01-19 12:00:00,1,0.9994730353355408,5.719,Ross's Goose,Ross's Goose,Ross's Goose,0.999,Ross's Goose (99.88%) | Snow Goose (White morph) (0.12%) | Gadwall (Female/Eclipse male) (0.00%) | Bonaparte's Gull (0.00%) | Tundra Swan (0.00%)
IMG_7755.JPG,"37.487643421383474, -122.14271632194668",2026-01-19 12:01:06,1,0.9813854694366455,5.725,Common Goldeneye (Female/Eclipse male),Common Goldeneye (Female/Eclipse male),Common Goldeneye (Female/Eclipse male),1.0,Common Goldeneye (Female/Eclipse male) (100.00%) | Barrow's Goldeneye (Female/Eclipse male) (0.00%) | Common Goldeneye (Breeding male) (0.00%) | Bufflehead (Female/immature male) (0.00%) | Pigeon Guillemot (Breeding) (0.00%)
IMG_7756.JPG,"37.487643421383474, -122.14271632194668",2026-01-19 12:01:18,1,0.998727023601532,5.827,,,Ross's Goose,0.963,Ross's Goose (96.30%) | Snow Goose (White morph) (3.69%) | Gadwall (Female/Eclipse male) (0.00%) | Bonaparte's Gull (0.00%) | Tundra Swan (0.00%)
IMG_7758.JPG,"37.487643421383474, -122.14271632194668",2026-01-19 12:03:49,1,0.9982340335845947,7.174,Ross's Goose,Ross's Goose,Snow Goose (White morph),0.997,Snow Goose (White morph) (99.75%) | Ross's Goose (0.22%) | Great Black-backed Gull (Adult) (0.01%) | Gadwall (Female/Eclipse male) (0.01%) | Snow Goose (Blue morph) (0.00%)
IMG_7759.JPG,"37.487643421383474, -122.14271632194668",2026-01-19 12:11:58,1,0.999306321144104,5.914,Greater Yellowlegs,Greater Yellowlegs,Greater Yellowlegs,0.997,"Greater Yellowlegs (99.68%) | Lesser Yellowlegs (0.31%) | Willet (0.01%) | Marbled Godwit (0.00%) | Wilson's Phalarope (Nonbreeding, juvenile) (0.00%)"
IMG_7760.JPG,"37.487643421383474, -122.14271632194668",2026-01-19 12:12:01,1,0.9969925880432129,5.385,Greater Yellowlegs,Greater Yellowlegs,Lesser Yellowlegs,0.901,Lesser Yellowlegs (90.13%) | Greater Yellowlegs (9.85%) | Least Sandpiper (0.01%) | Short-billed Dowitcher (0.01%) | Brewer's Sparrow (0.00%)
IMG_7763.JPG,"37.487643421383474, -122.14271632194668",2026-01-19 12:18:54,1,0.9983622431755066,6.379,Western Meadowlark,,Western Meadowlark,1.0,Western Meadowlark (99.99%) | Eastern Meadowlark (0.01%) | Yellow-rumped Warbler (Breeding Audubon's) (0.00%) | Swainson's Hawk (Immature) (0.00%) | Cactus Wren (0.00%)
IMG_7764.JPG,"37.487643421383474, -122.14271632194668",2026-01-19 12:19:00,1,0.9993805885314941,6.046,Western Meadowlark,Western Meadowlark,Western Meadowlark,1.0,Western Meadowlark (99.99%) | Eastern Meadowlark (0.01%) | Yellow-rumped Warbler (Breeding Audubon's) (0.00%) | Swainson's Hawk (Immature) (0.00%) | Brewer's Blackbird (Male) (0.00%)
IMG_7767.JPG,"37.487643421383474, -122.14271632194668",2026-01-19 12:22:18,1,0.9975334405899048,7.183,Western Meadowlark,Western Meadowlark,Western Meadowlark,0.994,Western Meadowlark (99.43%) | Wilson's Snipe (0.56%) | Ring-necked Pheasant (Female/juvenile) (0.01%) | Vesper Sparrow (0.00%) | Northern Bobwhite (0.00%)
IMG_7769.JPG,"37.487643421383474, -122.14271632194668",2026-01-19 12:22:38,2,0.998216450214386,7.118,,,,0,
IMG_7772.JPG,"37.487643421383474, -122.14271632194668",2026-01-19 12:29:53,1,0.9985144734382629,6.261,,,Western Meadowlark,0.887,Western Meadowlark (88.75%) | Wilson's Snipe (9.96%) | Least Sandpiper (1.29%) | Red-winged Blackbird (Female/juvenile) (0.00%) | Marsh Wren (0.00%)
IMG_7780.JPG,"34.238227, -119.2614732",2026-02-15 16:50:00,1,0.9993242025375366,5.694,,,Ladder-backed Woodpecker,0.983,"Ladder-backed Woodpecker (98.31%) | Chipping Sparrow (Immature/nonbreeding adult) (1.08%) | Black-crowned Night-Heron (Immature) (0.31%) | Black-chinned Hummingbird (Female, immature) (0.15%) | Reddish Egret (Dark morph) (0.06%)"
IMG_7781.JPG,No GPS Data,2026-02-15 16:51:19,0,0,0.0,,,,0,
IMG_7782.JPG,"34.238227, -119.2614732",2026-02-15 16:51:38,7,0.9927694797515869,7.912,,,,0,
IMG_7784.JPG,"34.238227, -119.2614732",2026-02-15 16:53:17,1,0.9991456270217896,5.487,Pied-billed Grebe,Pied-billed Grebe,Pied-billed Grebe,1.0,Pied-billed Grebe (100.00%) | Red-necked Grebe (Nonbreeding/juvenile) (0.00%) | Horned Grebe (Breeding) (0.00%) | Red-necked Grebe (Breeding) (0.00%) | Lincoln's Sparrow (0.00%)
IMG_7785.JPG,"34.238227, -119.2614732",2026-02-15 16:54:14,2,0.9940192699432373,4.685,,,,0,
IMG_7786.JPG,No GPS Data,2026-02-15 16:58:40,0,0,0.0,,Manual: Cinnamon Teal,,0,
IMG_7787.JPG,"34.238227, -119.2614732",2026-02-15 16:58:43,3,0.9341055750846863,6.009,,Manual: Cinnamon Teal,,0,
IMG_7788.JPG,"34.238227, -119.2614732",2026-02-15 16:58:47,1,0.99956876039505,5.263,Gadwall (Breeding male),Gadwall (Breeding male),Gadwall (Breeding male),1.0,Gadwall (Breeding male) (100.00%) | American Wigeon (Breeding male) (0.00%) | Redhead (Female/Eclipse male) (0.00%) | Black-bellied Whistling-Duck (0.00%) | Heermann's Gull (Adult) (0.00%)
IMG_7789.JPG,"34.238227, -119.2614732",2026-02-15 17:07:23,1,0.9984550476074219,4.826,Willet,Willet,Willet,1.0,"Willet (100.00%) | Wilson's Phalarope (Nonbreeding, juvenile) (0.00%) | Marbled Godwit (0.00%) | Spotted Sandpiper (Nonbreeding/juvenile) (0.00%) | Black-chinned Hummingbird (Female, immature) (0.00%)"
IMG_7790.JPG,"34.238227, -119.2614732",2026-02-15 17:07:46,3,0.9987199306488037,5.181,,,,0,
IMG_7791.JPG,"34.238227, -119.2614732",2026-02-15 17:07:48,5,0.9965798258781433,5.507,,,,0,
IMG_7792.JPG,"34.238227, -119.2614732",2026-02-15 17:08:12,1,0.9994521737098694,5.008,Willet,Willet,Willet,1.0,"Willet (100.00%) | Wilson's Phalarope (Nonbreeding, juvenile) (0.00%) | Black-chinned Hummingbird (Female, immature) (0.00%) | Little Blue Heron (Immature) (0.00%) | Spotted Sandpiper (Nonbreeding/juvenile) (0.00%)"
IMG_7793.JPG,"34.238227, -119.2614732",2026-02-15 17:08:14,1,0.9991292357444763,5.164,Willet,Willet,Willet,1.0,"Willet (100.00%) | Wilson's Phalarope (Nonbreeding, juvenile) (0.00%) | Black-chinned Hummingbird (Female, immature) (0.00%) | Dunlin (Nonbreeding/juvenile) (0.00%) | Marbled Godwit (0.00%)"
IMG_7794.JPG,"34.238227, -119.2614732",2026-02-15 17:10:28,1,0.9984880685806274,5.751,Willet,Willet,Willet,1.0,"Willet (100.00%) | Whimbrel (0.00%) | Wilson's Phalarope (Nonbreeding, juvenile) (0.00%) | Bewick's Wren (0.00%) | Short-billed Dowitcher (0.00%)"
IMG_7795.JPG,"34.238227, -119.2614732",2026-02-15 17:10:29,1,0.999183714389801,5.283,Willet,Willet,Willet,1.0,"Willet (100.00%) | Black-chinned Hummingbird (Female, immature) (0.00%) | Marbled Godwit (0.00%) | Wilson's Phalarope (Nonbreeding, juvenile) (0.00%) | Boat-tailed Grackle (0.00%)"
IMG_7796.JPG,No GPS Data,2026-02-15 17:11:13,0,0,0.0,,,,0,
IMG_7797.JPG,"34.238227, -119.2614732",2026-02-15 17:11:51,1,0.9975347518920898,5.664,Willet,Willet,Willet,1.0,"Willet (100.00%) | Dunlin (Nonbreeding/juvenile) (0.00%) | Black-chinned Hummingbird (Female, immature) (0.00%) | Red-eyed Vireo (0.00%) | Whimbrel (0.00%)"
IMG_7798.JPG,"34.238227, -119.2614732",2026-02-15 17:12:15,1,0.9995452761650085,5.241,Gull,Manual: Western Gull,Western Gull (Adult),0.999,Western Gull (Adult) (99.93%) | California Gull (Adult) (0.03%) | Eastern Screech-Owl (0.01%) | Black-legged Kittiwake (Adult) (0.01%) | Glaucous-winged Gull (Adult) (0.00%)
IMG_7799.JPG,"34.238227, -119.2614732",2026-02-15 17:12:34,2,0.9983365535736084,6.338,,,,0,
IMG_7800.JPG,"34.238227, -119.2614732",2026-02-15 17:12:45,3,0.998751163482666,6.881,,,,0,
IMG_7802.JPG,"34.238227, -119.2614732",2026-02-15 17:12:51,3,0.9986706972122192,5.947,,,,0,
IMG_7803.JPG,"34.238227, -119.2614732",2026-02-15 17:12:55,3,0.998151957988739,6.589,,,,0,
IMG_7804.JPG,"34.238227, -119.2614732",2026-02-15 17:12:59,3,0.9968498349189758,6.628,,,,0,
IMG_7805.JPG,"34.238227, -119.2614732",2026-02-15 17:13:20,1,0.9995425939559937,5.488,,,Red-eyed Vireo,0.339,"Red-eyed Vireo (33.89%) | Willet (18.38%) | Spotted Sandpiper (Nonbreeding/juvenile) (16.06%) | Common Gallinule (Immature) (15.07%) | Wilson's Phalarope (Nonbreeding, juvenile) (10.26%)"
IMG_7806.JPG,"34.238227, -119.2614732",2026-02-15 17:27:56,3,0.9342781901359558,6.951,,,,0,
IMG_7808.JPG,"34.238227, -119.2614732",2026-02-15 17:31:20,1,0.9988321661949158,5.623,Red-tailed Hawk (Light morph immature),Red-tailed Hawk (Light morph immature),Red-tailed Hawk (Light morph immature),1.0,Red-tailed Hawk (Light morph immature) (99.99%) | Broad-winged Hawk (Immature) (0.01%) | Red-tailed Hawk (Light morph adult) (0.00%) | Cooper's Hawk (Adult) (0.00%) | Red-shouldered Hawk (Immature) (0.00%)
IMG_7809.JPG,"34.238227, -119.2614732",2026-02-15 17:31:22,1,0.9984965324401855,5.7,Red-tailed Hawk,Red-tailed Hawk,Red-tailed Hawk (Light morph immature),1.0,Red-tailed Hawk (Light morph immature) (100.00%) | Red-tailed Hawk (Light morph adult) (0.00%) | Broad-winged Hawk (Immature) (0.00%) | Cooper's Hawk (Adult) (0.00%) | California Gull (Immature) (0.00%)
IMG_7810.JPG,"34.238227, -119.2614732",2026-02-15 17:31:24,1,0.9986345171928406,5.524,Red-tailed Hawk,Red-tailed Hawk,Red-tailed Hawk (Light morph immature),1.0,Red-tailed Hawk (Light morph immature) (100.00%) | Red-tailed Hawk (Light morph adult) (0.00%) | Broad-winged Hawk (Immature) (0.00%) | Cooper's Hawk (Adult) (0.00%) | Purple Finch (Adult Male) (0.00%)
IMG_7816.JPG,"34.238227, -119.2614732",2026-02-15 17:36:47,1,0.9732816219329834,5.539,Black-crowned Night-Heron (Adult),Black-crowned Night-Heron (Adult),Black-crowned Night-Heron (Adult),1.0,Black-crowned Night-Heron (Adult) (100.00%) | Great Blue Heron (0.00%) | Green Heron (0.00%) | Yellow-crowned Night-Heron (Adult) (0.00%) | Common Tern (0.00%)
IMG_7817.JPG,"34.238227, -119.2614732",2026-02-15 17:37:41,1,0.9730362892150879,5.342,Black-crowned Night-Heron (Adult),Black-crowned Night-Heron (Adult),Black-crowned Night-Heron (Adult),1.0,Black-crowned Night-Heron (Adult) (100.00%) | Cooper's Hawk (Adult) (0.00%) | Cattle Egret (0.00%) | Tricolored Heron (0.00%) | Green Heron (0.00%)
IMG_7818.JPG,"34.238227, -119.2614732",2026-02-15 17:37:44,1,0.9971233010292053,5.268,Black-crowned Night-Heron (Adult),Black-crowned Night-Heron (Adult),Black-crowned Night-Heron (Adult),1.0,Black-crowned Night-Heron (Adult) (100.00%) | Green Heron (0.00%) | Great Blue Heron (0.00%) | Cooper's Hawk (Adult) (0.00%) | White-tailed Kite (0.00%)
IMG_7823.JPG,"34.238227, -119.2614732",2026-02-15 17:38:15,1,0.9993313550949097,5.629,Yellow-crowned Night-Heron (Adult),Yellow-crowned Night-Heron (Adult),Yellow-crowned Night-Heron (Adult),1.0,Yellow-crowned Night-Heron (Adult) (100.00%) | Western Screech-Owl (0.00%) | White-throated Sparrow (White-striped) (0.00%) | Yellow-crowned Night-Heron (Immature) (0.00%) | Black-crowned Night-Heron (Adult) (0.00%)
IMG_7825.JPG,"34.238227, -119.2614732",2026-02-15 17:38:18,1,0.9989597797393799,5.174,Yellow-crowned Night-Heron (Adult),Yellow-crowned Night-Heron (Adult),Yellow-crowned Night-Heron (Adult),0.997,Yellow-crowned Night-Heron (Adult) (99.71%) | Great Blue Heron (0.16%) | Black-crowned Night-Heron (Adult) (0.13%) | White-throated Sparrow (White-striped) (0.00%) | California Quail (Male) (0.00%)
IMG_7827.JPG,"34.238227, -119.2614732",2026-02-15 17:39:22,1,0.9992369413375854,5.684,Yellow-crowned Night-Heron (Adult),Yellow-crowned Night-Heron (Adult),Yellow-crowned Night-Heron (Adult),1.0,Yellow-crowned Night-Heron (Adult) (100.00%) | Golden-fronted Woodpecker (0.00%) | Black-crowned Night-Heron (Adult) (0.00%) | Yellow-crowned Night-Heron (Immature) (0.00%) | Western Screech-Owl (0.00%)
IMG_7829.JPG,"34.238227, -119.2614732",2026-02-15 17:40:05,1,0.9980320334434509,5.474,Black-crowned Night-Heron (Adult),Black-crowned Night-Heron (Adult),Black-crowned Night-Heron (Adult),1.0,Black-crowned Night-Heron (Adult) (100.00%) | Great Blue Heron (0.00%) | Green Heron (0.00%) | Tricolored Heron (0.00%) | Hairy Woodpecker (0.00%)
IMG_7831.JPG,"33.9957502, -119.8031616",2026-02-17 09:18:41,1,0.9989499449729919,7.158,Red-breasted Merganser (Female/immature male),Red-breasted Merganser (Female/immature male),Red-breasted Merganser (Female/immature male),1.0,Red-breasted Merganser (Female/immature male) (99.96%) | Barrow's Goldeneye (Female/Eclipse male) (0.02%) | Common Merganser (Breeding male) (0.01%) | Common Merganser (Female/immature male) (0.01%) | Mallard (Female/Eclipse male) (0.00%)
IMG_7832.JPG,"33.9957502, -119.8031616",2026-02-17 09:19:11,3,0.9984785914421082,5.501,,,,0,
IMG_7833.JPG,"33.9957502, -119.8031616",2026-02-17 09:19:16,4,0.9960210919380188,5.993,,,,0,
IMG_7834.JPG,"33.9957502, -119.8031616",2026-02-17 09:20:46,1,0.9993405938148499,8.959,Willet,Willet,Willet,1.0,"Willet (100.00%) | Wilson's Phalarope (Nonbreeding, juvenile) (0.00%) | Marbled Godwit (0.00%) | Black-chinned Hummingbird (Female, immature) (0.00%) | White-faced Ibis (0.00%)"
IMG_7839.JPG,No GPS Data,2026-02-17 09:54:38,0,0,0.0,,,,0,
IMG_7840.JPG,"33.9957502, -119.8031616",2026-02-17 09:54:59,3,0.9956684112548828,10.736,,,,0,
IMG_7842.JPG,"33.9957502, -119.8031616",2026-02-17 09:56:58,2,0.9730377197265625,10.014,,,,0,
IMG_7843.JPG,"33.9957502, -119.8031616",2026-02-17 09:57:00,16,0.9768776893615723,11.515,,,,0,
IMG_7844.JPG,"33.9957502, -119.8031616",2026-02-17 09:57:26,2,0.846929669380188,9.011,,,,0,
IMG_7845.JPG,"33.9957502, -119.8031616",2026-02-17 09:57:28,2,0.8122782111167908,8.718,,,,0,
IMG_7846.JPG,"33.9957502, -119.8031616",2026-02-17 09:57:30,4,0.7416467070579529,6.152,,,,0,
IMG_7847.JPG,"33.9957502, -119.8031616",2026-02-17 09:57:34,3,0.7117051482200623,8.045,,,,0,
IMG_7848.JPG,"33.9957502, -119.8031616",2026-02-17 09:57:35,1,0.9993860721588135,7.398,Pacific Loon (Nonbreeding/juvenile),Manual: Common Murre,Pacific Loon (Nonbreeding/juvenile),0.995,"Pacific Loon (Nonbreeding/juvenile) (99.54%) | Pigeon Guillemot (Nonbreeding, juvenile) (0.45%) | Common Loon (Nonbreeding/juvenile) (0.00%) | Horned Grebe (Nonbreeding/juvenile) (0.00%) | Red-tailed Hawk (Light morph immature) (0.00%)"
IMG_7849.JPG,"33.9957502, -119.8031616",2026-02-17 09:57:58,2,0.9656599760055542,12.776,,,,0,
IMG_7850.JPG,"33.9957502, -119.8031616",2026-02-17 09:58:34,9,0.9974602460861206,6.945,,,,0,
IMG_7852.JPG,No GPS Data,2026-02-17 10:00:16,0,0,0.0,,,,0,
IMG_7853.JPG,"33.9957502, -119.8031616",2026-02-17 10:37:40,1,0.9978533387184143,5.823,Gull,Manual: California Gull,California Gull (Adult),1.0,California Gull (Adult) (100.00%) | Mew Gull (0.00%) | Glaucous-winged Gull (Adult) (0.00%) | Western Gull (Adult) (0.00%) | Merlin (0.00%)
IMG_7854.JPG,"33.9957502, -119.8031616",2026-02-17 10:42:25,16,0.9915346503257751,7.833,,,,0,
IMG_7855.JPG,"33.9957502, -119.8031616",2026-02-17 10:43:12,25,0.8545969128608704,7.453,,,,0,
IMG_7857.JPG,No GPS Data,2026-02-17 11:07:42,0,0,0.0,,,,0,
IMG_7859.JPG,"33.9957502, -119.8031616",2026-02-17 11:52:35,1,0.9994982481002808,5.786,Song Sparrow,Song Sparrow,Song Sparrow,0.999,Song Sparrow (99.92%) | Fox Sparrow (Red) (0.05%) | Savannah Sparrow (0.02%) | Vesper Sparrow (0.00%) | White-throated Sparrow (Tan-striped/immature) (0.00%)
IMG_7861.JPG,"33.9957502, -119.8031616",2026-02-17 11:58:55,1,0.9777657389640808,6.55,Song Sparrow,Song Sparrow,Song Sparrow,0.996,Song Sparrow (99.65%) | Swamp Sparrow (0.35%) | White-throated Sparrow (Tan-striped/immature) (0.00%) | Western Screech-Owl (0.00%) | Lincoln's Sparrow (0.00%)
IMG_7864.JPG,"33.9957502, -119.8031616",2026-02-17 12:34:00,1,0.9993202686309814,6.166,,Manual: Island Scrub-Jay,Florida Scrub-Jay,0.947,Florida Scrub-Jay (94.69%) | Western Scrub-Jay (5.05%) | Boat-tailed Grackle (0.13%) | Eastern Towhee (0.08%) | Yellow-billed Magpie (0.05%)
IMG_7872.JPG,"33.9957502, -119.8031616",2026-02-17 13:22:24,1,0.9990930557250977,7.288,Island Scrub-Jay,Island Scrub-Jay,Western Scrub-Jay,1.0,Western Scrub-Jay (100.00%) | Florida Scrub-Jay (0.00%) | Boat-tailed Grackle (0.00%) | Chihuahuan Raven (0.00%) | Common Yellowthroat (Adult Male) (0.00%)
IMG_7874.JPG,"33.9957502, -119.8031616",2026-02-17 13:22:37,1,0.9988991022109985,5.294,,Manual: Island Scrub-Jay,Florida Scrub-Jay,0.759,Florida Scrub-Jay (75.93%) | Western Scrub-Jay (24.05%) | Mexican Jay (0.01%) | Eastern Bluebird (0.01%) | Eastern Towhee (0.00%)
IMG_7875.JPG,"33.9957502, -119.8031616",2026-02-17 13:22:39,1,0.9987063407897949,5.587,Island Scrub-Jay,Island Scrub-Jay,Western Scrub-Jay,0.999,"Western Scrub-Jay (99.85%) | Florida Scrub-Jay (0.13%) | Eastern Towhee (0.01%) | Broad-tailed Hummingbird (Female, immature) (0.00%) | Eastern Bluebird (0.00%)"
IMG_7879.JPG,"33.9957502, -119.8031616",2026-02-17 13:24:10,1,0.9993454813957214,5.834,,Manual: Island Scrub-Jay,Western Scrub-Jay,0.987,Western Scrub-Jay (98.75%) | Florida Scrub-Jay (1.08%) | Common Yellowthroat (Adult Male) (0.12%) | Common Grackle (0.03%) | California Thrasher (0.01%)
IMG_7880.JPG,"33.9957502, -119.8031616",2026-02-17 13:24:13,1,0.998397171497345,6.229,Island Scrub-Jay,Island Scrub-Jay,Western Scrub-Jay,0.998,Western Scrub-Jay (99.85%) | Florida Scrub-Jay (0.15%) | Northern Mockingbird (0.00%) | Eastern Towhee (0.00%) | Black-throated Blue Warbler (Female/Immature male) (0.00%)
IMG_7881.JPG,"33.9957502, -119.8031616",2026-02-17 13:24:15,1,0.9992851614952087,5.343,Island Scrub-Jay,Island Scrub-Jay,Western Scrub-Jay,0.999,Western Scrub-Jay (99.95%) | Common Yellowthroat (Adult Male) (0.03%) | Florida Scrub-Jay (0.02%) | Black-throated Blue Warbler (Female/Immature male) (0.00%) | Great-tailed Grackle (0.00%)
IMG_7882.JPG,"33.9957502, -119.8031616",2026-02-17 13:24:16,1,0.9993798732757568,6.165,,Manual: Island Scrub-Jay,Boat-tailed Grackle,0.799,Boat-tailed Grackle (79.90%) | Blue Jay (14.79%) | Florida Scrub-Jay (5.15%) | Mexican Jay (0.12%) | Western Scrub-Jay (0.02%)
IMG_7883.JPG,"33.9957502, -119.8031616",2026-02-17 13:24:19,1,0.9989240765571594,5.644,Island Scrub-Jay,Island Scrub-Jay,Western Scrub-Jay,1.0,Western Scrub-Jay (100.00%) | Florida Scrub-Jay (0.00%) | Black-throated Blue Warbler (Female/Immature male) (0.00%) | Blue Jay (0.00%) | Eastern Towhee (0.00%)
IMG_7884.JPG,"33.9957502, -119.8031616",2026-02-17 13:24:24,1,0.9974741339683533,5.886,Island Scrub-Jay,Island Scrub-Jay,Western Scrub-Jay,1.0,"Western Scrub-Jay (99.98%) | Broad-tailed Hummingbird (Female, immature) (0.01%) | Mexican Jay (0.00%) | Black-crested Titmouse (0.00%) | Northwestern Crow (0.00%)"
IMG_7885.JPG,"33.9957502, -119.8031616",2026-02-17 13:24:29,1,0.9988089799880981,6.207,Island Scrub-Jay,Island Scrub-Jay,Western Scrub-Jay,1.0,Western Scrub-Jay (100.00%) | Florida Scrub-Jay (0.00%) | Black-throated Blue Warbler (Female/Immature male) (0.00%) | Western Bluebird (0.00%) | Mexican Jay (0.00%)
IMG_7888.JPG,"33.9957502, -119.8031616",2026-02-17 13:24:32,1,0.9991164803504944,5.612,,Manual: Island Scrub-Jay,Western Scrub-Jay,0.629,Western Scrub-Jay (62.91%) | Western Bluebird (19.74%) | Florida Scrub-Jay (9.15%) | Mexican Jay (7.02%) | Dark-eyed Junco (Red-backed/Gray-headed) (0.38%)
IMG_7890.JPG,"33.9957502, -119.8031616",2026-02-17 14:05:45,1,0.9970347881317139,7.298,Western/Clark's Grebe,Manual: Western Grebe,Western Grebe,1.0,Western Grebe (100.00%) | Clark's Grebe (0.00%) | Dunlin (Breeding) (0.00%) | Red-necked Grebe (Breeding) (0.00%) | Greater Yellowlegs (0.00%)
IMG_7892.JPG,"33.9957502, -119.8031616",2026-02-17 14:06:17,1,0.9993306398391724,7.248,Western/Clark's Grebe,Manual: Western Grebe,Western Grebe,0.888,Western Grebe (88.77%) | Clark's Grebe (11.21%) | Red-necked Grebe (Nonbreeding/juvenile) (0.01%) | Horned Grebe (Nonbreeding/juvenile) (0.00%) | Horned Grebe (Breeding) (0.00%)
IMG_7893.JPG,"33.9957502, -119.8031616",2026-02-17 14:08:02,1,0.9987964630126953,7.695,Surf Scoter (Male),Surf Scoter (Male),Surf Scoter (Male),1.0,Surf Scoter (Male) (100.00%) | Harlequin Duck (Male) (0.00%) | White-winged Scoter (Male) (0.00%) | Surf Scoter (Female/immature) (0.00%) | Black Scoter (Male) (0.00%)
IMG_7894.JPG,"33.9957502, -119.8031616",2026-02-17 14:08:06,2,0.9991639852523804,9.13,,,,0,
IMG_7896.JPG,"33.9957502, -119.8031616",2026-02-17 14:10:31,1,0.9991063475608826,7.582,Pelagic Cormorant,Pelagic Cormorant,Pelagic Cormorant,1.0,Pelagic Cormorant (100.00%) | Neotropic Cormorant (0.00%) | Common Merganser (Breeding male) (0.00%) | Red-throated Loon (Nonbreeding/juvenile) (0.00%) | Ruby-throated Hummingbird (Adult Male) (0.00%)
IMG_7897.JPG,"33.9957502, -119.8031616",2026-02-17 14:10:34,1,0.9981240630149841,8.963,Pelagic Cormorant,Pelagic Cormorant,Pelagic Cormorant,1.0,Pelagic Cormorant (99.96%) | Clark's Grebe (0.04%) | Common Merganser (Breeding male) (0.00%) | Great Cormorant (Adult) (0.00%) | Black Scoter (Male) (0.00%)
IMG_7898.JPG,"33.9957502, -119.8031616",2026-02-17 14:10:35,1,0.9659525156021118,6.821,,Manual: Pelagic Cormorant,Pelagic Cormorant,0.984,Pelagic Cormorant (98.38%) | Black Scoter (Male) (0.60%) | Great Cormorant (Adult) (0.58%) | Red-throated Loon (Nonbreeding/juvenile) (0.24%) | Clark's Grebe (0.14%)
IMG_7899.JPG,No GPS Data,2026-02-17 14:10:37,0,0,0.0,,Manual: Pelagic Cormorant,,0,
IMG_7900.JPG,"33.9957502, -119.8031616",2026-02-17 14:11:20,1,0.9989997744560242,6.71,Western Grebe,Western Grebe,Western Grebe,0.999,Western Grebe (99.95%) | Dunlin (Breeding) (0.05%) | Clark's Grebe (0.00%) | Horned Grebe (Nonbreeding/juvenile) (0.00%) | Trumpeter Swan (0.00%)
IMG_7901.JPG,"33.9957502, -119.8031616",2026-02-17 14:11:22,1,0.999270498752594,6.983,Western/Clark's Grebe,Manual: Western Grebe,Western Grebe,1.0,Western Grebe (100.00%) | Clark's Grebe (0.00%) | Dunlin (Breeding) (0.00%) | Red-necked Grebe (Breeding) (0.00%) | Greater Yellowlegs (0.00%)
IMG_7904.JPG,"33.9957502, -119.8031616",2026-02-17 14:16:25,2,0.998920202255249,6.363,,,,0,
IMG_7906.JPG,"33.9957502, -119.8031616",2026-02-17 14:17:41,1,0.9976975321769714,7.085,Surf Scoter (Male),Surf Scoter (Male),Surf Scoter (Male),1.0,Surf Scoter (Male) (100.00%) | White-winged Scoter (Male) (0.00%) | Ring-necked Duck (Breeding male) (0.00%) | Black Scoter (Male) (0.00%) | Great Black-backed Gull (Adult) (0.00%)
IMG_7907.JPG,"33.9957502, -119.8031616",2026-02-17 14:18:52,1,0.920297384262085,6.466,,Manual: Surf Scoter,Surf Scoter (Male),0.94,Surf Scoter (Male) (94.03%) | Harlequin Duck (Female/juvenile) (3.07%) | Ruddy Duck (Winter male) (2.85%) | Harlequin Duck (Male) (0.03%) | Great Black-backed Gull (Adult) (0.02%)
IMG_7908.JPG,"33.9957502, -119.8031616",2026-02-17 14:20:52,1,0.9994390606880188,6.302,Surf Scoter (Male),Surf Scoter (Male),Surf Scoter (Male),1.0,Surf Scoter (Male) (100.00%) | Harlequin Duck (Male) (0.00%) | White-winged Scoter (Male) (0.00%) | Ring-necked Duck (Breeding male) (0.00%) | Black Scoter (Male) (0.00%)
IMG_7911.JPG,"33.9957502, -119.8031616",2026-02-17 14:28:24,1,0.9982134103775024,6.633,,,Laughing Gull (Nonbreeding/Immature),0.776,Laughing Gull (Nonbreeding/Immature) (77.63%) | Ruddy Turnstone (11.61%) | California Gull (Adult) (5.00%) | Laughing Gull (Breeding) (3.88%) | Merlin (0.41%)
IMG_7912.JPG,"33.9957502, -119.8031616",2026-02-17 14:28:25,1,0.9993632435798645,7.527,,,Black Tern,0.432,Black Tern (43.21%) | Common Raven (13.71%) | Vaux's Swift (12.70%) | Laughing Gull (Nonbreeding/Immature) (12.31%) | Rough-legged Hawk (Light morph) (5.83%)
IMG_7915.JPG,"33.9957502, -119.8031616",2026-02-17 14:37:01,1,0.9967613816261292,8.632,Surf Scoter (Female/immature),Surf Scoter (Female/immature),Surf Scoter (Female/immature),0.994,Surf Scoter (Female/immature) (99.41%) | Lesser Scaup (Female/Eclipse male) (0.55%) | White-winged Scoter (Female/juvenile) (0.01%) | Brandt's Cormorant (0.01%) | Common Eider (Immature/Eclipse male) (0.00%)
IMG_7916.JPG,"33.9957502, -119.8031616",2026-02-17 15:14:37,6,0.9961321353912354,5.084,,,,0,
IMG_7917.JPG,"33.9957502, -119.8031616",2026-02-17 15:14:44,1,0.9993811845779419,6.093,Gull,Manual: Western Gull,Western Gull (Adult),1.0,Western Gull (Adult) (100.00%) | Great Black-backed Gull (Adult) (0.00%) | Cattle Egret (0.00%) | California Gull (Adult) (0.00%) | Black-legged Kittiwake (Adult) (0.00%)
IMG_7918.JPG,"33.9957502, -119.8031616",2026-02-17 15:15:57,1,0.9912704229354858,6.032,Gull,Manual: Western Gull,Great Black-backed Gull (Adult),0.633,Great Black-backed Gull (Adult) (63.35%) | California Gull (Adult) (36.11%) | Ruddy Turnstone (0.22%) | Glaucous-winged Gull (Adult) (0.17%) | Mew Gull (0.08%)
IMG_7920.JPG,"33.9957502, -119.8031616",2026-02-17 15:16:24,2,0.9982128143310547,8.222,,Manual: Black Oystercatcher,,0,
IMG_7921.JPG,"33.9957502, -119.8031616",2026-02-17 15:16:29,2,0.9993042945861816,7.776,,Manual: Black Oystercatcher,,0,
IMG_7923.JPG,"33.9957502, -119.8031616",2026-02-17 15:38:42,4,0.9355339407920837,9.643,,,,0,
IMG_7924.JPG,"33.9957502, -119.8031616",2026-02-17 15:42:55,1,0.9992915391921997,6.817,Gull,Manual: Western Gull,Western Gull (Adult),0.982,Western Gull (Adult) (98.18%) | Glaucous-winged Gull (Adult) (1.64%) | Greater Scaup (Breeding male) (0.15%) | Great Black-backed Gull (Adult) (0.01%) | California Gull (Adult) (0.01%)
IMG_7927.JPG,"35.8462939, -78.800016",2026-03-03 04:54:05,1,0.9993414282798767,5.893,Carolina Wren,Carolina Wren,Carolina Wren,1.0,Carolina Wren (100.00%) | Red-breasted Nuthatch (0.00%) | Bewick's Wren (0.00%) | Marsh Wren (0.00%) | Red-shouldered Hawk (Adult ) (0.00%)
IMG_7928.JPG,"35.8462939, -78.800016",2026-03-03 04:54:07,1,0.9994866847991943,6.003,Carolina Wren,Carolina Wren,Carolina Wren,1.0,"Carolina Wren (100.00%) | Bewick's Wren (0.00%) | Red-breasted Nuthatch (0.00%) | Marsh Wren (0.00%) | Broad-tailed Hummingbird (Female, immature) (0.00%)"
IMG_7929.JPG,"35.8462939, -78.800016",2026-03-03 04:55:26,1,0.9778183698654175,5.591,,Manual: Tufted Titmouse,Tufted Titmouse,0.961,Tufted Titmouse (96.11%) | Bushtit (2.06%) | Northern Shrike (1.48%) | Oak Titmouse (0.29%) | Boreal Chickadee (0.02%)
IMG_7930.JPG,"35.8462939, -78.800016",2026-03-03 05:30:04,1,0.9994888305664062,5.32,Mourning Dove,Mourning Dove,Mourning Dove,1.0,Mourning Dove (100.00%) | White-winged Dove (0.00%) | Eurasian Collared-Dove (0.00%) | Common Ground-Dove (0.00%) | Band-tailed Pigeon (0.00%)
IMG_7931.JPG,"35.8462939, -78.800016",2026-03-03 05:30:56,2,0.9991208910942078,5.821,,,,0,
IMG_7932.JPG,"35.8462939, -78.800016",2026-03-03 05:31:50,3,0.9978852868080139,6.735,,,,0,
IMG_7933.JPG,"35.8462939, -78.800016",2026-03-03 05:32:07,2,0.9989726543426514,4.503,,,,0,
IMG_7934.JPG,"35.8462939, -78.800016",2026-03-03 05:32:23,1,0.998467743396759,5.919,Eastern Phoebe,Eastern Phoebe,Eastern Phoebe,0.998,Eastern Phoebe (99.80%) | Eastern Wood-Pewee (0.20%) | Least Flycatcher (0.00%) | Eastern Kingbird (0.00%) | Bank Swallow (0.00%)
IMG_7936.JPG,"35.8462939, -78.800016",2026-03-03 05:32:38,1,0.9988006353378296,5.97,American Robin,American Robin,American Robin (Adult),1.0,American Robin (Adult) (100.00%) | American Robin (Juvenile) (0.00%) | Varied Thrush (0.00%) | Yellow-breasted Chat (0.00%) | Gray-crowned Rosy-Finch (0.00%)
IMG_7941.JPG,"35.8462939, -78.800016",2026-03-03 05:34:28,2,0.998880922794342,6.495,,,,0,
IMG_7942.JPG,"35.8462939, -78.800016",2026-03-03 05:37:37,1,0.9936084747314453,5.857,Carolina Wren,Carolina Wren,Carolina Wren,1.0,Carolina Wren (100.00%) | Red-breasted Nuthatch (0.00%) | Bewick's Wren (0.00%) | Hermit Thrush (0.00%) | Winter Wren (0.00%)
IMG_7943.JPG,"35.8462939, -78.800016",2026-03-03 05:37:40,1,0.9973180890083313,6.678,,Manual: Carolina Wren,Carolina Wren,0.864,Carolina Wren (86.36%) | Rufous Hummingbird (Adult Male) (13.03%) | House Wren (0.58%) | Winter Wren (0.02%) | Hermit Thrush (0.01%)
IMG_7944.JPG,"35.8462939, -78.800016",2026-03-03 05:37:42,1,0.9991126656532288,6.295,Carolina Wren,Carolina Wren,Carolina Wren,1.0,Carolina Wren (100.00%) | Summer Tanager (Female) (0.00%) | Red-breasted Nuthatch (0.00%) | Marsh Wren (0.00%) | Bewick's Wren (0.00%)
IMG_7945.JPG,"35.8462939, -78.800016",2026-03-03 05:38:44,1,0.9993649125099182,5.977,American Robin (Adult),American Robin (Adult),American Robin (Adult),1.0,American Robin (Adult) (100.00%) | Eastern Towhee (0.00%) | Eastern Bluebird (0.00%) | American Robin (Juvenile) (0.00%) | MacGillivray's Warbler (0.00%)
IMG_7946.JPG,"35.8462939, -78.800016",2026-03-03 05:38:51,1,0.9992777705192566,6.093,American Robin (Adult),American Robin (Adult),American Robin (Adult),1.0,American Robin (Adult) (100.00%) | Eastern Towhee (0.00%) | Varied Thrush (0.00%) | Swainson's Thrush (0.00%) | Eastern Bluebird (0.00%)
IMG_7947.JPG,"35.8462939, -78.800016",2026-03-03 05:39:26,1,0.9977218508720398,5.813,,,Least Flycatcher,0.947,Least Flycatcher (94.72%) | Varied Thrush (3.44%) | Eastern Wood-Pewee (0.71%) | Townsend's Solitaire (0.67%) | Dark-eyed Junco (Slate-colored) (0.12%)
IMG_7948.JPG,"35.8462939, -78.800016",2026-03-03 05:39:27,1,0.9943097829818726,5.1,Dark-eyed Junco (Slate-colored),Dark-eyed Junco (Slate-colored),Dark-eyed Junco (Slate-colored),1.0,Dark-eyed Junco (Slate-colored) (99.99%) | Cassin's Kingbird (0.00%) | Dark-eyed Junco (Red-backed/Gray-headed) (0.00%) | Carolina Chickadee (0.00%) | Indigo Bunting (Female/juvenile) (0.00%)
IMG_7949.JPG,"35.8462939, -78.800016",2026-03-03 05:39:58,2,0.9994445443153381,5.793,,,,0,
IMG_7950.JPG,"35.8462939, -78.800016",2026-03-03 05:40:34,2,0.7999420762062073,7.405,,,,0,
IMG_7951.JPG,"35.8462939, -78.800016",2026-03-03 05:40:36,1,0.9966985583305359,4.797,,,Dark-eyed Junco (Slate-colored),0.987,Dark-eyed Junco (Slate-colored) (98.68%) | Black-throated Blue Warbler (Adult Male) (1.16%) | Blue-gray Gnatcatcher (0.10%) | Mexican Jay (0.02%) | Plumbeous Vireo (0.01%)
IMG_7952.JPG,"35.8462939, -78.800016",2026-03-03 05:46:31,1,0.9987755417823792,5.1,Red-bellied Woodpecker,Red-bellied Woodpecker,Red-bellied Woodpecker,1.0,Red-bellied Woodpecker (99.98%) | Gila Woodpecker (0.01%) | Golden-fronted Woodpecker (0.00%) | Nuttall's Woodpecker (0.00%) | Pygmy Nuthatch (0.00%)
IMG_7953.JPG,"35.8462939, -78.800016",2026-03-03 05:46:33,1,0.9960178732872009,5.251,Red-bellied Woodpecker,Red-bellied Woodpecker,Red-bellied Woodpecker,1.0,Red-bellied Woodpecker (100.00%) | Golden-fronted Woodpecker (0.00%) | Gila Woodpecker (0.00%) | Black-throated Green Warbler (0.00%) | Prothonotary Warbler (0.00%)
IMG_7954.JPG,"35.8462939, -78.800016",2026-03-03 05:46:36,1,0.9989421963691711,5.47,Red-bellied Woodpecker,Red-bellied Woodpecker,Red-bellied Woodpecker,1.0,Red-bellied Woodpecker (100.00%) | Golden-fronted Woodpecker (0.00%) | Gila Woodpecker (0.00%) | Nuttall's Woodpecker (0.00%) | Downy Woodpecker (0.00%)
IMG_7955.JPG,"35.8462939, -78.800016",2026-03-03 05:46:37,1,0.9886168837547302,5.692,Red-bellied Woodpecker,Red-bellied Woodpecker,Red-bellied Woodpecker,1.0,Red-bellied Woodpecker (99.99%) | Gila Woodpecker (0.01%) | Golden-fronted Woodpecker (0.00%) | Red-headed Woodpecker (Adult) (0.00%) | Nuttall's Woodpecker (0.00%)
IMG_7956.JPG,"35.8462939, -78.800016",2026-03-03 05:46:39,1,0.9993410706520081,4.719,,Manual: Red-bellied Woodpecker,Gila Woodpecker,0.784,Gila Woodpecker (78.38%) | Red-bellied Woodpecker (12.75%) | Golden-fronted Woodpecker (8.78%) | Pygmy Nuthatch (0.04%) | Nuttall's Woodpecker (0.04%)
IMG_7957.JPG,"35.8462939, -78.800016",2026-03-03 05:50:56,1,0.9990430474281311,7.82,American Robin,American Robin,American Robin (Adult),0.998,American Robin (Adult) (99.77%) | American Robin (Juvenile) (0.22%) | Varied Thrush (0.01%) | Rough-legged Hawk (Dark morph) (0.00%) | Eastern Bluebird (0.00%)
IMG_7958.JPG,"35.8462939, -78.800016",2026-03-03 05:51:02,1,0.9981151819229126,8.316,American Robin,American Robin,American Robin (Adult),1.0,American Robin (Adult) (99.95%) | American Robin (Juvenile) (0.04%) | Varied Thrush (0.01%) | Rough-legged Hawk (Dark morph) (0.00%) | Baltimore Oriole (Female/Immature male) (0.00%)
IMG_7960.JPG,"35.8462939, -78.800016",2026-03-03 05:51:18,2,0.9978614449501038,5.156,,,,0,
IMG_7961.JPG,"35.8462939, -78.800016",2026-03-03 05:51:40,1,0.9990359544754028,4.739,American Robin (Adult),American Robin (Adult),American Robin (Adult),1.0,American Robin (Adult) (100.00%) | Cassin's Kingbird (0.00%) | Canada Warbler (0.00%) | Lesser Goldfinch (Adult Male) (0.00%) | Varied Thrush (0.00%)
IMG_7962.JPG,"35.8462939, -78.800016",2026-03-03 05:51:45,1,0.9986940026283264,5.645,American Robin (Adult),American Robin (Adult),American Robin (Adult),1.0,American Robin (Adult) (100.00%) | Canada Warbler (0.00%) | Nashville Warbler (0.00%) | Cassin's Kingbird (0.00%) | Eastern Towhee (0.00%)
IMG_7966.JPG,No GPS Data,2026-03-03 05:57:51,0,0,0.0,,,,0,
IMG_7967.JPG,"35.8462939, -78.800016",2026-03-03 05:57:54,1,0.9993686079978943,4.165,Mourning Dove,Mourning Dove,Mourning Dove,0.996,Mourning Dove (99.60%) | White-winged Dove (0.40%) | Glaucous-winged Gull (Adult) (0.00%) | Band-tailed Pigeon (0.00%) | Common Ground-Dove (0.00%)
IMG_7968.JPG,"35.85410469271344, -78.8826079082892",2026-03-04 04:24:04,1,0.9987834095954895,6.743,Carolina Wren,Carolina Wren,Carolina Wren,1.0,Carolina Wren (100.00%) | House Wren (0.00%) | Bewick's Wren (0.00%) | Song Sparrow (0.00%) | Northern Pygmy-Owl (0.00%)
IMG_7970.JPG,"35.85410469271344, -78.8826079082892",2026-03-04 04:24:57,1,0.9732841849327087,5.735,,Manual: Carolina Chickadee,Carolina Chickadee,0.988,Carolina Chickadee (98.75%) | Tufted Titmouse (0.50%) | Black-tailed Gnatcatcher (0.45%) | Verdin (0.08%) | Bushtit (0.06%)
IMG_7971.JPG,"35.85410469271344, -78.8826079082892",2026-03-04 04:25:01,1,0.9854477047920227,5.84,,Manual: Carolina Chickadee,Carolina Chickadee,0.624,Carolina Chickadee (62.39%) | Black-capped Chickadee (37.59%) | Black-tailed Gnatcatcher (0.01%) | Black-throated Gray Warbler (0.01%) | Eastern Kingbird (0.00%)
IMG_7972.JPG,"35.85410469271344, -78.8826079082892",2026-03-04 04:25:03,1,0.9944942593574524,5.891,,Manual: Carolina Chickadee,Black-capped Chickadee,0.811,Black-capped Chickadee (81.14%) | Carolina Chickadee (18.25%) | Great Cormorant (Adult) (0.44%) | Chestnut-backed Chickadee (0.07%) | Black-tailed Gnatcatcher (0.05%)
IMG_7973.JPG,"35.85410469271344, -78.8826079082892",2026-03-04 04:30:13,2,0.7186664342880249,6.2,,Manual: Pine Warbler,,0,
IMG_7974.JPG,"35.85410469271344, -78.8826079082892",2026-03-04 04:30:15,1,0.9983131885528564,6.169,,Manual: Pine Warbler,Pine Warbler,0.92,"Pine Warbler (91.98%) | Yellow-throated Vireo (4.85%) | Bay-breasted Warbler (Female, Nonbreeding male, Immature) (1.29%) | Northern Parula (1.05%) | Orchard Oriole (Female/Juvenile) (0.76%)"
IMG_7975.JPG,"35.85410469271344, -78.8826079082892",2026-03-04 04:30:17,1,0.999041736125946,6.131,,Manual: Pine Warbler,Tennessee Warbler,0.372,Tennessee Warbler (37.24%) | Western Tanager (Female/Nonbreeding Male) (29.62%) | Orchard Oriole (Female/Juvenile) (14.61%) | Prairie Warbler (13.71%) | Pine Warbler (2.91%)
IMG_7977.JPG,"35.85410469271344, -78.8826079082892",2026-03-04 04:46:14,1,0.998066246509552,5.207,,Manual: White-throated Sparrow,Western Gull (Adult),0.903,Western Gull (Adult) (90.26%) | Louisiana Waterthrush (4.79%) | Dark-eyed Junco (Slate-colored) (1.42%) | Varied Thrush (0.62%) | Surf Scoter (Male) (0.47%)
IMG_7978.JPG,"35.85410469271344, -78.8826079082892",2026-03-04 04:46:30,1,0.9991371035575867,4.978,White-throated Sparrow (White-striped),Manual: White-throated Sparrow,White-throated Sparrow (White-striped),0.992,White-throated Sparrow (White-striped) (99.23%) | House Sparrow (Female/Juvenile) (0.50%) | Yellow-rumped Warbler (Breeding Myrtle) (0.07%) | Swamp Sparrow (0.07%) | White-throated Sparrow (Tan-striped/immature) (0.04%)
IMG_7979.JPG,"35.85410469271344, -78.8826079082892",2026-03-04 04:46:34,1,0.9991757273674011,7.116,,Manual: White-throated Sparrow,White-throated Sparrow (White-striped),0.824,White-throated Sparrow (White-striped) (82.35%) | White-throated Sparrow (Tan-striped/immature) (15.93%) | Swamp Sparrow (1.45%) | Common Loon (Nonbreeding/juvenile) (0.12%) | Cassin's Vireo (0.07%)
IMG_7981.JPG,"35.85410469271344, -78.8826079082892",2026-03-04 04:46:42,1,0.9984752535820007,4.652,,Manual: White-throated Sparrow,Golden-crowned Sparrow (Immature),0.629,Golden-crowned Sparrow (Immature) (62.86%) | Common Grackle (33.25%) | House Sparrow (Male) (2.57%) | Least Flycatcher (0.29%) | Common Yellowthroat (Female/immature male) (0.28%)
IMG_7982.JPG,"35.85410469271344, -78.8826079082892",2026-03-04 04:49:24,4,0.9980564713478088,8.169,,,,0,
IMG_7983.JPG,"35.85410469271344, -78.8826079082892",2026-03-04 04:49:30,4,0.9985652565956116,7.85,,,,0,
IMG_7984.JPG,No GPS Data,2026-03-04 04:51:13,0,0,0.0,,,,0,
IMG_7985.JPG,"35.85410469271344, -78.8826079082892",2026-03-04 04:54:39,2,0.9465067386627197,5.753,,,,0,
IMG_7991.JPG,"35.85410469271344, -78.8826079082892",2026-03-04 04:55:19,1,0.9990835189819336,5.807,,,Yellow-rumped Warbler (Breeding Myrtle),0.951,Yellow-rumped Warbler (Breeding Myrtle) (95.09%) | Yellow-rumped Warbler (Winter/juvenile Audubon's) (2.93%) | Cape May Warbler (1.52%) | Yellow-rumped Warbler (Breeding Audubon's) (0.26%) | White-winged Crossbill (Female/juvenile) (0.06%)
IMG_7995.JPG,"35.85410469271344, -78.8826079082892",2026-03-04 04:58:03,2,0.8851873278617859,8.563,,,,0,
IMG_7996.JPG,"35.85410469271344, -78.8826079082892",2026-03-04 04:58:08,1,0.9866496920585632,8.187,Northern Flicker,Northern Flicker,Northern Flicker (Yellow-shafted),0.991,Northern Flicker (Yellow-shafted) (99.07%) | Northern Flicker (Red-shafted) (0.93%) | Nuttall's Woodpecker (0.00%) | Anna's Hummingbird (Adult Male) (0.00%) | Bullock's Oriole (Female/Immature male) (0.00%)
IMG_7997.JPG,"35.85410469271344, -78.8826079082892",2026-03-04 04:58:10,1,0.9976902008056641,7.542,Northern Flicker (Yellow-shafted),Northern Flicker (Yellow-shafted),Northern Flicker (Yellow-shafted),1.0,Northern Flicker (Yellow-shafted) (100.00%) | Nuttall's Woodpecker (0.00%) | Bullock's Oriole (Female/Immature male) (0.00%) | Northern Flicker (Red-shafted) (0.00%) | Hermit Thrush (0.00%)
IMG_7999.JPG,"35.85410469271344, -78.8826079082892",2026-03-04 04:58:46,1,0.999254047870636,5.894,Red-winged Blackbird (Female/juvenile),Red-winged Blackbird (Female/juvenile),Red-winged Blackbird (Female/juvenile),1.0,Red-winged Blackbird (Female/juvenile) (100.00%) | Common Redpoll (0.00%) | European Starling (Nonbreeding Adult) (0.00%) | Yellow-rumped Warbler (Breeding Myrtle) (0.00%) | Cape May Warbler (0.00%)
IMG_8001.JPG,"35.85410469271344, -78.8826079082892",2026-03-04 04:59:28,1,0.9991658926010132,4.677,Northern Flicker (Yellow-shafted),Northern Flicker (Yellow-shafted),Northern Flicker (Yellow-shafted),1.0,Northern Flicker (Yellow-shafted) (100.00%) | Nuttall's Woodpecker (0.00%) | Northern Flicker (Red-shafted) (0.00%) | Golden-fronted Woodpecker (0.00%) | Yellow-bellied Sapsucker (0.00%)
IMG_8002.JPG,"35.85410469271344, -78.8826079082892",2026-03-04 04:59:30,1,0.9992401599884033,5.202,Northern Flicker,Northern Flicker,Northern Flicker (Yellow-shafted),1.0,Northern Flicker (Yellow-shafted) (100.00%) | Northern Flicker (Red-shafted) (0.00%) | Yellow-bellied Sapsucker (0.00%) | Nuttall's Woodpecker (0.00%) | Bullock's Oriole (Female/Immature male) (0.00%)
IMG_8006.JPG,"35.85410469271344, -78.8826079082892",2026-03-04 05:03:03,1,0.9985169768333435,6.266,Blue Jay,Blue Jay,Blue Jay,1.0,Blue Jay (100.00%) | Hermit Thrush (0.00%) | Laughing Gull (Nonbreeding/Immature) (0.00%) | Northern Shrike (0.00%) | Western Gull (Adult) (0.00%)
IMG_8008.JPG,"35.85410469271344, -78.8826079082892",2026-03-04 05:03:07,1,0.9968258142471313,6.416,Blue Jay,Blue Jay,Blue Jay,1.0,Blue Jay (100.00%) | Hermit Thrush (0.00%) | Western Gull (Adult) (0.00%) | Florida Scrub-Jay (0.00%) | Mexican Jay (0.00%)
IMG_8009.JPG,"35.85410469271344, -78.8826079082892",2026-03-04 05:03:45,1,0.9972803592681885,5.48,Northern Flicker,Northern Flicker,Northern Flicker (Yellow-shafted),1.0,Northern Flicker (Yellow-shafted) (99.99%) | Northern Flicker (Red-shafted) (0.00%) | Nuttall's Woodpecker (0.00%) | Ladder-backed Woodpecker (0.00%) | Yellow-bellied Sapsucker (0.00%)
IMG_8010.JPG,"35.85410469271344, -78.8826079082892",2026-03-04 05:03:46,1,0.9988933205604553,5.815,Northern Flicker (Yellow-shafted),Northern Flicker (Yellow-shafted),Northern Flicker (Yellow-shafted),1.0,Northern Flicker (Yellow-shafted) (100.00%) | Bullock's Oriole (Female/Immature male) (0.00%) | Northern Flicker (Red-shafted) (0.00%) | Golden-crowned Sparrow (Adult) (0.00%) | Nuttall's Woodpecker (0.00%)
IMG_8011.JPG,"35.85410469271344, -78.8826079082892",2026-03-04 05:03:48,2,0.9963255524635315,5.372,,,,0,
IMG_8012.JPG,"35.85410469271344, -78.8826079082892",2026-03-04 05:03:49,2,0.9963734745979309,5.714,,,,0,
IMG_8014.JPG,"35.85410469271344, -78.8826079082892",2026-03-04 05:03:53,3,0.9983568787574768,5.983,,,,0,
IMG_8015.JPG,"35.85410469271344, -78.8826079082892",2026-03-04 05:03:55,3,0.9983774423599243,5.987,,,,0,
IMG_8017.JPG,"35.85410469271344, -78.8826079082892",2026-03-04 05:05:29,1,0.9989332556724548,5.244,Northern Flicker (Yellow-shafted),Northern Flicker (Yellow-shafted),Northern Flicker (Yellow-shafted),1.0,Northern Flicker (Yellow-shafted) (100.00%) | Bullock's Oriole (Female/Immature male) (0.00%) | Northern Flicker (Red-shafted) (0.00%) | Carolina Chickadee (0.00%) | Nuttall's Woodpecker (0.00%)
IMG_8018.JPG,"35.85410469271344, -78.8826079082892",2026-03-04 05:05:37,1,0.9987308382987976,5.521,Northern Flicker (Yellow-shafted),Northern Flicker (Yellow-shafted),Northern Flicker (Yellow-shafted),1.0,Northern Flicker (Yellow-shafted) (100.00%) | Gila Woodpecker (0.00%) | Northern Flicker (Red-shafted) (0.00%) | Nuttall's Woodpecker (0.00%) | Prairie Falcon (0.00%)
IMG_8019.JPG,"35.85410469271344, -78.8826079082892",2026-03-04 05:07:04,1,0.9989572763442993,6.216,Red-headed Woodpecker (Adult),Red-headed Woodpecker (Adult),Red-headed Woodpecker (Adult),1.0,Red-headed Woodpecker (Adult) (100.00%) | Red-breasted Sapsucker (0.00%) | Red-headed Woodpecker (Immature) (0.00%) | Pileated Woodpecker (0.00%) | Red-bellied Woodpecker (0.00%)
IMG_8020.JPG,"35.85410469271344, -78.8826079082892",2026-03-04 05:07:06,1,0.9992163181304932,5.924,Red-headed Woodpecker,Red-headed Woodpecker,Red-headed Woodpecker (Adult),1.0,Red-headed Woodpecker (Adult) (100.00%) | Red-headed Woodpecker (Immature) (0.00%) | Red-breasted Sapsucker (0.00%) | Pileated Woodpecker (0.00%) | Western Sandpiper (0.00%)
IMG_8022.JPG,"35.85410469271344, -78.8826079082892",2026-03-04 05:08:20,2,0.9985747337341309,3.872,,Manual: Hooded Mergenser,,0,
IMG_8023.JPG,"35.85410469271344, -78.8826079082892",2026-03-04 05:08:21,4,0.8155626058578491,5.507,,Manual: Hooded Mergenser,,0,
IMG_8024.JPG,"35.85410469271344, -78.8826079082892",2026-03-04 05:08:24,2,0.9981460571289062,4.925,,Manual: Hooded Mergenser,,0,
IMG_8025.JPG,"35.85410469271344, -78.8826079082892",2026-03-04 05:09:19,1,0.9985201954841614,7.261,Red-headed Woodpecker,Red-headed Woodpecker,Red-headed Woodpecker (Adult),1.0,Red-headed Woodpecker (Adult) (100.00%) | Red-headed Woodpecker (Immature) (0.00%) | Red-breasted Sapsucker (0.00%) | Pileated Woodpecker (0.00%) | Red-naped Sapsucker (0.00%)
IMG_8026.JPG,"35.85410469271344, -78.8826079082892",2026-03-04 05:09:23,1,0.9974122643470764,7.12,Red-headed Woodpecker,Red-headed Woodpecker,Red-headed Woodpecker (Adult),1.0,Red-headed Woodpecker (Adult) (100.00%) | Red-headed Woodpecker (Immature) (0.00%) | Red-breasted Sapsucker (0.00%) | Pileated Woodpecker (0.00%) | Red-naped Sapsucker (0.00%)
IMG_8027.JPG,"35.85410469271344, -78.8826079082892",2026-03-04 05:09:44,1,0.9994636178016663,4.031,Eastern Towhee,Eastern Towhee,Eastern Towhee,0.998,Eastern Towhee (99.79%) | California Towhee (0.17%) | Spotted Towhee (0.04%) | American Redstart (Adult Male) (0.00%) | Phainopepla (Male) (0.00%)
IMG_8029.JPG,"35.85410469271344, -78.8826079082892",2026-03-04 05:09:46,1,0.9991798996925354,4.595,Eastern Towhee,Eastern Towhee,Eastern Towhee,1.0,Eastern Towhee (100.00%) | Dark-eyed Junco (Oregon) (0.00%) | Mourning Warbler (0.00%) | Spotted Towhee (0.00%) | Northern Shoveler (Breeding male) (0.00%)
IMG_8030.JPG,"35.85410469271344, -78.8826079082892",2026-03-04 05:09:48,1,0.9908066391944885,4.485,Eastern Towhee,Eastern Towhee,Eastern Towhee,1.0,Eastern Towhee (100.00%) | Dark-eyed Junco (Oregon) (0.00%) | Mourning Warbler (0.00%) | Spotted Towhee (0.00%) | Rose-breasted Grosbeak (Adult Male) (0.00%)
IMG_8034.JPG,"35.85410469271344, -78.8826079082892",2026-03-04 05:14:03,1,0.9993477463722229,6.231,,American Crow,American Crow,0.986,American Crow (98.62%) | Bronzed Cowbird (1.03%) | Common Grackle (0.26%) | Boat-tailed Grackle (0.08%) | Chihuahuan Raven (0.00%)
IMG_8036.JPG,"35.85410469271344, -78.8826079082892",2026-03-04 05:19:35,1,0.9994655251502991,4.481,Killdeer,Killdeer,Killdeer,1.0,Killdeer (100.00%) | Semipalmated Plover (0.00%) | Ruddy Turnstone (0.00%) | American Oystercatcher (0.00%) | Cliff Swallow (0.00%)
IMG_8037.JPG,"35.85410469271344, -78.8826079082892",2026-03-04 05:19:43,1,0.9996209144592285,5.181,Killdeer,Killdeer,Killdeer,1.0,Killdeer (99.99%) | Ruddy Turnstone (0.01%) | Semipalmated Plover (0.00%) | Black-legged Kittiwake (Immature) (0.00%) | American Oystercatcher (0.00%)
IMG_8038.JPG,"35.85410469271344, -78.8826079082892",2026-03-04 05:29:49,1,0.9972590208053589,4.673,Tufted Titmouse,Tufted Titmouse,Tufted Titmouse,1.0,Tufted Titmouse (100.00%) | Warbling Vireo (0.00%) | Eastern Bluebird (0.00%) | Black-crested Titmouse (0.00%) | Carolina Chickadee (0.00%)
IMG_8039.JPG,"35.85410469271344, -78.8826079082892",2026-03-04 05:29:51,1,0.9987298846244812,7.473,,Manual: Tufted Titmouse,Tufted Titmouse,0.917,"Tufted Titmouse (91.70%) | Eastern Bluebird (8.13%) | Calliope Hummingbird (Female, immature) (0.11%) | Sharp-shinned Hawk (Adult ) (0.04%) | Eastern Towhee (0.01%)"
IMG_8040.JPG,"35.85410469271344, -78.8826079082892",2026-03-04 05:29:52,1,0.995236873626709,7.17,Tufted Titmouse,Tufted Titmouse,Tufted Titmouse,1.0,Tufted Titmouse (100.00%) | Warbling Vireo (0.00%) | Eastern Bluebird (0.00%) | Sharp-shinned Hawk (Adult ) (0.00%) | Eastern Towhee (0.00%)
IMG_8041.JPG,"35.85410469271344, -78.8826079082892",2026-03-04 05:29:53,1,0.9734554290771484,6.396,,Manual: Tufted Titmouse,Tufted Titmouse,0.846,Tufted Titmouse (84.57%) | Northern Mockingbird (7.39%) | Plumbeous Vireo (6.86%) | Hoary Redpoll (0.83%) | Blue-gray Gnatcatcher (0.34%)
IMG_8042.JPG,"35.85410469271344, -78.8826079082892",2026-03-04 05:29:55,1,0.9872524738311768,6.914,Tufted Titmouse,Tufted Titmouse,Tufted Titmouse,1.0,Tufted Titmouse (100.00%) | Plumbeous Vireo (0.00%) | Least Flycatcher (0.00%) | Eastern Bluebird (0.00%) | Bushtit (0.00%)
IMG_9401.JPG,"37.521590501729406, -122.25031320667618",2026-04-26 07:28:48,2,0.9978919625282288,7.275,,Manual: Violet-green Swallow,,0,
IMG_9402.JPG,"37.521590501729406, -122.25031320667618",2026-04-26 07:39:50,1,0.9966519474983215,6.227,Black-crowned Night-Heron (Adult),Black-crowned Night-Heron (Adult),Black-crowned Night-Heron (Adult),1.0,Black-crowned Night-Heron (Adult) (100.00%) | Great Blue Heron (0.00%) | Green Heron (0.00%) | Tricolored Heron (0.00%) | Black-crowned Night-Heron (Immature) (0.00%)
IMG_9403.JPG,"37.521590501729406, -122.25031320667618",2026-04-26 07:41:11,1,0.9996129870414734,5.207,Hummingbird,Manual: Anna's Hummingbird,Anna's Hummingbird (Adult Male),0.975,"Anna's Hummingbird (Adult Male) (97.46%) | Costa's Hummingbird (Adult Male) (2.18%) | Ruby-throated Hummingbird (Adult Male) (0.31%) | Broad-tailed Hummingbird (Adult Male) (0.04%) | Anna's Hummingbird (Female, immature) (0.01%)"
IMG_9404.JPG,"37.521590501729406, -122.25031320667618",2026-04-26 07:46:50,2,0.9978747367858887,5.819,,,,0,
IMG_9405.JPG,No GPS Data,2026-04-26 07:47:30,0,0,0.0,,,,0,
IMG_9409.JPG,"37.521590501729406, -122.25031320667618",2026-04-26 07:59:43,2,0.9974316954612732,8.784,,,,0,
IMG_9410.JPG,"37.521590501729406, -122.25031320667618",2026-04-26 08:14:15,1,0.9993682503700256,7.219,Forster's Tern,Forster's Tern,Forster's Tern,1.0,Forster's Tern (100.00%) | Common Tern (0.00%) | Glaucous-winged Gull (Adult) (0.00%) | Royal Tern (0.00%) | Black Skimmer (0.00%)
IMG_9412.JPG,"37.521590501729406, -122.25031320667618",2026-04-26 08:14:56,10,0.9978197813034058,7.123,,,,0,
IMG_9414.JPG,"37.521590501729406, -122.25031320667618",2026-04-26 08:17:19,1,0.9991631507873535,9.777,Spotted Sandpiper,,Spotted Sandpiper (Nonbreeding/juvenile),0.99,"Spotted Sandpiper (Nonbreeding/juvenile) (99.05%) | Spotted Sandpiper (Breeding) (0.95%) | Vermilion Flycatcher (Female, immature) (0.00%) | Red-eyed Vireo (0.00%) | Brewer's Blackbird (Male) (0.00%)"
IMG_9416.JPG,"37.5562551, -122.2451359",2026-04-26 10:27:01,4,0.9920837879180908,9.847,,,,0,
IMG_9418.JPG,"37.5562551, -122.2451359",2026-04-26 10:27:37,3,0.9917770624160767,6.835,,,,0,
IMG_9423.JPG,"37.5562551, -122.2451359",2026-04-26 10:28:48,1,0.9993441700935364,5.924,Short-billed Dowitcher,Short-billed Dowitcher,Short-billed Dowitcher,1.0,Short-billed Dowitcher (100.00%) | Marbled Godwit (0.00%) | Dunlin (Nonbreeding/juvenile) (0.00%) | Blue-winged Teal (Female/juvenile) (0.00%) | Willet (0.00%)
IMG_9425.JPG,"37.5562551, -122.2451359",2026-04-26 10:28:59,2,0.990228533744812,5.917,,,,0,
IMG_9430.JPG,"37.5562551, -122.2451359",2026-04-26 10:31:58,1,0.9989957213401794,6.189,Semipalmated Plover,Semipalmated Plover,Semipalmated Plover,1.0,Semipalmated Plover (100.00%) | Hooded Warbler (0.00%) | Spotted Sandpiper (Nonbreeding/juvenile) (0.00%) | Common Tern (0.00%) | Horned Lark (0.00%)
IMG_9431.JPG,"37.5562551, -122.2451359",2026-04-26 10:32:08,9,0.9948968291282654,6.067,,,,0,
IMG_9432.JPG,"37.5562551, -122.2451359",2026-04-26 10:32:19,5,0.997794508934021,5.583,,,,0,
IMG_9433.JPG,"37.5562551, -122.2451359",2026-04-26 10:33:09,1,0.9922837615013123,8.621,Western Sandpiper,Manual: Western Sandpiper,Western Sandpiper,0.992,Western Sandpiper (99.21%) | Semipalmated Sandpiper (0.70%) | Least Sandpiper (0.05%) | Dunlin (Breeding) (0.02%) | Red-breasted Sapsucker (0.01%)
IMG_9435.JPG,"37.5562551, -122.2451359",2026-04-26 10:36:05,4,0.9522179961204529,6.054,,,,0,
IMG_9436.JPG,No GPS Data,2026-04-26 10:36:35,0,0,0.0,,,,0,
IMG_9437.JPG,"37.5562551, -122.2451359",2026-04-26 10:37:57,2,0.9995835423469543,6.504,,,,0,
IMG_9438.JPG,"37.5562551, -122.2451359",2026-04-26 10:39:21,1,0.9992764592170715,5.685,Short-billed Dowitcher,Short-billed Dowitcher,Short-billed Dowitcher,1.0,Short-billed Dowitcher (100.00%) | Dunlin (Nonbreeding/juvenile) (0.00%) | Blue-winged Teal (Female/juvenile) (0.00%) | Marbled Godwit (0.00%) | Red-shouldered Hawk (Adult ) (0.00%)
IMG_9441.JPG,"37.5562551, -122.2451359",2026-04-26 10:49:45,1,0.9993690848350525,5.073,Semipalmated Plover,Semipalmated Plover,Semipalmated Plover,1.0,Semipalmated Plover (100.00%) | Ruddy Turnstone (0.00%) | Killdeer (0.00%) | Black-legged Kittiwake (Immature) (0.00%) | Horned Lark (0.00%)
IMG_9442.JPG,"37.5562551, -122.2451359",2026-04-26 10:50:29,5,0.9965638518333435,7.802,,,,0,
IMG_9443.JPG,"37.5562551, -122.2451359",2026-04-26 11:02:16,1,0.9993913173675537,5.497,Semipalmated Plover,Semipalmated Plover,Semipalmated Plover,1.0,Semipalmated Plover (100.00%) | Killdeer (0.00%) | Spotted Sandpiper (Nonbreeding/juvenile) (0.00%) | Horned Lark (0.00%) | Ruddy Turnstone (0.00%)
IMG_9444.JPG,"37.5562551, -122.2451359",2026-04-26 11:05:29,3,0.998528242111206,8.093,,,,0,
IMG_9445.JPG,"37.5562551, -122.2451359",2026-04-26 11:05:34,9,0.9937441945075989,8.043,,,,0,
IMG_9446.JPG,"37.5562551, -122.2451359",2026-04-26 11:24:05,1,0.9993898868560791,6.017,,,Caspian Tern,0.608,Caspian Tern (60.81%) | Royal Tern (39.19%) | Common Tern (0.00%) | Common Gallinule (Adult) (0.00%) | Black Skimmer (0.00%)
IMG_9447.JPG,"37.5562551, -122.2451359",2026-04-26 11:30:38,5,0.9982923865318298,7.184,,,,0,
IMG_9448.JPG,"37.5562551, -122.2451359",2026-04-26 11:49:33,6,0.9972366094589233,9.613,,,,0,
IMG_9452.JPG,"37.5309468, -122.364099",2026-05-14 14:28:08,1,0.998961329460144,5.315,Pied-billed Grebe,Pied-billed Grebe,Pied-billed Grebe,1.0,Pied-billed Grebe (100.00%) | Red-necked Grebe (Breeding) (0.00%) | Surf Scoter (Female/immature) (0.00%) | Ruby-throated Hummingbird (Adult Male) (0.00%) | Pacific Loon (Breeding) (0.00%)
IMG_9453.JPG,"37.5309468, -122.364099",2026-05-14 14:31:45,1,0.9982252717018127,7.585,Red-winged Blackbird (Male),Red-winged Blackbird (Male),Red-winged Blackbird (Male),1.0,Red-winged Blackbird (Male) (100.00%) | Brewer's Blackbird (Male) (0.00%) | Bronzed Cowbird (0.00%) | Double-crested Cormorant (Adult) (0.00%) | Yellow-headed Blackbird (Adult Male) (0.00%)
IMG_9454.JPG,"37.5309468, -122.364099",2026-05-14 15:16:56,1,0.9988033771514893,3.846,Chestnut-backed Chickadee,Chestnut-backed Chickadee,Chestnut-backed Chickadee,1.0,Chestnut-backed Chickadee (100.00%) | Boreal Chickadee (0.00%) | Black-capped Chickadee (0.00%) | Bushtit (0.00%) | Wrentit (0.00%)
IMG_9455.JPG,"37.5309468, -122.364099",2026-05-14 15:21:14,2,0.9992942810058594,7.202,,,,0,
IMG_9459.JPG,"37.41017, -122.16123",2026-05-15 12:31:22,1,0.9624011516571045,5.9,,Manual: Ash-throated Flycatcher,Ash-throated Flycatcher,0.987,"Ash-throated Flycatcher (98.66%) | Black-chinned Hummingbird (Female, immature) (1.28%) | Orchard Oriole (Immature Male) (0.02%) | Bell's Vireo (0.01%) | Spotted Sandpiper (Nonbreeding/juvenile) (0.01%)"
IMG_9461.JPG,"37.41017, -122.16123",2026-05-15 12:32:52,1,0.9987902045249939,5.391,Acorn Woodpecker,Acorn Woodpecker,Acorn Woodpecker,1.0,Acorn Woodpecker (100.00%) | Red-headed Woodpecker (Adult) (0.00%) | Red-naped Sapsucker (0.00%) | Red-headed Woodpecker (Immature) (0.00%) | Costa's Hummingbird (Adult Male) (0.00%)
IMG_9462.JPG,"37.41017, -122.16123",2026-05-15 12:46:32,1,0.9959732890129089,6.731,,,House Finch (Adult Male),0.9,House Finch (Adult Male) (89.95%) | Fox Sparrow (Red) (10.01%) | Cordilleran Flycatcher (0.01%) | Yellow-headed Blackbird (Female/Immature Male) (0.01%) | Northern Waterthrush (0.01%)
IMG_9464.JPG,"37.41017, -122.16123",2026-05-15 12:50:37,1,0.9985547661781311,5.46,Ash-throated Flycatcher,Ash-throated Flycatcher,Ash-throated Flycatcher,1.0,"Ash-throated Flycatcher (99.99%) | Great Crested Flycatcher (0.01%) | Eastern Kingbird (0.00%) | Scissor-tailed Flycatcher (0.00%) | Black-chinned Hummingbird (Female, immature) (0.00%)"
IMG_9465.JPG,"37.41017, -122.16123",2026-05-15 12:50:43,1,0.9885905385017395,6.21,Ash-throated Flycatcher,Ash-throated Flycatcher,Ash-throated Flycatcher,1.0,"Ash-throated Flycatcher (99.99%) | Great Crested Flycatcher (0.01%) | Loggerhead Shrike (0.00%) | Eastern Kingbird (0.00%) | Black-chinned Hummingbird (Female, immature) (0.00%)"
IMG_9466.JPG,"37.41017, -122.16123",2026-05-15 12:52:21,1,0.9981927275657654,6.906,,,Common Raven,0.832,Common Raven (83.20%) | Great Cormorant (Adult) (7.64%) | Double-crested Cormorant (Adult) (4.29%) | Chimney Swift (3.50%) | Fish Crow (1.14%)
IMG_9468.JPG,"37.41017, -122.16123",2026-05-15 13:01:06,1,0.9991567134857178,4.583,,Manual: Brown-headed Cowbird,Brown-headed Cowbird (Female/Juvenile),0.979,Brown-headed Cowbird (Female/Juvenile) (97.91%) | Western Wood-Pewee (0.69%) | Red-winged Blackbird (Female/juvenile) (0.65%) | California Towhee (0.32%) | Rusty Blackbird (0.22%)
IMG_9469.JPG,"37.41017, -122.16123",2026-05-15 13:02:36,1,0.99954754114151,4.994,European Starling (Juvenile),European Starling (Juvenile),European Starling (Juvenile),1.0,European Starling (Juvenile) (100.00%) | Western Wood-Pewee (0.00%) | House Sparrow (Female/Juvenile) (0.00%) | Brown-headed Cowbird (Female/Juvenile) (0.00%) | Purple Martin (Female/juvenile) (0.00%)
IMG_9471.JPG,"37.41017, -122.16123",2026-05-15 13:08:47,1,0.9990447163581848,6.34,Western Bluebird,Western Bluebird,Western Bluebird,1.0,Western Bluebird (99.99%) | Red-headed Woodpecker (Adult) (0.01%) | Florida Scrub-Jay (0.00%) | Purple Martin (Adult male) (0.00%) | Rough-legged Hawk (Light morph) (0.00%)
IMG_9472.JPG,"37.41017, -122.16123",2026-05-15 13:15:46,1,0.9992697834968567,4.843,,Manual: Lesser Goldfinch,Lesser Goldfinch (Female/juvenile),0.945,Lesser Goldfinch (Female/juvenile) (94.53%) | Lesser Goldfinch (Adult Male) (3.23%) | Western Tanager (Female/Nonbreeding Male) (2.21%) | Bell's Vireo (0.02%) | Red Crossbill (Female/juvenile) (0.01%)
IMG_9473.JPG,"37.41017, -122.16123",2026-05-15 13:15:49,1,0.9989570379257202,5.976,,Manual: Lesser Goldfinch,Lesser Goldfinch (Adult Male),0.519,Lesser Goldfinch (Adult Male) (51.86%) | Lesser Goldfinch (Female/juvenile) (35.05%) | Red Crossbill (Female/juvenile) (6.83%) | Scarlet Tanager (Female/Nonbreeding Male) (3.37%) | Western Tanager (Female/Nonbreeding Male) (2.66%)
IMG_9474.JPG,"37.41017, -122.16123",2026-05-15 13:18:10,2,0.9925561547279358,5.476,,,,0,
IMG_9478.JPG,"37.41017, -122.16123",2026-05-15 13:20:08,1,0.9990870952606201,5.589,"American Kestrel (Female, immature)","American Kestrel (Female, immature)","American Kestrel (Female, immature)",1.0,"American Kestrel (Female, immature) (100.00%) | Yellow-bellied Sapsucker (0.00%) | Horned Lark (0.00%) | Northern Harrier (Female, immature) (0.00%) | Merlin (0.00%)"
IMG_9479.JPG,"37.41017, -122.16123",2026-05-15 13:20:13,1,0.9991102814674377,4.64,"American Kestrel (Female, immature)","American Kestrel (Female, immature)","American Kestrel (Female, immature)",0.995,"American Kestrel (Female, immature) (99.52%) | Merlin (0.34%) | Chipping Sparrow (Immature/nonbreeding adult) (0.13%) | Northern Rough-winged Swallow (0.00%) | Yellow-bellied Sapsucker (0.00%)"
IMG_9480.JPG,"37.41017, -122.16123",2026-05-15 13:20:15,1,0.9989571571350098,4.704,"American Kestrel (Female, immature)","American Kestrel (Female, immature)","American Kestrel (Female, immature)",1.0,"American Kestrel (Female, immature) (100.00%) | Yellow-bellied Sapsucker (0.00%) | Horned Lark (0.00%) | Merlin (0.00%) | Red Crossbill (Adult Male) (0.00%)"
IMG_9481.JPG,"37.41017, -122.16123",2026-05-15 13:20:20,1,0.9990097284317017,4.412,"American Kestrel (Female, immature)","American Kestrel (Female, immature)","American Kestrel (Female, immature)",1.0,"American Kestrel (Female, immature) (100.00%) | Yellow-bellied Sapsucker (0.00%) | Horned Lark (0.00%) | Bank Swallow (0.00%) | Merlin (0.00%)"
IMG_9483.JPG,"37.41017, -122.16123",2026-05-15 13:26:22,1,0.9996727705001831,6.27,Wild Turkey,Wild Turkey,Wild Turkey,1.0,Wild Turkey (100.00%) | Inca Dove (0.00%) | Northern Flicker (Red-shafted) (0.00%) | Red-tailed Hawk (Dark morph) (0.00%) | Brown-headed Cowbird (Male) (0.00%)
IMG_9485.JPG,"37.41017, -122.16123",2026-05-15 13:36:01,1,0.8462939858436584,4.543,,,Northern Mockingbird,0.957,Northern Mockingbird (95.69%) | Least Flycatcher (2.19%) | Bushtit (0.59%) | Tufted Titmouse (0.53%) | Ovenbird (0.52%)
IMG_9486.JPG,"37.41017, -122.16123",2026-05-15 13:38:06,1,0.998245120048523,5.645,Lazuli Bunting (Adult Male),Lazuli Bunting (Adult Male),Lazuli Bunting (Adult Male),1.0,Lazuli Bunting (Adult Male) (100.00%) | Blue Grosbeak (Adult Male) (0.00%) | Blue-winged Warbler (0.00%) | Indigo Bunting (Adult Male) (0.00%) | Western Bluebird (0.00%)
IMG_9487.JPG,"37.41017, -122.16123",2026-05-15 13:38:09,1,0.9978304505348206,6.699,Lazuli Bunting (Adult Male),Manual: Lazuli Bunting,Lazuli Bunting (Adult Male),0.996,Lazuli Bunting (Adult Male) (99.57%) | Western Bluebird (0.40%) | Black-capped Chickadee (0.02%) | Northern Parula (0.00%) | Western Scrub-Jay (0.00%)
IMG_9488.JPG,"37.41017, -122.16123",2026-05-15 13:38:14,1,0.9990756511688232,6.408,Lazuli Bunting (Adult Male),Lazuli Bunting (Adult Male),Lazuli Bunting (Adult Male),1.0,Lazuli Bunting (Adult Male) (100.00%) | Painted Bunting (Adult Male) (0.00%) | Yellow-rumped Warbler (Breeding Audubon's) (0.00%) | Western Bluebird (0.00%) | Townsend's Warbler (0.00%)
IMG_9489.JPG,"37.41017, -122.16123",2026-05-15 13:38:17,1,0.9989811778068542,4.759,Lazuli Bunting,Lazuli Bunting (Adult Male),Lazuli Bunting (Adult Male),1.0,Lazuli Bunting (Adult Male) (100.00%) | Lazuli Bunting (Female/juvenile) (0.00%) | Blue Grosbeak (Adult Male) (0.00%) | Painted Bunting (Adult Male) (0.00%) | Western Bluebird (0.00%)
IMG_9490.JPG,"37.41017, -122.16123",2026-05-15 13:38:20,1,0.9985268115997314,5.457,Lazuli Bunting (Adult Male),Lazuli Bunting (Adult Male),Lazuli Bunting (Adult Male),1.0,Lazuli Bunting (Adult Male) (100.00%) | Yellow-rumped Warbler (Breeding Audubon's) (0.00%) | Western Bluebird (0.00%) | Painted Bunting (Adult Male) (0.00%) | Eastern Bluebird (0.00%)
IMG_9491.JPG,"37.41017, -122.16123",2026-05-15 13:38:22,1,0.9838482737541199,5.802,,Manual: Lazuli Bunting,Eastern Bluebird,0.998,Eastern Bluebird (99.82%) | Lazuli Bunting (Adult Male) (0.13%) | Cliff Swallow (0.04%) | Boat-tailed Grackle (0.01%) | Barn Swallow (0.00%)
IMG_9493.JPG,"37.41017, -122.16123",2026-05-15 13:38:44,1,0.9977957010269165,5.505,Lazuli Bunting (Adult Male),Lazuli Bunting (Adult Male),Lazuli Bunting (Adult Male),1.0,Lazuli Bunting (Adult Male) (100.00%) | Painted Bunting (Adult Male) (0.00%) | Western Bluebird (0.00%) | Orchard Oriole (Adult Male) (0.00%) | Lazuli Bunting (Female/juvenile) (0.00%)
IMG_9494.JPG,"37.41017, -122.16123",2026-05-15 13:38:51,2,0.9349055886268616,4.914,,Lazuli Bunting (Adult Male),,0,
IMG_9496.JPG,"37.41017, -122.16123",2026-05-15 13:41:56,1,0.9970627427101135,6.781,Cedar Waxwing,Manual: Cedar Waxwing,Cedar Waxwing,1.0,Cedar Waxwing (100.00%) | Bohemian Waxwing (0.00%) | Reddish Egret (Dark morph) (0.00%) | Gila Woodpecker (0.00%) | Northern Cardinal (Female/Juvenile) (0.00%)
IMG_9498.JPG,"37.41017, -122.16123",2026-05-15 13:42:41,1,0.9978850483894348,6.246,Cedar Waxwing,Manual: Cedar Waxwing,Cedar Waxwing,1.0,Cedar Waxwing (100.00%) | Bohemian Waxwing (0.00%) | Northern Cardinal (Female/Juvenile) (0.00%) | Heermann's Gull (Adult) (0.00%) | White-winged Dove (0.00%)
IMG_9500.JPG,"37.41017, -122.16123",2026-05-15 13:44:13,1,0.9980846643447876,6.594,,,Say's Phoebe,0.526,"Say's Phoebe (52.57%) | Swainson's Hawk (Dark morph ) (34.31%) | Red-shouldered Hawk (Adult ) (6.24%) | Red-tailed Hawk (Dark morph) (4.60%) | Northern Harrier (Female, immature) (1.95%)"
IMG_9503.JPG,"37.41017, -122.16123",2026-05-15 13:50:02,1,0.9994555115699768,6.592,Red-tailed Hawk (Light morph adult),Red-tailed Hawk (Light morph adult),Red-tailed Hawk (Light morph adult),1.0,"Red-tailed Hawk (Light morph adult) (99.99%) | Allen's Hummingbird (Female, immature) (0.00%) | Northern Harrier (Female, immature) (0.00%) | Red-shouldered Hawk (Immature) (0.00%) | Red-tailed Hawk (Dark morph) (0.00%)"
IMG_9504.JPG,"37.41017, -122.16123",2026-05-15 13:51:18,1,0.9995388984680176,4.2,,,Eastern Bluebird,0.556,Eastern Bluebird (55.59%) | Mountain Bluebird (44.01%) | Red-headed Woodpecker (Adult) (0.32%) | Boat-tailed Grackle (0.05%) | Western Bluebird (0.04%)
IMG_9506.JPG,"37.41017, -122.16123",2026-05-15 13:55:15,1,0.9981637597084045,6.584,Red-tailed Hawk (Light morph adult),Red-tailed Hawk (Light morph adult),Red-tailed Hawk (Light morph adult),0.998,Red-tailed Hawk (Light morph adult) (99.80%) | Swainson's Hawk (Dark morph ) (0.20%) | Swainson's Hawk (Light morph ) (0.01%) | Semipalmated Sandpiper (0.00%) | Bullock's Oriole (Female/Immature male) (0.00%)
IMG_9508.JPG,"37.41017, -122.16123",2026-05-15 13:56:30,1,0.9974715709686279,5.679,,,Red-tailed Hawk (Light morph adult),0.497,Red-tailed Hawk (Light morph adult) (49.73%) | Swainson's Hawk (Dark morph ) (23.83%) | Red-tailed Hawk (Light morph immature) (14.13%) | Cooper's Hawk (Adult) (6.44%) | Swainson's Hawk (Light morph ) (5.17%)
IMG_9509.JPG,"37.41017, -122.16123",2026-05-15 13:56:32,1,0.994434654712677,5.824,,,Swainson's Hawk (Light morph ),0.398,Swainson's Hawk (Light morph ) (39.77%) | Cooper's Hawk (Adult) (22.97%) | Red-tailed Hawk (Light morph immature) (18.75%) | Red-tailed Hawk (Light morph adult) (14.92%) | Swainson's Hawk (Dark morph ) (1.59%)
IMG_9510.JPG,"37.41017, -122.16123",2026-05-15 13:58:20,1,0.999325156211853,5.722,House Finch (Adult Male),House Finch (Adult Male),House Finch (Adult Male),1.0,House Finch (Adult Male) (100.00%) | Cassin's Finch (Adult Male) (0.00%) | Blue Grosbeak (Female/juvenile) (0.00%) | Bullock's Oriole (Female/Immature male) (0.00%) | Fox Sparrow (Red) (0.00%)
IMG_9511.JPG,"37.41017, -122.16123",2026-05-15 14:01:00,1,0.9991599321365356,5.309,House Finch (Female/immature),House Finch (Female/immature),House Finch (Female/immature),1.0,House Finch (Female/immature) (100.00%) | Harris's Sparrow (Immature) (0.00%) | Common Redpoll (0.00%) | Cassin's Finch (Female/immature) (0.00%) | Blue Grosbeak (Female/juvenile) (0.00%)
IMG_9513.JPG,"37.41017, -122.16123",2026-05-15 14:06:52,1,0.9995613694190979,5.577,,,Western Bluebird,0.793,Western Bluebird (79.32%) | Hutton's Vireo (12.53%) | Mountain Bluebird (3.82%) | Black-throated Blue Warbler (Female/Immature male) (1.74%) | Western Gull (Adult) (1.61%)
IMG_9514.JPG,"37.181762, -122.3939878",2026-05-23 14:54:56,5,0.9973764419555664,7.889,,,,0,
IMG_9515.JPG,"37.181762, -122.3939878",2026-05-23 14:55:25,1,0.9992351531982422,4.203,Gull,Manual: Western Gull,Western Gull (Adult),0.951,Western Gull (Adult) (95.13%) | Herring Gull (Adult) (4.27%) | Mew Gull (0.34%) | Glaucous-winged Gull (Adult) (0.16%) | Great Black-backed Gull (Adult) (0.03%)
IMG_9516.JPG,"37.181762, -122.3939878",2026-05-23 14:55:36,1,0.9995424747467041,5.504,Gull,Manual: Western Gull,Western Gull (Adult),0.858,Western Gull (Adult) (85.77%) | Great Black-backed Gull (Adult) (13.77%) | Greater Scaup (Breeding male) (0.21%) | Laughing Gull (Nonbreeding/Immature) (0.16%) | California Gull (Adult) (0.03%)
IMG_9517.JPG,"37.181762, -122.3939878",2026-05-23 14:55:57,1,0.9977752566337585,4.817,,,Western Gull (Adult),0.915,Western Gull (Adult) (91.47%) | Bonaparte's Gull (6.36%) | Great Black-backed Gull (Adult) (0.97%) | Greater Scaup (Breeding male) (0.38%) | Louisiana Waterthrush (0.26%)
IMG_9518.JPG,"37.181762, -122.3939878",2026-05-23 14:56:33,9,0.9971978664398193,4.96,,,,0,
IMG_9519.JPG,"37.181762, -122.3939878",2026-05-23 14:56:50,9,0.9975812435150146,4.692,,Manual: Brandt's Cormorant,,0,
IMG_9520.JPG,"37.181762, -122.3939878",2026-05-23 14:56:52,10,0.9620998501777649,5.155,,,,0,
IMG_9521.JPG,"37.181762, -122.3939878",2026-05-23 14:59:04,2,0.7313863635063171,7.253,,,,0,
IMG_9522.JPG,"37.181762, -122.3939878",2026-05-23 14:59:55,1,0.9957204461097717,4.826,,,California Gull (Adult),0.579,California Gull (Adult) (57.88%) | Greater Scaup (Breeding male) (34.35%) | Ring-billed Gull (Adult) (6.20%) | Herring Gull (Adult) (1.06%) | Hoary Redpoll (0.11%)
IMG_9523.JPG,"37.181762, -122.3939878",2026-05-23 15:17:00,3,0.9882800579071045,6.728,,,,0,
IMG_9524.JPG,"37.181762, -122.3939878",2026-05-23 15:18:46,2,0.9984484910964966,5.869,,,,0,
IMG_9525.JPG,"37.181762, -122.3939878",2026-05-23 15:18:50,1,0.9987248778343201,6.771,,,Brewer's Blackbird (Female/Juvenile),0.912,Brewer's Blackbird (Female/Juvenile) (91.19%) | Black Guillemot (Breeding) (4.41%) | Black Scoter (Female/juvenile) (3.42%) | Brown-headed Cowbird (Male) (0.47%) | Red-winged Blackbird (Male) (0.19%)
IMG_9526.JPG,"37.181762, -122.3939878",2026-05-23 15:20:40,1,0.9989655017852783,6.343,,,White-crowned Sparrow (Adult),0.577,White-crowned Sparrow (Adult) (57.73%) | Cassin's Vireo (33.34%) | Golden-crowned Sparrow (Immature) (5.21%) | Hooded Oriole (Female/Immature male) (1.21%) | Common Grackle (0.54%)
IMG_9527.JPG,"37.181762, -122.3939878",2026-05-23 15:21:18,1,0.998736560344696,5.476,,,White-throated Sparrow (Tan-striped/immature),0.982,White-throated Sparrow (Tan-striped/immature) (98.23%) | California Towhee (0.88%) | Northern Pygmy-Owl (0.28%) | Black-crowned Night-Heron (Immature) (0.16%) | Ash-throated Flycatcher (0.13%)
IMG_9528.JPG,"37.181762, -122.3939878",2026-05-23 15:21:20,1,0.9990984201431274,5.622,White-crowned Sparrow (Adult),White-crowned Sparrow (Adult),White-crowned Sparrow (Adult),1.0,White-crowned Sparrow (Adult) (100.00%) | White-throated Sparrow (Tan-striped/immature) (0.00%) | Bobolink (Female/juvenile/nonbreeding male) (0.00%) | California Towhee (0.00%) | Royal Tern (0.00%)
IMG_9529.JPG,"37.181762, -122.3939878",2026-05-23 15:22:19,1,0.9994643330574036,5.728,Brewer's Blackbird (Female/Juvenile),Brewer's Blackbird (Female/Juvenile),Brewer's Blackbird (Female/Juvenile),0.993,Brewer's Blackbird (Female/Juvenile) (99.26%) | Heermann's Gull (Immature) (0.72%) | Mew Gull (0.01%) | Glaucous-winged Gull (Immature) (0.01%) | Boat-tailed Grackle (0.00%)
IMG_9530.JPG,"37.181762, -122.3939878",2026-05-23 15:23:02,1,0.9984159469604492,4.652,Gull,Manual: Western Gull,Western Gull (Immature),1.0,Western Gull (Immature) (99.99%) | Great Black-backed Gull (Immature) (0.00%) | Herring Gull (Immature) (0.00%) | Ring-billed Gull (Immature) (0.00%) | Eastern Screech-Owl (0.00%)
IMG_9531.JPG,"37.181762, -122.3939878",2026-05-23 15:23:17,1,0.9996597766876221,4.516,Gull,Manual: Western Gull,Western Gull (Immature),0.997,Western Gull (Immature) (99.72%) | Glaucous-winged Gull (Immature) (0.25%) | Herring Gull (Immature) (0.04%) | Ring-billed Gull (Immature) (0.00%) | California Gull (Immature) (0.00%)
IMG_9532.JPG,"37.181762, -122.3939878",2026-05-23 15:24:00,1,0.9997382760047913,3.999,,,Mew Gull,0.866,Mew Gull (86.60%) | Brewer's Blackbird (Female/Juvenile) (13.32%) | Brown-headed Cowbird (Female/Juvenile) (0.06%) | Western Wood-Pewee (0.00%) | Northwestern Crow (0.00%)
IMG_9534.JPG,"37.181762, -122.3939878",2026-05-23 15:37:47,1,0.9993273019790649,5.113,,,Ring-billed Gull (Immature),0.938,Ring-billed Gull (Immature) (93.79%) | Herring Gull (Immature) (2.45%) | Western Gull (Immature) (1.98%) | Glaucous-winged Gull (Immature) (1.13%) | Gambel's Quail (Female/juvenile) (0.44%)
IMG_9535.JPG,"37.181762, -122.3939878",2026-05-23 15:42:29,2,0.995947539806366,6.261,,,,0,
IMG_9536.JPG,"37.181762, -122.3939878",2026-05-23 15:42:31,3,0.7489773035049438,5.76,,,,0,
IMG_9537.JPG,"37.181762, -122.3939878",2026-05-23 15:42:52,2,0.9964566826820374,8.879,,,,0,
IMG_9538.JPG,"37.181762, -122.3939878",2026-05-23 15:43:06,2,0.9937765598297119,5.441,,,,0,
IMG_9539.JPG,"37.181762, -122.3939878",2026-05-23 15:43:52,8,0.9930262565612793,5.569,,,,0,
IMG_9540.JPG,"37.181762, -122.3939878",2026-05-23 15:43:59,1,0.9985842704772949,6.715,,,California Gull (Adult),0.475,California Gull (Adult) (47.49%) | Western Gull (Adult) (37.62%) | Herring Gull (Adult) (8.61%) | Great Black-backed Gull (Adult) (5.90%) | Glaucous-winged Gull (Adult) (0.14%)
IMG_9541.JPG,"37.181762, -122.3939878",2026-05-23 15:44:00,1,0.9959665536880493,5.857,,,California Gull (Adult),0.931,California Gull (Adult) (93.05%) | Great Black-backed Gull (Adult) (3.23%) | Bonaparte's Gull (2.42%) | Herring Gull (Adult) (0.64%) | Cackling Goose (0.18%)
IMG_9542.JPG,"37.181762, -122.3939878",2026-05-23 15:44:02,2,0.995187520980835,7.447,,,,0,
IMG_9543.JPG,"37.181762, -122.3939878",2026-05-23 15:44:05,4,0.9297974109649658,7.871,,,,0,
IMG_9544.JPG,"37.181762, -122.3939878",2026-05-23 15:44:08,1,0.9996285438537598,5.94,,,Great Black-backed Gull (Adult),0.936,Great Black-backed Gull (Adult) (93.61%) | Herring Gull (Adult) (4.03%) | California Gull (Adult) (2.30%) | Western Gull (Adult) (0.01%) | Snowy Egret (0.01%)
IMG_9545.JPG,"37.181762, -122.3939878",2026-05-23 15:44:12,1,0.9994345307350159,6.095,,,California Gull (Adult),0.58,California Gull (Adult) (57.97%) | Western Gull (Adult) (25.70%) | Great Black-backed Gull (Adult) (9.05%) | Herring Gull (Adult) (6.78%) | Mottled Duck (0.27%)
IMG_9546.JPG,"37.181762, -122.3939878",2026-05-23 15:48:51,1,0.9992726445198059,5.45,Gull,Manual: Western Gull,Western Gull (Adult),0.995,Western Gull (Adult) (99.46%) | Great Black-backed Gull (Adult) (0.50%) | Eastern Screech-Owl (0.01%) | Red-shouldered Hawk (Immature) (0.01%) | Herring Gull (Adult) (0.00%)
IMG_9547.JPG,"37.181762, -122.3939878",2026-05-23 15:49:20,1,0.998449444770813,7.64,Gull,Manual: Western Gull,Western Gull (Adult),0.727,Western Gull (Adult) (72.68%) | Great Black-backed Gull (Adult) (26.87%) | Bonaparte's Gull (0.22%) | Mew Gull (0.05%) | Heermann's Gull (Adult) (0.04%)
IMG_9548.JPG,"37.181762, -122.3939878",2026-05-23 15:52:29,2,0.9989088773727417,6.904,,,,0,
IMG_9549.JPG,"37.50697979283803, -121.89762010554989",2026-05-24 14:49:10,1,0.8287830352783203,8.434,Golden Eagle (Adult),Golden Eagle,Golden Eagle (Adult),1.0,Golden Eagle (Adult) (100.00%) | Chihuahuan Raven (0.00%) | Golden Eagle (Immature) (0.00%) | Blue-headed Vireo (0.00%) | Swainson's Hawk (Dark morph ) (0.00%)
IMG_9550.JPG,"37.50697979283803, -121.89762010554989",2026-05-24 14:50:09,1,0.992351233959198,7.654,Golden Eagle (Adult),Golden Eagle (Adult),Golden Eagle (Adult),1.0,"Golden Eagle (Adult) (100.00%) | Northern Harrier (Female, immature) (0.00%) | Rough-legged Hawk (Dark morph) (0.00%) | Bald Eagle (Immature, juvenile) (0.00%) | Chihuahuan Raven (0.00%)"
IMG_9551.JPG,No GPS Data,2026-05-24 14:50:19,0,0,0.0,,Golden Eagle (Adult),,0,
IMG_9552.JPG,"37.50697979283803, -121.89762010554989",2026-05-24 14:50:23,1,0.9988045692443848,7.138,Golden Eagle (Adult),Golden Eagle (Adult),Golden Eagle (Adult),1.0,"Golden Eagle (Adult) (100.00%) | Chihuahuan Raven (0.00%) | Northern Harrier (Female, immature) (0.00%) | Red-tailed Hawk (Dark morph) (0.00%) | Rough-legged Hawk (Dark morph) (0.00%)"
IMG_9553.JPG,No GPS Data,2026-05-24 14:51:17,0,0,0.0,,,,0,
IMG_9554.JPG,"37.50697979283803, -121.89762010554989",2026-05-24 14:51:46,1,0.9979221224784851,6.115,Say's Phoebe,Say's Phoebe,Say's Phoebe,0.999,"Say's Phoebe (99.90%) | Eastern Phoebe (0.10%) | Vermilion Flycatcher (Female, immature) (0.00%) | Cassin's Kingbird (0.00%) | Northern Rough-winged Swallow (0.00%)"
IMG_9555.JPG,"37.50697979283803, -121.89762010554989",2026-05-24 14:52:02,1,0.9982427358627319,6.659,Say's Phoebe,Say's Phoebe,Say's Phoebe,1.0,"Say's Phoebe (100.00%) | Cassin's Kingbird (0.00%) | Vermilion Flycatcher (Female, immature) (0.00%) | Summer Tanager (Female) (0.00%) | Orchard Oriole (Immature Male) (0.00%)"
IMG_9556.JPG,No GPS Data,2026-05-24 14:52:39,0,0,0.0,,,,0,
IMG_9557.JPG,No GPS Data,2026-05-24 14:52:44,0,0,0.0,,,,0,
IMG_9558.JPG,No GPS Data,2026-05-24 14:53:28,0,0,0.0,,,,0,
IMG_9559.JPG,No GPS Data,2026-05-24 14:53:29,0,0,0.0,,,,0,
IMG_9560.JPG,"37.50697979283803, -121.89762010554989",2026-05-24 14:54:19,1,0.9993765950202942,5.796,Western Kingbird,Western Kingbird,Western Kingbird,1.0,Western Kingbird (100.00%) | Great Crested Flycatcher (0.00%) | Cassin's Kingbird (0.00%) | White-crowned Sparrow (Adult) (0.00%) | Eastern Phoebe (0.00%)
IMG_9561.JPG,"37.50697979283803, -121.89762010554989",2026-05-24 14:54:21,1,0.9994425177574158,5.852,Western Kingbird,Western Kingbird,Western Kingbird,1.0,Western Kingbird (99.99%) | Scissor-tailed Flycatcher (0.00%) | Eastern Kingbird (0.00%) | Cassin's Kingbird (0.00%) | Eastern Phoebe (0.00%)
IMG_9563.JPG,"37.50697979283803, -121.89762010554989",2026-05-24 15:00:14,1,0.9943796992301941,10.679,,,Common Raven,0.979,"Common Raven (97.86%) | Double-crested Cormorant (Immature) (1.75%) | Northern Harrier (Female, immature) (0.21%) | Heermann's Gull (Immature) (0.07%) | Tennessee Warbler (0.03%)"
IMG_9564.JPG,"37.50697979283803, -121.89762010554989",2026-05-24 15:00:21,1,0.9969525337219238,6.03,,Manual: Golden Eagle,"Northern Harrier (Female, immature)",0.933,"Northern Harrier (Female, immature) (93.32%) | Bald Eagle (Immature, juvenile) (6.25%) | Great Cormorant (Adult) (0.29%) | Golden Eagle (Adult) (0.10%) | Harris's Hawk (0.01%)"
IMG_9565.JPG,"37.50697979283803, -121.89762010554989",2026-05-24 15:00:27,1,0.9995169639587402,6.632,Golden Eagle,Manual: Golden Eagle,Golden Eagle (Immature),0.728,"Golden Eagle (Immature) (72.84%) | Golden Eagle (Adult) (27.00%) | Swainson's Hawk (Dark morph ) (0.14%) | Harris's Hawk (0.02%) | Northern Harrier (Female, immature) (0.00%)"
IMG_9566.JPG,"37.50697979283803, -121.89762010554989",2026-05-24 15:02:23,1,0.9989970326423645,5.432,Western Kingbird,Western Kingbird,Western Kingbird,1.0,Western Kingbird (100.00%) | Ash-throated Flycatcher (0.00%) | Laughing Gull (Nonbreeding/Immature) (0.00%) | Western Sandpiper (0.00%) | Cassin's Kingbird (0.00%)
IMG_9567.JPG,"37.50697979283803, -121.89762010554989",2026-05-24 15:02:28,1,0.9990301132202148,5.15,Western Kingbird,Western Kingbird,Western Kingbird,1.0,Western Kingbird (100.00%) | Laughing Gull (Nonbreeding/Immature) (0.00%) | Ash-throated Flycatcher (0.00%) | Scissor-tailed Flycatcher (0.00%) | White-crowned Sparrow (Adult) (0.00%)
IMG_9570.JPG,"37.50697979283803, -121.89762010554989",2026-05-24 15:07:49,1,0.9988418221473694,5.609,Western Bluebird,Western Bluebird,Western Bluebird,1.0,Western Bluebird (100.00%) | Gray-crowned Rosy-Finch (0.00%) | Mountain Bluebird (0.00%) | Indigo Bunting (Female/juvenile) (0.00%) | Sharp-shinned Hawk (Adult ) (0.00%)
IMG_9571.JPG,"37.50697979283803, -121.89762010554989",2026-05-24 15:07:54,1,0.9994009733200073,6.215,Western Bluebird,Western Bluebird,Western Bluebird,1.0,Western Bluebird (100.00%) | Northern Rough-winged Swallow (0.00%) | Mountain Bluebird (0.00%) | Black-throated Blue Warbler (Female/Immature male) (0.00%) | Prothonotary Warbler (0.00%)
IMG_9572.JPG,"37.4488329, -122.104454",2026-05-25 09:54:42,1,0.9995303153991699,6.425,Western/Clark's Grebe,Manual: Clark's Grebe,Clark's Grebe,1.0,Clark's Grebe (99.98%) | Western Grebe (0.02%) | Greater Yellowlegs (0.00%) | Horned Grebe (Nonbreeding/juvenile) (0.00%) | Horned Grebe (Breeding) (0.00%)
IMG_9573.JPG,"37.4488329, -122.104454",2026-05-25 09:59:25,1,0.999439537525177,6.221,House Finch (Female/immature),House Finch (Female/immature),House Finch (Female/immature),1.0,House Finch (Female/immature) (100.00%) | Cassin's Finch (Female/immature) (0.00%) | House Finch (Adult Male) (0.00%) | Purple Finch (Female/immature) (0.00%) | Red Crossbill (Female/juvenile) (0.00%)
IMG_9574.JPG,"37.4488329, -122.104454",2026-05-25 09:59:48,1,0.9972375631332397,6.94,Black-necked Stilt,Black-necked Stilt,Black-necked Stilt,1.0,Black-necked Stilt (99.99%) | American Avocet (0.01%) | Western Grebe (0.00%) | Greater Yellowlegs (0.00%) | Western Sandpiper (0.00%)
IMG_9576.JPG,"37.4488329, -122.104454",2026-05-25 10:01:04,1,0.9986959099769592,6.205,Barn Swallow,Barn Swallow,Barn Swallow,1.0,Barn Swallow (100.00%) | Cliff Swallow (0.00%) | Tree Swallow (0.00%) | Swainson's Hawk (Light morph ) (0.00%) | Cave Swallow (0.00%)
IMG_9577.JPG,"37.4488329, -122.104454",2026-05-25 10:01:08,1,0.9970406889915466,7.428,Barn Swallow,Barn Swallow,Barn Swallow,1.0,Barn Swallow (100.00%) | Cliff Swallow (0.00%) | Tree Swallow (0.00%) | Red-headed Woodpecker (Adult) (0.00%) | Boat-tailed Grackle (0.00%)
IMG_9578.JPG,"37.4488329, -122.104454",2026-05-25 10:01:22,1,0.9983291029930115,5.926,Barn Swallow,Barn Swallow,Barn Swallow,1.0,Barn Swallow (100.00%) | Tree Swallow (0.00%) | Cliff Swallow (0.00%) | Purple Martin (Female/juvenile) (0.00%) | Vaux's Swift (0.00%)
IMG_9579.JPG,"37.4488329, -122.104454",2026-05-25 10:01:26,1,0.9991710186004639,5.931,Barn Swallow,Barn Swallow,Barn Swallow,1.0,Barn Swallow (100.00%) | Purple Martin (Female/juvenile) (0.00%) | Tree Swallow (0.00%) | Cliff Swallow (0.00%) | Purple Martin (Adult male) (0.00%)
IMG_9580.JPG,"37.4488329, -122.104454",2026-05-25 10:01:39,1,0.9993938207626343,5.717,Barn Swallow,Barn Swallow,Barn Swallow,1.0,Barn Swallow (100.00%) | Tree Swallow (0.00%) | Cliff Swallow (0.00%) | Purple Martin (Adult male) (0.00%) | Purple Martin (Female/juvenile) (0.00%)
IMG_9581.JPG,"37.4488329, -122.104454",2026-05-25 10:01:41,1,0.999392032623291,5.596,Barn Swallow,Barn Swallow,Barn Swallow,1.0,Barn Swallow (100.00%) | Cliff Swallow (0.00%) | Boat-tailed Grackle (0.00%) | Eastern Bluebird (0.00%) | Tree Swallow (0.00%)
IMG_9582.JPG,"37.4488329, -122.104454",2026-05-25 10:01:44,1,0.9991255402565002,5.397,Barn Swallow,Barn Swallow,Barn Swallow,1.0,Barn Swallow (100.00%) | Tree Swallow (0.00%) | Cliff Swallow (0.00%) | Purple Martin (Adult male) (0.00%) | Boat-tailed Grackle (0.00%)
IMG_9583.JPG,"37.4488329, -122.104454",2026-05-25 10:01:45,1,0.9982001781463623,5.741,Barn Swallow,Barn Swallow,Barn Swallow,1.0,Barn Swallow (100.00%) | Boat-tailed Grackle (0.00%) | Eastern Bluebird (0.00%) | Cliff Swallow (0.00%) | Varied Thrush (0.00%)
IMG_9584.JPG,"37.4488329, -122.104454",2026-05-25 10:01:48,1,0.9991464614868164,5.961,Barn Swallow,Barn Swallow,Barn Swallow,1.0,Barn Swallow (100.00%) | Tree Swallow (0.00%) | Cliff Swallow (0.00%) | Purple Martin (Adult male) (0.00%) | Purple Martin (Female/juvenile) (0.00%)
IMG_9585.JPG,"37.4488329, -122.104454",2026-05-25 10:02:04,1,0.9996861219406128,5.065,Barn Swallow,Barn Swallow,Barn Swallow,1.0,Barn Swallow (100.00%) | Boat-tailed Grackle (0.00%) | Cliff Swallow (0.00%) | Tree Swallow (0.00%) | Purple Martin (Adult male) (0.00%)
IMG_9587.JPG,"37.4488329, -122.104454",2026-05-25 10:02:22,1,0.9993008375167847,5.576,House Finch (Adult Male),House Finch (Adult Male),House Finch (Adult Male),1.0,House Finch (Adult Male) (100.00%) | Fox Sparrow (Red) (0.00%) | Common Redpoll (0.00%) | House Finch (Female/immature) (0.00%) | Purple Finch (Adult Male) (0.00%)
IMG_9588.JPG,"37.4488329, -122.104454",2026-05-25 10:02:32,1,0.9991291165351868,6.754,House Finch (Adult Male),House Finch (Adult Male),House Finch (Adult Male),1.0,House Finch (Adult Male) (100.00%) | Fox Sparrow (Red) (0.00%) | Purple Finch (Adult Male) (0.00%) | House Finch (Female/immature) (0.00%) | Blue Grosbeak (Female/juvenile) (0.00%)
IMG_9589.JPG,"37.4488329, -122.104454",2026-05-25 10:02:33,1,0.9989951252937317,6.637,House Finch (Adult Male),House Finch (Adult Male),House Finch (Adult Male),1.0,House Finch (Adult Male) (100.00%) | Fox Sparrow (Red) (0.00%) | Purple Finch (Adult Male) (0.00%) | Common Redpoll (0.00%) | House Finch (Female/immature) (0.00%)
IMG_9590.JPG,"37.4488329, -122.104454",2026-05-25 10:02:36,1,0.9986664056777954,6.243,House Finch (Adult Male),House Finch (Adult Male),House Finch (Adult Male),1.0,House Finch (Adult Male) (100.00%) | Fox Sparrow (Red) (0.00%) | Purple Finch (Adult Male) (0.00%) | Common Redpoll (0.00%) | House Finch (Female/immature) (0.00%)
IMG_9591.JPG,"37.4488329, -122.104454",2026-05-25 10:06:40,1,0.9994049072265625,5.699,Song Sparrow,Song Sparrow,Song Sparrow,1.0,Song Sparrow (100.00%) | Lark Bunting (Female/Nonbreeding male) (0.00%) | Savannah Sparrow (0.00%) | Nuttall's Woodpecker (0.00%) | Calliope Hummingbird (Adult Male) (0.00%)
IMG_9593.JPG,"37.4488329, -122.104454",2026-05-25 10:06:53,1,0.9995255470275879,4.528,Song Sparrow,Song Sparrow,Song Sparrow,1.0,Song Sparrow (100.00%) | Fox Sparrow (Red) (0.00%) | Lark Bunting (Female/Nonbreeding male) (0.00%) | Red-winged Blackbird (Female/juvenile) (0.00%) | White-throated Sparrow (Tan-striped/immature) (0.00%)
IMG_9594.JPG,No GPS Data,2026-05-25 10:14:11,0,0,0.0,,,,0,
IMG_9595.JPG,"37.4488329, -122.104454",2026-05-25 10:18:22,2,0.9944249391555786,7.414,,,,0,
IMG_9597.JPG,"37.4488329, -122.104454",2026-05-25 10:20:43,1,0.9992307424545288,6.456,,,Canada Goose,0.794,Canada Goose (79.37%) | Cackling Goose (17.97%) | Horned Grebe (Nonbreeding/juvenile) (1.05%) | Ruby-throated Hummingbird (Adult Male) (0.65%) | Great Horned Owl (0.25%)
IMG_9599.JPG,"37.4488329, -122.104454",2026-05-25 10:21:09,2,0.9988487958908081,9.501,,,,0,
IMG_9600.JPG,"37.4488329, -122.104454",2026-05-25 10:21:11,2,0.9985119700431824,8.342,,,,0,
IMG_9601.JPG,"37.4488329, -122.104454",2026-05-25 10:22:22,2,0.9840258955955505,8.067,,,,0,
IMG_9603.JPG,"37.4488329, -122.104454",2026-05-25 10:24:20,2,0.9903501868247986,7.028,,,,0,
IMG_9604.JPG,"37.4488329, -122.104454",2026-05-25 10:25:58,3,0.9789299368858337,5.164,,,,0,
IMG_9605.JPG,"37.4488329, -122.104454",2026-05-25 10:27:01,2,0.9654316902160645,6.819,,Song Sparrow,,0,
IMG_9607.JPG,"37.4488329, -122.104454",2026-05-25 10:44:16,1,0.997227132320404,5.062,Lesser Goldfinch,Lesser Goldfinch,Lesser Goldfinch (Adult Male),0.816,"Lesser Goldfinch (Adult Male) (81.63%) | Lesser Goldfinch (Female/juvenile) (18.37%) | Bay-breasted Warbler (Female, Nonbreeding male, Immature) (0.01%) | White-winged Crossbill (Female/juvenile) (0.00%) | Townsend's Warbler (0.00%)"
IMG_9608.JPG,"37.4488329, -122.104454",2026-05-25 10:46:23,1,0.9936572909355164,6.07,Song Sparrow,Song Sparrow,Song Sparrow,1.0,Song Sparrow (100.00%) | Calliope Hummingbird (Adult Male) (0.00%) | Fox Sparrow (Thick-billed/Slate-colored) (0.00%) | Northern Pygmy-Owl (0.00%) | White-throated Sparrow (Tan-striped/immature) (0.00%)
IMG_9609.JPG,"37.4488329, -122.104454",2026-05-25 10:46:28,1,0.9972714781761169,6.781,Song Sparrow,Song Sparrow,Song Sparrow,1.0,Song Sparrow (100.00%) | White-throated Sparrow (Tan-striped/immature) (0.00%) | Calliope Hummingbird (Adult Male) (0.00%) | Fox Sparrow (Thick-billed/Slate-colored) (0.00%) | Savannah Sparrow (0.00%)
IMG_9610.JPG,No GPS Data,2026-05-25 11:04:15,0,0,0.0,,,,0,
IMG_9611.JPG,"37.4488329, -122.104454",2026-05-25 11:11:39,1,0.9993427395820618,5.89,,,European Starling (Juvenile),0.555,European Starling (Juvenile) (55.54%) | Brewer's Blackbird (Female/Juvenile) (39.44%) | Brown-headed Cowbird (Female/Juvenile) (4.03%) | Swainson's Thrush (0.91%) | Blue Grosbeak (Adult Male) (0.02%)
IMG_9614.JPG,"37.4488329, -122.104454",2026-05-25 11:12:13,1,0.9994576573371887,6.457,,,Brown-headed Cowbird (Male),0.904,Brown-headed Cowbird (Male) (90.43%) | Brewer's Blackbird (Female/Juvenile) (9.57%) | Boat-tailed Grackle (0.00%) | Fish Crow (0.00%) | Lesser Scaup (Female/Eclipse male) (0.00%)
IMG_9615.JPG,"37.4488329, -122.104454",2026-05-25 11:13:45,1,0.9987346529960632,6.567,Black-necked Stilt,Black-necked Stilt,Black-necked Stilt,1.0,Black-necked Stilt (100.00%) | Ross's Goose (0.00%) | Black Skimmer (0.00%) | Great Black-backed Gull (Adult) (0.00%) | Ring-necked Duck (Breeding male) (0.00%)
Loon1.JPG,"37.5562551, -122.2451359",2024-02-24 11:15:57,1,0.9995540976524353,5.875,,,Common Loon (Nonbreeding/juvenile),0.508,Common Loon (Nonbreeding/juvenile) (50.81%) | Red-throated Loon (Nonbreeding/juvenile) (35.69%) | Pacific Loon (Nonbreeding/juvenile) (13.49%) | Pacific Loon (Breeding) (0.00%) | Dark-eyed Junco (Slate-colored) (0.00%)
Loon2.JPG,"37.5562551, -122.2451359",2024-02-24 11:16:05,1,0.998325765132904,4.439,Red-throated Loon (Nonbreeding/juvenile),Red-throated Loon (Nonbreeding/juvenile),Red-throated Loon (Nonbreeding/juvenile),0.996,Red-throated Loon (Nonbreeding/juvenile) (99.55%) | Common Loon (Nonbreeding/juvenile) (0.24%) | Pacific Loon (Nonbreeding/juvenile) (0.19%) | Greater Yellowlegs (0.01%) | Red-tailed Hawk (Light morph immature) (0.01%)
Loon3.JPG,"37.5562551, -122.2451359",2024-02-24 11:34:39,1,0.9991546869277954,3.631,Red-throated Loon (Nonbreeding/juvenile),Red-throated Loon (Nonbreeding/juvenile),Red-throated Loon (Nonbreeding/juvenile),1.0,Red-throated Loon (Nonbreeding/juvenile) (99.99%) | Common Loon (Nonbreeding/juvenile) (0.01%) | Red-throated Loon (Breeding) (0.00%) | Pacific Loon (Nonbreeding/juvenile) (0.00%) | Clark's Grebe (0.00%)
Loon4.JPG,"37.5562551, -122.2451359",2024-02-24 11:35:36,1,0.9893044233322144,3.857,Red-throated Loon (Nonbreeding/juvenile),Red-throated Loon (Nonbreeding/juvenile),Red-throated Loon (Nonbreeding/juvenile),1.0,Red-throated Loon (Nonbreeding/juvenile) (99.96%) | Long-tailed Duck (Female/juvenile) (0.01%) | Wood Duck (Female/Eclipse male) (0.01%) | Pacific Loon (Nonbreeding/juvenile) (0.01%) | Common Loon (Nonbreeding/juvenile) (0.00%)
Mallard.JPG,"37.57343143513358, -122.30113333736378",2024-02-16 17:41:49,2,0.7851074934005737,5.542,,,,0,
Mallard3.JPG,"37.52972372365688, -122.26784258663605",2024-03-09 10:54:52,2,0.9023874402046204,7.28,,,,0,
MallardFly.JPG,"37.118462, -122.3069824",2024-04-10 10:28:29,2,0.9986382126808167,6.655,,,,0,
NorthernHarrier1.JPG,"37.5562551, -122.2451359",2024-03-30 10:26:16,1,0.9986125230789185,6.826,,,Rough-legged Hawk (Light morph),0.526,"Rough-legged Hawk (Light morph) (52.56%) | Northern Harrier (Female, immature) (42.98%) | Northern Harrier (Adult male) (1.49%) | Harris's Sparrow (Immature) (0.67%) | Herring Gull (Immature) (0.55%)"
NorthernHarrier2.JPG,"37.5562551, -122.2451359",2024-03-30 10:26:20,1,0.9969837069511414,6.538,"Northern Harrier (Female, immature)","Northern Harrier (Female, immature)","Northern Harrier (Female, immature)",1.0,"Northern Harrier (Female, immature) (99.99%) | Rough-legged Hawk (Light morph) (0.00%) | Allen's Hummingbird (Female, immature) (0.00%) | Burrowing Owl (0.00%) | Red-shouldered Hawk (Immature) (0.00%)"
NorthernHarrier3.JPG,"37.5562551, -122.2451359",2024-03-30 10:26:22,1,0.999549925327301,11.019,,"Northern Harrier (Female, immature)","Northern Harrier (Female, immature)",0.903,"Northern Harrier (Female, immature) (90.31%) | Cassin's Kingbird (8.65%) | Hermit Thrush (0.64%) | House Wren (0.23%) | Cactus Wren (0.04%)"
NorthernHarrier4.JPG,"37.5562551, -122.2451359",2024-03-30 10:26:26,1,0.9966310858726501,6.912,"Northern Harrier (Female, immature)","Northern Harrier (Female, immature)","Northern Harrier (Female, immature)",1.0,"Northern Harrier (Female, immature) (100.00%) | Sharp-shinned Hawk (Immature) (0.00%) | Red-shouldered Hawk (Immature) (0.00%) | Barn Owl (0.00%) | Cooper's Hawk (Adult) (0.00%)"
NorthernHarrier5.JPG,"37.5562551, -122.2451359",2024-03-30 10:26:28,2,0.9580259919166565,9.029,,,,0,
NorthernShovler.JPG,"37.52972372365688, -122.26784258663605",2024-03-09 10:57:23,1,0.9984024167060852,3.742,Northern Shoveler (Breeding male),Northern Shoveler (Breeding male),Northern Shoveler (Breeding male),1.0,Northern Shoveler (Breeding male) (100.00%) | American Wigeon (Breeding male) (0.00%) | Cinnamon Teal (Male) (0.00%) | Common Goldeneye (Breeding male) (0.00%) | Blue-winged Teal (Male) (0.00%)
Osprey.JPG,"26.118742, -97.169901",2024-12-23 13:28:18,1,0.9981791973114014,8.169,,,Osprey,0.702,"Osprey (70.23%) | Red-tailed Hawk (Light morph immature) (9.00%) | Black-chinned Hummingbird (Female, immature) (6.04%) | Swainson's Hawk (Light morph ) (5.14%) | Eastern Kingbird (3.71%)"
Raven.JPG,"37.118462, -122.3069824",2024-04-10 11:57:34,1,0.9992300271987915,6.218,,,Common Raven,0.978,"Common Raven (97.76%) | Chihuahuan Raven (2.21%) | Fish Crow (0.03%) | American Crow (0.00%) | Costa's Hummingbird (Female, immature) (0.00%)"
SnowyEgret.JPG,"37.6479509, -122.1448696",2024-02-26 10:56:41,1,0.9992514252662659,5.641,Snowy Egret,Snowy Egret,Snowy Egret,1.0,Snowy Egret (100.00%) | Great Egret (0.00%) | Little Blue Heron (Immature) (0.00%) | Cattle Egret (0.00%) | Reddish Egret (White morph) (0.00%)
SnowyEgret2.JPG,"37.5655327, -122.2935094",2024-03-16 10:03:47,1,0.9991657733917236,5.12,Snowy Egret,Snowy Egret,Snowy Egret,1.0,Snowy Egret (100.00%) | Reddish Egret (White morph) (0.00%) | Little Blue Heron (Immature) (0.00%) | Juniper Titmouse (0.00%) | Great Egret (0.00%)
SnowyEgret3.JPG,"37.5655327, -122.2935094",2024-03-16 10:03:58,1,0.9994063377380371,3.846,Snowy Egret,Snowy Egret,Snowy Egret,1.0,Snowy Egret (100.00%) | Little Blue Heron (Immature) (0.00%) | Reddish Egret (White morph) (0.00%) | Great Egret (0.00%) | Eastern Meadowlark (0.00%)
SnowyEgret4.JPG,"37.5562551, -122.2451359",2024-03-30 11:00:34,1,0.9994276165962219,5.092,Snowy Egret,Snowy Egret,Snowy Egret,1.0,Snowy Egret (100.00%) | Reddish Egret (White morph) (0.00%) | Great Egret (0.00%) | Reddish Egret (Dark morph) (0.00%) | Cattle Egret (0.00%)
SurfScoter.JPG,"37.531593, -122.073349",2024-02-18 12:41:25,1,0.9981833100318909,6.481,Surf Scoter (Male),Surf Scoter (Male),Surf Scoter (Male),1.0,Surf Scoter (Male) (100.00%) | Harlequin Duck (Male) (0.00%) | White-winged Scoter (Male) (0.00%) | Surf Scoter (Female/immature) (0.00%) | Greater Scaup (Breeding male) (0.00%)
SurfScoter2.JPG,No GPS Data,2024-02-18 12:41:29,0,0,0.0,,,,0,
SurfScoter3.JPG,No GPS Data,2024-02-24 10:41:34,0,0,0.0,,,,0,
WesternBlueBird.JPG,"37.52972372365688, -122.26784258663605",2024-03-09 11:18:16,1,0.9990851879119873,4.428,Western Bluebird,Western Bluebird,Western Bluebird,1.0,Western Bluebird (100.00%) | Eastern Bluebird (0.00%) | Yellow-rumped Warbler (Winter/juvenile Audubon's) (0.00%) | Red-headed Woodpecker (Adult) (0.00%) | Western Scrub-Jay (0.00%)
WesternBluebird2.JPG,"37.52972372365688, -122.26784258663605",2024-03-09 11:18:19,1,0.9984971284866333,4.027,Western Bluebird,Western Bluebird,Western Bluebird,0.999,"Western Bluebird (99.93%) | Eastern Bluebird (0.07%) | Broad-tailed Hummingbird (Female, immature) (0.00%) | Yellow-rumped Warbler (Winter/juvenile Audubon's) (0.00%) | Red-headed Woodpecker (Adult) (0.00%)"
WesternBluebird3.JPG,"37.52972372365688, -122.26784258663605",2024-03-09 11:18:44,1,0.9994441866874695,4.474,Western Bluebird,Western Bluebird,Western Bluebird,1.0,Western Bluebird (100.00%) | Mountain Bluebird (0.00%) | Eastern Bluebird (0.00%) | Western Sandpiper (0.00%) | Sharp-shinned Hawk (Adult ) (0.00%)
WesternGrebe.JPG,"37.6479509, -122.1448696",2024-02-26 08:52:51,1,0.9987286925315857,4.853,Western/Clark's Grebe,Manual: Western Grebe,Western Grebe,0.992,Western Grebe (99.18%) | Clark's Grebe (0.82%) | Red-necked Grebe (Breeding) (0.00%) | Greater Yellowlegs (0.00%) | Golden-crowned Sparrow (Adult) (0.00%)
WesternGull.JPG,"37.76741234367663, -122.48179045598403",2024-01-15 12:28:40,2,0.9948607087135315,6.379,,Manual: Western Gull,,0,
